CREATE TABLE bookclubs (
    clubid      SERIAL PRIMARY KEY,
    name        VARCHAR(255),
    description TEXT,
    creatorid   INT,
    created_at  TIMESTAMP DEFAULT CURRENT_TIMESTAMP,
    FOREIGN KEY (creatorid) REFERENCES users(userid)
);

CREATE TABLE bookclub_creators (
    clubid    INT PRIMARY KEY,
    userid    INT,
    created_at TIMESTAMP DEFAULT CURRENT_TIMESTAMP,
    FOREIGN KEY (clubid) REFERENCES bookclubs(clubid) ON DELETE CASCADE,
    FOREIGN KEY (userid) REFERENCES users(userid)     ON DELETE CASCADE
);

CREATE TABLE bookclub_members (
    clubid    INT,
    userid    INT,
    joined_at TIMESTAMP DEFAULT CURRENT_TIMESTAMP,
    PRIMARY KEY (clubid, userid),
    FOREIGN KEY (clubid) REFERENCES bookclubs(clubid) ON DELETE CASCADE,
    FOREIGN KEY (userid) REFERENCES users(userid)     ON DELETE CASCADE
);

CREATE TABLE bookclub_reads (
    clubid     INT,
    bookid     INT,
    start_date DATE,
    end_date   DATE,
    is_current BOOLEAN DEFAULT TRUE,
    PRIMARY KEY (clubid, bookid),
    FOREIGN KEY (clubid) REFERENCES bookclubs(clubid) ON DELETE CASCADE,
    FOREIGN KEY (bookid) REFERENCES books(bookid)     ON DELETE CASCADE
);



INSERT INTO bookclubs (clubid, name, description, creatorid) VALUES (134, 'Book Club 1', 'This is the description for Book Club 1.', 146);
INSERT INTO bookclub_creators (clubid, userid) VALUES (134, 146);
INSERT INTO bookclub_members (clubid, userid) VALUES (134, 194);
INSERT INTO bookclub_members (clubid, userid) VALUES (134, 67);
INSERT INTO bookclub_members (clubid, userid) VALUES (134, 4);
INSERT INTO bookclub_members (clubid, userid) VALUES (134, 197);
INSERT INTO bookclub_members (clubid, userid) VALUES (134, 422);
INSERT INTO bookclub_members (clubid, userid) VALUES (134, 101);
INSERT INTO bookclub_members (clubid, userid) VALUES (134, 169);
INSERT INTO bookclub_members (clubid, userid) VALUES (134, 234);
INSERT INTO bookclub_members (clubid, userid) VALUES (134, 366);
INSERT INTO bookclub_members (clubid, userid) VALUES (134, 240);
INSERT INTO bookclub_members (clubid, userid) VALUES (134, 146);
INSERT INTO bookclub_members (clubid, userid) VALUES (134, 213);
INSERT INTO bookclub_members (clubid, userid) VALUES (134, 310);
INSERT INTO bookclub_members (clubid, userid) VALUES (134, 277);
INSERT INTO bookclub_members (clubid, userid) VALUES (134, 442);
INSERT INTO bookclub_members (clubid, userid) VALUES (134, 285);
INSERT INTO bookclub_members (clubid, userid) VALUES (134, 190);
INSERT INTO bookclub_members (clubid, userid) VALUES (134, 223);
INSERT INTO bookclub_reads (clubid, bookid, start_date, end_date, is_current) VALUES (134, 251, '2025-06-17', '2025-08-17', TRUE);
INSERT INTO bookclub_reads (clubid, bookid, start_date, end_date, is_current) VALUES (134, 534, '2025-06-11', '2025-07-31', TRUE);
INSERT INTO bookclub_reads (clubid, bookid, start_date, end_date, is_current) VALUES (134, 359, '2025-06-17', '2025-07-28', TRUE);
INSERT INTO bookclub_reads (clubid, bookid, start_date, end_date, is_current) VALUES (134, 444, '2025-02-15', '2025-03-17', FALSE);
INSERT INTO bookclub_reads (clubid, bookid, start_date, end_date, is_current) VALUES (134, 156, '2025-01-23', '2025-02-22', FALSE);
INSERT INTO bookclub_reads (clubid, bookid, start_date, end_date, is_current) VALUES (134, 213, '2025-04-22', '2025-05-22', FALSE);
INSERT INTO bookclub_reads (clubid, bookid, start_date, end_date, is_current) VALUES (134, 478, '2024-12-15', '2025-01-14', FALSE);
INSERT INTO bookclub_reads (clubid, bookid, start_date, end_date, is_current) VALUES (134, 155, '2025-04-02', '2025-05-02', FALSE);
INSERT INTO bookclub_reads (clubid, bookid, start_date, end_date, is_current) VALUES (134, 446, '2025-03-29', '2025-04-28', FALSE);
INSERT INTO bookclub_reads (clubid, bookid, start_date, end_date, is_current) VALUES (134, 59, '2024-12-31', '2025-01-30', FALSE);
INSERT INTO bookclub_reads (clubid, bookid, start_date, end_date, is_current) VALUES (134, 663, '2025-01-08', '2025-02-07', FALSE);
INSERT INTO bookclub_reads (clubid, bookid, start_date, end_date, is_current) VALUES (134, 888, '2025-03-02', '2025-04-01', FALSE);
INSERT INTO bookclub_reads (clubid, bookid, start_date, end_date, is_current) VALUES (134, 216, '2025-03-25', '2025-04-24', FALSE);
INSERT INTO bookclub_reads (clubid, bookid, start_date, end_date, is_current) VALUES (134, 135, '2024-12-20', '2025-01-19', FALSE);
INSERT INTO bookclub_reads (clubid, bookid, start_date, end_date, is_current) VALUES (134, 204, '2024-12-15', '2025-01-14', FALSE);
INSERT INTO bookclub_reads (clubid, bookid, start_date, end_date, is_current) VALUES (134, 413, '2025-05-20', '2025-06-19', FALSE);
INSERT INTO bookclub_reads (clubid, bookid, start_date, end_date, is_current) VALUES (134, 816, '2025-02-02', '2025-03-04', FALSE);
INSERT INTO bookclub_reads (clubid, bookid, start_date, end_date, is_current) VALUES (134, 91, '2025-05-21', '2025-06-20', FALSE);

INSERT INTO bookclubs (clubid, name, description, creatorid) VALUES (135, 'Book Club 2', 'This is the description for Book Club 2.', 426);
INSERT INTO bookclub_creators (clubid, userid) VALUES (135, 426);
INSERT INTO bookclub_members (clubid, userid) VALUES (135, 426);
INSERT INTO bookclub_members (clubid, userid) VALUES (135, 205);
INSERT INTO bookclub_members (clubid, userid) VALUES (135, 431);
INSERT INTO bookclub_members (clubid, userid) VALUES (135, 242);
INSERT INTO bookclub_members (clubid, userid) VALUES (135, 343);
INSERT INTO bookclub_members (clubid, userid) VALUES (135, 409);
INSERT INTO bookclub_members (clubid, userid) VALUES (135, 348);
INSERT INTO bookclub_reads (clubid, bookid, start_date, end_date, is_current) VALUES (135, 30, '2025-06-29', '2025-08-12', TRUE);
INSERT INTO bookclub_reads (clubid, bookid, start_date, end_date, is_current) VALUES (135, 180, '2024-12-11', '2025-01-10', FALSE);
INSERT INTO bookclub_reads (clubid, bookid, start_date, end_date, is_current) VALUES (135, 16, '2025-03-10', '2025-04-09', FALSE);
INSERT INTO bookclub_reads (clubid, bookid, start_date, end_date, is_current) VALUES (135, 72, '2025-03-23', '2025-04-22', FALSE);
INSERT INTO bookclub_reads (clubid, bookid, start_date, end_date, is_current) VALUES (135, 871, '2025-04-11', '2025-05-11', FALSE);
INSERT INTO bookclub_reads (clubid, bookid, start_date, end_date, is_current) VALUES (135, 826, '2025-02-19', '2025-03-21', FALSE);
INSERT INTO bookclub_reads (clubid, bookid, start_date, end_date, is_current) VALUES (135, 277, '2025-01-19', '2025-02-18', FALSE);

INSERT INTO bookclubs (clubid, name, description, creatorid) VALUES (136, 'Book Club 3', 'This is the description for Book Club 3.', 378);
INSERT INTO bookclub_creators (clubid, userid) VALUES (136, 378);
INSERT INTO bookclub_members (clubid, userid) VALUES (136, 71);
INSERT INTO bookclub_members (clubid, userid) VALUES (136, 39);
INSERT INTO bookclub_members (clubid, userid) VALUES (136, 9);
INSERT INTO bookclub_members (clubid, userid) VALUES (136, 170);
INSERT INTO bookclub_members (clubid, userid) VALUES (136, 43);
INSERT INTO bookclub_members (clubid, userid) VALUES (136, 108);
INSERT INTO bookclub_members (clubid, userid) VALUES (136, 333);
INSERT INTO bookclub_members (clubid, userid) VALUES (136, 211);
INSERT INTO bookclub_members (clubid, userid) VALUES (136, 243);
INSERT INTO bookclub_members (clubid, userid) VALUES (136, 157);
INSERT INTO bookclub_members (clubid, userid) VALUES (136, 246);
INSERT INTO bookclub_members (clubid, userid) VALUES (136, 280);
INSERT INTO bookclub_members (clubid, userid) VALUES (136, 377);
INSERT INTO bookclub_members (clubid, userid) VALUES (136, 378);
INSERT INTO bookclub_members (clubid, userid) VALUES (136, 124);
INSERT INTO bookclub_members (clubid, userid) VALUES (136, 189);
INSERT INTO bookclub_members (clubid, userid) VALUES (136, 184);
INSERT INTO bookclub_members (clubid, userid) VALUES (136, 319);
INSERT INTO bookclub_reads (clubid, bookid, start_date, end_date, is_current) VALUES (136, 447, '2025-07-04', '2025-07-29', TRUE);
INSERT INTO bookclub_reads (clubid, bookid, start_date, end_date, is_current) VALUES (136, 406, '2025-06-12', '2025-08-18', TRUE);
INSERT INTO bookclub_reads (clubid, bookid, start_date, end_date, is_current) VALUES (136, 251, '2025-06-12', '2025-08-03', TRUE);
INSERT INTO bookclub_reads (clubid, bookid, start_date, end_date, is_current) VALUES (136, 1005, '2024-12-22', '2025-01-21', FALSE);
INSERT INTO bookclub_reads (clubid, bookid, start_date, end_date, is_current) VALUES (136, 85, '2024-12-13', '2025-01-12', FALSE);
INSERT INTO bookclub_reads (clubid, bookid, start_date, end_date, is_current) VALUES (136, 842, '2025-01-14', '2025-02-13', FALSE);
INSERT INTO bookclub_reads (clubid, bookid, start_date, end_date, is_current) VALUES (136, 670, '2025-03-18', '2025-04-17', FALSE);
INSERT INTO bookclub_reads (clubid, bookid, start_date, end_date, is_current) VALUES (136, 92, '2025-02-12', '2025-03-14', FALSE);
INSERT INTO bookclub_reads (clubid, bookid, start_date, end_date, is_current) VALUES (136, 237, '2025-01-04', '2025-02-03', FALSE);
INSERT INTO bookclub_reads (clubid, bookid, start_date, end_date, is_current) VALUES (136, 348, '2025-06-01', '2025-07-01', FALSE);
INSERT INTO bookclub_reads (clubid, bookid, start_date, end_date, is_current) VALUES (136, 156, '2025-05-31', '2025-06-30', FALSE);

INSERT INTO bookclubs (clubid, name, description, creatorid) VALUES (137, 'Book Club 4', 'This is the description for Book Club 4.', 113);
INSERT INTO bookclub_creators (clubid, userid) VALUES (137, 113);
INSERT INTO bookclub_members (clubid, userid) VALUES (137, 425);
INSERT INTO bookclub_members (clubid, userid) VALUES (137, 10);
INSERT INTO bookclub_members (clubid, userid) VALUES (137, 346);
INSERT INTO bookclub_members (clubid, userid) VALUES (137, 110);
INSERT INTO bookclub_members (clubid, userid) VALUES (137, 17);
INSERT INTO bookclub_members (clubid, userid) VALUES (137, 113);
INSERT INTO bookclub_members (clubid, userid) VALUES (137, 56);
INSERT INTO bookclub_members (clubid, userid) VALUES (137, 442);
INSERT INTO bookclub_members (clubid, userid) VALUES (137, 187);
INSERT INTO bookclub_members (clubid, userid) VALUES (137, 350);
INSERT INTO bookclub_reads (clubid, bookid, start_date, end_date, is_current) VALUES (137, 834, '2025-06-23', '2025-08-22', TRUE);
INSERT INTO bookclub_reads (clubid, bookid, start_date, end_date, is_current) VALUES (137, 941, '2025-07-02', '2025-07-27', TRUE);
INSERT INTO bookclub_reads (clubid, bookid, start_date, end_date, is_current) VALUES (137, 703, '2025-06-27', '2025-08-04', TRUE);
INSERT INTO bookclub_reads (clubid, bookid, start_date, end_date, is_current) VALUES (137, 324, '2024-12-21', '2025-01-20', FALSE);
INSERT INTO bookclub_reads (clubid, bookid, start_date, end_date, is_current) VALUES (137, 34, '2024-12-17', '2025-01-16', FALSE);
INSERT INTO bookclub_reads (clubid, bookid, start_date, end_date, is_current) VALUES (137, 13, '2025-04-18', '2025-05-18', FALSE);
INSERT INTO bookclub_reads (clubid, bookid, start_date, end_date, is_current) VALUES (137, 980, '2025-01-07', '2025-02-06', FALSE);
INSERT INTO bookclub_reads (clubid, bookid, start_date, end_date, is_current) VALUES (137, 302, '2025-01-19', '2025-02-18', FALSE);
INSERT INTO bookclub_reads (clubid, bookid, start_date, end_date, is_current) VALUES (137, 163, '2025-02-01', '2025-03-03', FALSE);
INSERT INTO bookclub_reads (clubid, bookid, start_date, end_date, is_current) VALUES (137, 165, '2025-04-16', '2025-05-16', FALSE);
INSERT INTO bookclub_reads (clubid, bookid, start_date, end_date, is_current) VALUES (137, 669, '2025-01-18', '2025-02-17', FALSE);
INSERT INTO bookclub_reads (clubid, bookid, start_date, end_date, is_current) VALUES (137, 872, '2025-02-10', '2025-03-12', FALSE);
INSERT INTO bookclub_reads (clubid, bookid, start_date, end_date, is_current) VALUES (137, 24, '2025-03-21', '2025-04-20', FALSE);
INSERT INTO bookclub_reads (clubid, bookid, start_date, end_date, is_current) VALUES (137, 37, '2025-03-18', '2025-04-17', FALSE);
INSERT INTO bookclub_reads (clubid, bookid, start_date, end_date, is_current) VALUES (137, 765, '2025-04-21', '2025-05-21', FALSE);
INSERT INTO bookclub_reads (clubid, bookid, start_date, end_date, is_current) VALUES (137, 416, '2024-12-13', '2025-01-12', FALSE);

INSERT INTO bookclubs (clubid, name, description, creatorid) VALUES (138, 'Book Club 5', 'This is the description for Book Club 5.', 53);
INSERT INTO bookclub_creators (clubid, userid) VALUES (138, 53);
INSERT INTO bookclub_members (clubid, userid) VALUES (138, 96);
INSERT INTO bookclub_members (clubid, userid) VALUES (138, 439);
INSERT INTO bookclub_members (clubid, userid) VALUES (138, 226);
INSERT INTO bookclub_members (clubid, userid) VALUES (138, 97);
INSERT INTO bookclub_members (clubid, userid) VALUES (138, 388);
INSERT INTO bookclub_members (clubid, userid) VALUES (138, 166);
INSERT INTO bookclub_members (clubid, userid) VALUES (138, 199);
INSERT INTO bookclub_members (clubid, userid) VALUES (138, 105);
INSERT INTO bookclub_members (clubid, userid) VALUES (138, 41);
INSERT INTO bookclub_members (clubid, userid) VALUES (138, 178);
INSERT INTO bookclub_members (clubid, userid) VALUES (138, 275);
INSERT INTO bookclub_members (clubid, userid) VALUES (138, 84);
INSERT INTO bookclub_members (clubid, userid) VALUES (138, 53);
INSERT INTO bookclub_members (clubid, userid) VALUES (138, 342);
INSERT INTO bookclub_members (clubid, userid) VALUES (138, 151);
INSERT INTO bookclub_members (clubid, userid) VALUES (138, 284);
INSERT INTO bookclub_members (clubid, userid) VALUES (138, 286);
INSERT INTO bookclub_reads (clubid, bookid, start_date, end_date, is_current) VALUES (138, 133, '2025-06-22', '2025-07-24', TRUE);
INSERT INTO bookclub_reads (clubid, bookid, start_date, end_date, is_current) VALUES (138, 864, '2025-06-10', '2025-08-17', TRUE);
INSERT INTO bookclub_reads (clubid, bookid, start_date, end_date, is_current) VALUES (138, 251, '2024-12-14', '2025-01-13', FALSE);
INSERT INTO bookclub_reads (clubid, bookid, start_date, end_date, is_current) VALUES (138, 944, '2025-05-18', '2025-06-17', FALSE);
INSERT INTO bookclub_reads (clubid, bookid, start_date, end_date, is_current) VALUES (138, 291, '2025-05-18', '2025-06-17', FALSE);
INSERT INTO bookclub_reads (clubid, bookid, start_date, end_date, is_current) VALUES (138, 61, '2024-12-11', '2025-01-10', FALSE);
INSERT INTO bookclub_reads (clubid, bookid, start_date, end_date, is_current) VALUES (138, 775, '2024-12-16', '2025-01-15', FALSE);
INSERT INTO bookclub_reads (clubid, bookid, start_date, end_date, is_current) VALUES (138, 931, '2025-02-10', '2025-03-12', FALSE);
INSERT INTO bookclub_reads (clubid, bookid, start_date, end_date, is_current) VALUES (138, 1090, '2024-12-13', '2025-01-12', FALSE);
INSERT INTO bookclub_reads (clubid, bookid, start_date, end_date, is_current) VALUES (138, 665, '2025-03-08', '2025-04-07', FALSE);
INSERT INTO bookclub_reads (clubid, bookid, start_date, end_date, is_current) VALUES (138, 299, '2025-01-17', '2025-02-16', FALSE);
INSERT INTO bookclub_reads (clubid, bookid, start_date, end_date, is_current) VALUES (138, 456, '2025-03-26', '2025-04-25', FALSE);
INSERT INTO bookclub_reads (clubid, bookid, start_date, end_date, is_current) VALUES (138, 21, '2025-01-17', '2025-02-16', FALSE);
INSERT INTO bookclub_reads (clubid, bookid, start_date, end_date, is_current) VALUES (138, 129, '2025-02-17', '2025-03-19', FALSE);

INSERT INTO bookclubs (clubid, name, description, creatorid) VALUES (139, 'Book Club 6', 'This is the description for Book Club 6.', 219);
INSERT INTO bookclub_creators (clubid, userid) VALUES (139, 219);
INSERT INTO bookclub_members (clubid, userid) VALUES (139, 1);
INSERT INTO bookclub_members (clubid, userid) VALUES (139, 290);
INSERT INTO bookclub_members (clubid, userid) VALUES (139, 382);
INSERT INTO bookclub_members (clubid, userid) VALUES (139, 260);
INSERT INTO bookclub_members (clubid, userid) VALUES (139, 322);
INSERT INTO bookclub_members (clubid, userid) VALUES (139, 422);
INSERT INTO bookclub_members (clubid, userid) VALUES (139, 6);
INSERT INTO bookclub_members (clubid, userid) VALUES (139, 168);
INSERT INTO bookclub_members (clubid, userid) VALUES (139, 73);
INSERT INTO bookclub_members (clubid, userid) VALUES (139, 262);
INSERT INTO bookclub_members (clubid, userid) VALUES (139, 219);
INSERT INTO bookclub_members (clubid, userid) VALUES (139, 211);
INSERT INTO bookclub_members (clubid, userid) VALUES (139, 405);
INSERT INTO bookclub_members (clubid, userid) VALUES (139, 309);
INSERT INTO bookclub_members (clubid, userid) VALUES (139, 87);
INSERT INTO bookclub_members (clubid, userid) VALUES (139, 62);
INSERT INTO bookclub_members (clubid, userid) VALUES (139, 91);
INSERT INTO bookclub_members (clubid, userid) VALUES (139, 414);
INSERT INTO bookclub_reads (clubid, bookid, start_date, end_date, is_current) VALUES (139, 26, '2025-06-28', '2025-08-15', TRUE);
INSERT INTO bookclub_reads (clubid, bookid, start_date, end_date, is_current) VALUES (139, 539, '2025-07-06', '2025-08-17', TRUE);
INSERT INTO bookclub_reads (clubid, bookid, start_date, end_date, is_current) VALUES (139, 13, '2025-06-22', '2025-07-27', TRUE);
INSERT INTO bookclub_reads (clubid, bookid, start_date, end_date, is_current) VALUES (139, 816, '2025-05-06', '2025-06-05', FALSE);
INSERT INTO bookclub_reads (clubid, bookid, start_date, end_date, is_current) VALUES (139, 204, '2025-01-16', '2025-02-15', FALSE);
INSERT INTO bookclub_reads (clubid, bookid, start_date, end_date, is_current) VALUES (139, 8, '2025-01-01', '2025-01-31', FALSE);
INSERT INTO bookclub_reads (clubid, bookid, start_date, end_date, is_current) VALUES (139, 397, '2025-03-21', '2025-04-20', FALSE);
INSERT INTO bookclub_reads (clubid, bookid, start_date, end_date, is_current) VALUES (139, 412, '2025-01-14', '2025-02-13', FALSE);
INSERT INTO bookclub_reads (clubid, bookid, start_date, end_date, is_current) VALUES (139, 793, '2025-02-28', '2025-03-30', FALSE);
INSERT INTO bookclub_reads (clubid, bookid, start_date, end_date, is_current) VALUES (139, 466, '2025-04-17', '2025-05-17', FALSE);
INSERT INTO bookclub_reads (clubid, bookid, start_date, end_date, is_current) VALUES (139, 59, '2025-01-07', '2025-02-06', FALSE);
INSERT INTO bookclub_reads (clubid, bookid, start_date, end_date, is_current) VALUES (139, 2, '2025-04-20', '2025-05-20', FALSE);
INSERT INTO bookclub_reads (clubid, bookid, start_date, end_date, is_current) VALUES (139, 131, '2025-02-27', '2025-03-29', FALSE);
INSERT INTO bookclub_reads (clubid, bookid, start_date, end_date, is_current) VALUES (139, 147, '2024-12-22', '2025-01-21', FALSE);
INSERT INTO bookclub_reads (clubid, bookid, start_date, end_date, is_current) VALUES (139, 669, '2025-03-02', '2025-04-01', FALSE);
INSERT INTO bookclub_reads (clubid, bookid, start_date, end_date, is_current) VALUES (139, 71, '2025-02-26', '2025-03-28', FALSE);

INSERT INTO bookclubs (clubid, name, description, creatorid) VALUES (140, 'Book Club 7', 'This is the description for Book Club 7.', 91);
INSERT INTO bookclub_creators (clubid, userid) VALUES (140, 91);
INSERT INTO bookclub_members (clubid, userid) VALUES (140, 257);
INSERT INTO bookclub_members (clubid, userid) VALUES (140, 7);
INSERT INTO bookclub_members (clubid, userid) VALUES (140, 138);
INSERT INTO bookclub_members (clubid, userid) VALUES (140, 268);
INSERT INTO bookclub_members (clubid, userid) VALUES (140, 399);
INSERT INTO bookclub_members (clubid, userid) VALUES (140, 412);
INSERT INTO bookclub_members (clubid, userid) VALUES (140, 172);
INSERT INTO bookclub_members (clubid, userid) VALUES (140, 46);
INSERT INTO bookclub_members (clubid, userid) VALUES (140, 58);
INSERT INTO bookclub_members (clubid, userid) VALUES (140, 195);
INSERT INTO bookclub_members (clubid, userid) VALUES (140, 70);
INSERT INTO bookclub_members (clubid, userid) VALUES (140, 71);
INSERT INTO bookclub_members (clubid, userid) VALUES (140, 340);
INSERT INTO bookclub_members (clubid, userid) VALUES (140, 215);
INSERT INTO bookclub_members (clubid, userid) VALUES (140, 345);
INSERT INTO bookclub_members (clubid, userid) VALUES (140, 91);
INSERT INTO bookclub_members (clubid, userid) VALUES (140, 221);
INSERT INTO bookclub_members (clubid, userid) VALUES (140, 244);
INSERT INTO bookclub_members (clubid, userid) VALUES (140, 118);
INSERT INTO bookclub_reads (clubid, bookid, start_date, end_date, is_current) VALUES (140, 484, '2025-06-23', '2025-08-10', TRUE);
INSERT INTO bookclub_reads (clubid, bookid, start_date, end_date, is_current) VALUES (140, 144, '2025-01-02', '2025-02-01', FALSE);
INSERT INTO bookclub_reads (clubid, bookid, start_date, end_date, is_current) VALUES (140, 826, '2025-01-30', '2025-03-01', FALSE);
INSERT INTO bookclub_reads (clubid, bookid, start_date, end_date, is_current) VALUES (140, 481, '2025-03-08', '2025-04-07', FALSE);
INSERT INTO bookclub_reads (clubid, bookid, start_date, end_date, is_current) VALUES (140, 50, '2025-05-27', '2025-06-26', FALSE);
INSERT INTO bookclub_reads (clubid, bookid, start_date, end_date, is_current) VALUES (140, 333, '2025-02-10', '2025-03-12', FALSE);
INSERT INTO bookclub_reads (clubid, bookid, start_date, end_date, is_current) VALUES (140, 424, '2024-12-12', '2025-01-11', FALSE);
INSERT INTO bookclub_reads (clubid, bookid, start_date, end_date, is_current) VALUES (140, 681, '2024-12-20', '2025-01-19', FALSE);
INSERT INTO bookclub_reads (clubid, bookid, start_date, end_date, is_current) VALUES (140, 987, '2025-04-28', '2025-05-28', FALSE);
INSERT INTO bookclub_reads (clubid, bookid, start_date, end_date, is_current) VALUES (140, 932, '2025-05-13', '2025-06-12', FALSE);
INSERT INTO bookclub_reads (clubid, bookid, start_date, end_date, is_current) VALUES (140, 703, '2025-02-10', '2025-03-12', FALSE);
INSERT INTO bookclub_reads (clubid, bookid, start_date, end_date, is_current) VALUES (140, 208, '2025-04-19', '2025-05-19', FALSE);
INSERT INTO bookclub_reads (clubid, bookid, start_date, end_date, is_current) VALUES (140, 66, '2025-03-10', '2025-04-09', FALSE);

INSERT INTO bookclubs (clubid, name, description, creatorid) VALUES (141, 'Book Club 8', 'This is the description for Book Club 8.', 268);
INSERT INTO bookclub_creators (clubid, userid) VALUES (141, 268);
INSERT INTO bookclub_members (clubid, userid) VALUES (141, 353);
INSERT INTO bookclub_members (clubid, userid) VALUES (141, 259);
INSERT INTO bookclub_members (clubid, userid) VALUES (141, 4);
INSERT INTO bookclub_members (clubid, userid) VALUES (141, 420);
INSERT INTO bookclub_members (clubid, userid) VALUES (141, 287);
INSERT INTO bookclub_members (clubid, userid) VALUES (141, 166);
INSERT INTO bookclub_members (clubid, userid) VALUES (141, 268);
INSERT INTO bookclub_members (clubid, userid) VALUES (141, 45);
INSERT INTO bookclub_members (clubid, userid) VALUES (141, 110);
INSERT INTO bookclub_members (clubid, userid) VALUES (141, 143);
INSERT INTO bookclub_members (clubid, userid) VALUES (141, 276);
INSERT INTO bookclub_members (clubid, userid) VALUES (141, 213);
INSERT INTO bookclub_members (clubid, userid) VALUES (141, 344);
INSERT INTO bookclub_members (clubid, userid) VALUES (141, 283);
INSERT INTO bookclub_members (clubid, userid) VALUES (141, 253);
INSERT INTO bookclub_members (clubid, userid) VALUES (141, 319);
INSERT INTO bookclub_reads (clubid, bookid, start_date, end_date, is_current) VALUES (141, 944, '2025-06-15', '2025-08-12', TRUE);
INSERT INTO bookclub_reads (clubid, bookid, start_date, end_date, is_current) VALUES (141, 835, '2025-06-27', '2025-08-08', TRUE);
INSERT INTO bookclub_reads (clubid, bookid, start_date, end_date, is_current) VALUES (141, 16, '2025-06-30', '2025-08-19', TRUE);
INSERT INTO bookclub_reads (clubid, bookid, start_date, end_date, is_current) VALUES (141, 463, '2025-01-24', '2025-02-23', FALSE);
INSERT INTO bookclub_reads (clubid, bookid, start_date, end_date, is_current) VALUES (141, 702, '2025-01-07', '2025-02-06', FALSE);
INSERT INTO bookclub_reads (clubid, bookid, start_date, end_date, is_current) VALUES (141, 570, '2025-04-27', '2025-05-27', FALSE);
INSERT INTO bookclub_reads (clubid, bookid, start_date, end_date, is_current) VALUES (141, 494, '2025-02-15', '2025-03-17', FALSE);
INSERT INTO bookclub_reads (clubid, bookid, start_date, end_date, is_current) VALUES (141, 975, '2025-03-21', '2025-04-20', FALSE);
INSERT INTO bookclub_reads (clubid, bookid, start_date, end_date, is_current) VALUES (141, 1090, '2025-02-06', '2025-03-08', FALSE);
INSERT INTO bookclub_reads (clubid, bookid, start_date, end_date, is_current) VALUES (141, 410, '2024-12-25', '2025-01-24', FALSE);
INSERT INTO bookclub_reads (clubid, bookid, start_date, end_date, is_current) VALUES (141, 92, '2025-03-24', '2025-04-23', FALSE);
INSERT INTO bookclub_reads (clubid, bookid, start_date, end_date, is_current) VALUES (141, 498, '2025-04-20', '2025-05-20', FALSE);
INSERT INTO bookclub_reads (clubid, bookid, start_date, end_date, is_current) VALUES (141, 676, '2025-01-31', '2025-03-02', FALSE);
INSERT INTO bookclub_reads (clubid, bookid, start_date, end_date, is_current) VALUES (141, 424, '2025-02-04', '2025-03-06', FALSE);
INSERT INTO bookclub_reads (clubid, bookid, start_date, end_date, is_current) VALUES (141, 400, '2025-03-17', '2025-04-16', FALSE);
INSERT INTO bookclub_reads (clubid, bookid, start_date, end_date, is_current) VALUES (141, 253, '2025-03-14', '2025-04-13', FALSE);

INSERT INTO bookclubs (clubid, name, description, creatorid) VALUES (142, 'Book Club 9', 'This is the description for Book Club 9.', 39);
INSERT INTO bookclub_creators (clubid, userid) VALUES (142, 39);
INSERT INTO bookclub_members (clubid, userid) VALUES (142, 257);
INSERT INTO bookclub_members (clubid, userid) VALUES (142, 313);
INSERT INTO bookclub_members (clubid, userid) VALUES (142, 39);
INSERT INTO bookclub_members (clubid, userid) VALUES (142, 201);
INSERT INTO bookclub_members (clubid, userid) VALUES (142, 202);
INSERT INTO bookclub_members (clubid, userid) VALUES (142, 115);
INSERT INTO bookclub_members (clubid, userid) VALUES (142, 21);
INSERT INTO bookclub_members (clubid, userid) VALUES (142, 407);
INSERT INTO bookclub_members (clubid, userid) VALUES (142, 345);
INSERT INTO bookclub_members (clubid, userid) VALUES (142, 253);
INSERT INTO bookclub_reads (clubid, bookid, start_date, end_date, is_current) VALUES (142, 869, '2025-06-24', '2025-08-19', TRUE);
INSERT INTO bookclub_reads (clubid, bookid, start_date, end_date, is_current) VALUES (142, 79, '2025-06-29', '2025-08-08', TRUE);
INSERT INTO bookclub_reads (clubid, bookid, start_date, end_date, is_current) VALUES (142, 137, '2025-03-27', '2025-04-26', FALSE);
INSERT INTO bookclub_reads (clubid, bookid, start_date, end_date, is_current) VALUES (142, 367, '2025-06-05', '2025-07-05', FALSE);
INSERT INTO bookclub_reads (clubid, bookid, start_date, end_date, is_current) VALUES (142, 31, '2025-05-26', '2025-06-25', FALSE);
INSERT INTO bookclub_reads (clubid, bookid, start_date, end_date, is_current) VALUES (142, 204, '2025-03-03', '2025-04-02', FALSE);
INSERT INTO bookclub_reads (clubid, bookid, start_date, end_date, is_current) VALUES (142, 354, '2025-05-31', '2025-06-30', FALSE);
INSERT INTO bookclub_reads (clubid, bookid, start_date, end_date, is_current) VALUES (142, 576, '2025-01-08', '2025-02-07', FALSE);
INSERT INTO bookclub_reads (clubid, bookid, start_date, end_date, is_current) VALUES (142, 676, '2025-04-27', '2025-05-27', FALSE);
INSERT INTO bookclub_reads (clubid, bookid, start_date, end_date, is_current) VALUES (142, 297, '2025-02-09', '2025-03-11', FALSE);
INSERT INTO bookclub_reads (clubid, bookid, start_date, end_date, is_current) VALUES (142, 1053, '2025-03-02', '2025-04-01', FALSE);
INSERT INTO bookclub_reads (clubid, bookid, start_date, end_date, is_current) VALUES (142, 355, '2025-01-17', '2025-02-16', FALSE);
INSERT INTO bookclub_reads (clubid, bookid, start_date, end_date, is_current) VALUES (142, 63, '2025-02-09', '2025-03-11', FALSE);
INSERT INTO bookclub_reads (clubid, bookid, start_date, end_date, is_current) VALUES (142, 245, '2024-12-27', '2025-01-26', FALSE);
INSERT INTO bookclub_reads (clubid, bookid, start_date, end_date, is_current) VALUES (142, 665, '2025-04-05', '2025-05-05', FALSE);
INSERT INTO bookclub_reads (clubid, bookid, start_date, end_date, is_current) VALUES (142, 841, '2025-01-22', '2025-02-21', FALSE);
INSERT INTO bookclub_reads (clubid, bookid, start_date, end_date, is_current) VALUES (142, 171, '2025-05-15', '2025-06-14', FALSE);

INSERT INTO bookclubs (clubid, name, description, creatorid) VALUES (143, 'Book Club 10', 'This is the description for Book Club 10.', 253);
INSERT INTO bookclub_creators (clubid, userid) VALUES (143, 253);
INSERT INTO bookclub_members (clubid, userid) VALUES (143, 129);
INSERT INTO bookclub_members (clubid, userid) VALUES (143, 312);
INSERT INTO bookclub_members (clubid, userid) VALUES (143, 36);
INSERT INTO bookclub_members (clubid, userid) VALUES (143, 422);
INSERT INTO bookclub_members (clubid, userid) VALUES (143, 440);
INSERT INTO bookclub_members (clubid, userid) VALUES (143, 232);
INSERT INTO bookclub_members (clubid, userid) VALUES (143, 201);
INSERT INTO bookclub_members (clubid, userid) VALUES (143, 234);
INSERT INTO bookclub_members (clubid, userid) VALUES (143, 171);
INSERT INTO bookclub_members (clubid, userid) VALUES (143, 74);
INSERT INTO bookclub_members (clubid, userid) VALUES (143, 172);
INSERT INTO bookclub_members (clubid, userid) VALUES (143, 270);
INSERT INTO bookclub_members (clubid, userid) VALUES (143, 431);
INSERT INTO bookclub_members (clubid, userid) VALUES (143, 216);
INSERT INTO bookclub_members (clubid, userid) VALUES (143, 441);
INSERT INTO bookclub_members (clubid, userid) VALUES (143, 28);
INSERT INTO bookclub_members (clubid, userid) VALUES (143, 253);
INSERT INTO bookclub_reads (clubid, bookid, start_date, end_date, is_current) VALUES (143, 76, '2025-06-28', '2025-08-06', TRUE);
INSERT INTO bookclub_reads (clubid, bookid, start_date, end_date, is_current) VALUES (143, 61, '2025-03-18', '2025-04-17', FALSE);
INSERT INTO bookclub_reads (clubid, bookid, start_date, end_date, is_current) VALUES (143, 77, '2025-05-13', '2025-06-12', FALSE);
INSERT INTO bookclub_reads (clubid, bookid, start_date, end_date, is_current) VALUES (143, 423, '2025-03-28', '2025-04-27', FALSE);
INSERT INTO bookclub_reads (clubid, bookid, start_date, end_date, is_current) VALUES (143, 834, '2025-03-20', '2025-04-19', FALSE);
INSERT INTO bookclub_reads (clubid, bookid, start_date, end_date, is_current) VALUES (143, 28, '2025-01-24', '2025-02-23', FALSE);
INSERT INTO bookclub_reads (clubid, bookid, start_date, end_date, is_current) VALUES (143, 119, '2025-03-25', '2025-04-24', FALSE);
INSERT INTO bookclub_reads (clubid, bookid, start_date, end_date, is_current) VALUES (143, 515, '2025-05-16', '2025-06-15', FALSE);
INSERT INTO bookclub_reads (clubid, bookid, start_date, end_date, is_current) VALUES (143, 313, '2025-02-15', '2025-03-17', FALSE);
INSERT INTO bookclub_reads (clubid, bookid, start_date, end_date, is_current) VALUES (143, 37, '2025-03-04', '2025-04-03', FALSE);
INSERT INTO bookclub_reads (clubid, bookid, start_date, end_date, is_current) VALUES (143, 676, '2025-02-18', '2025-03-20', FALSE);
INSERT INTO bookclub_reads (clubid, bookid, start_date, end_date, is_current) VALUES (143, 903, '2025-04-02', '2025-05-02', FALSE);
INSERT INTO bookclub_reads (clubid, bookid, start_date, end_date, is_current) VALUES (143, 435, '2025-03-23', '2025-04-22', FALSE);
INSERT INTO bookclub_reads (clubid, bookid, start_date, end_date, is_current) VALUES (143, 67, '2025-05-27', '2025-06-26', FALSE);
INSERT INTO bookclub_reads (clubid, bookid, start_date, end_date, is_current) VALUES (143, 1005, '2025-05-17', '2025-06-16', FALSE);
INSERT INTO bookclub_reads (clubid, bookid, start_date, end_date, is_current) VALUES (143, 539, '2025-05-15', '2025-06-14', FALSE);

INSERT INTO bookclubs (clubid, name, description, creatorid) VALUES (144, 'Book Club 11', 'This is the description for Book Club 11.', 414);
INSERT INTO bookclub_creators (clubid, userid) VALUES (144, 414);
INSERT INTO bookclub_members (clubid, userid) VALUES (144, 416);
INSERT INTO bookclub_members (clubid, userid) VALUES (144, 354);
INSERT INTO bookclub_members (clubid, userid) VALUES (144, 234);
INSERT INTO bookclub_members (clubid, userid) VALUES (144, 299);
INSERT INTO bookclub_members (clubid, userid) VALUES (144, 15);
INSERT INTO bookclub_members (clubid, userid) VALUES (144, 208);
INSERT INTO bookclub_members (clubid, userid) VALUES (144, 18);
INSERT INTO bookclub_members (clubid, userid) VALUES (144, 50);
INSERT INTO bookclub_members (clubid, userid) VALUES (144, 435);
INSERT INTO bookclub_members (clubid, userid) VALUES (144, 58);
INSERT INTO bookclub_members (clubid, userid) VALUES (144, 348);
INSERT INTO bookclub_members (clubid, userid) VALUES (144, 414);
INSERT INTO bookclub_members (clubid, userid) VALUES (144, 415);
INSERT INTO bookclub_reads (clubid, bookid, start_date, end_date, is_current) VALUES (144, 63, '2025-06-13', '2025-07-26', TRUE);
INSERT INTO bookclub_reads (clubid, bookid, start_date, end_date, is_current) VALUES (144, 313, '2025-06-17', '2025-07-31', TRUE);
INSERT INTO bookclub_reads (clubid, bookid, start_date, end_date, is_current) VALUES (144, 78, '2025-06-11', '2025-08-10', TRUE);
INSERT INTO bookclub_reads (clubid, bookid, start_date, end_date, is_current) VALUES (144, 965, '2025-02-16', '2025-03-18', FALSE);
INSERT INTO bookclub_reads (clubid, bookid, start_date, end_date, is_current) VALUES (144, 96, '2025-05-31', '2025-06-30', FALSE);
INSERT INTO bookclub_reads (clubid, bookid, start_date, end_date, is_current) VALUES (144, 1067, '2025-01-26', '2025-02-25', FALSE);
INSERT INTO bookclub_reads (clubid, bookid, start_date, end_date, is_current) VALUES (144, 900, '2025-03-28', '2025-04-27', FALSE);
INSERT INTO bookclub_reads (clubid, bookid, start_date, end_date, is_current) VALUES (144, 130, '2025-02-24', '2025-03-26', FALSE);
INSERT INTO bookclub_reads (clubid, bookid, start_date, end_date, is_current) VALUES (144, 511, '2025-01-13', '2025-02-12', FALSE);
INSERT INTO bookclub_reads (clubid, bookid, start_date, end_date, is_current) VALUES (144, 83, '2024-12-27', '2025-01-26', FALSE);
INSERT INTO bookclub_reads (clubid, bookid, start_date, end_date, is_current) VALUES (144, 400, '2025-03-19', '2025-04-18', FALSE);

INSERT INTO bookclubs (clubid, name, description, creatorid) VALUES (145, 'Book Club 12', 'This is the description for Book Club 12.', 68);
INSERT INTO bookclub_creators (clubid, userid) VALUES (145, 68);
INSERT INTO bookclub_members (clubid, userid) VALUES (145, 385);
INSERT INTO bookclub_members (clubid, userid) VALUES (145, 420);
INSERT INTO bookclub_members (clubid, userid) VALUES (145, 68);
INSERT INTO bookclub_members (clubid, userid) VALUES (145, 135);
INSERT INTO bookclub_members (clubid, userid) VALUES (145, 123);
INSERT INTO bookclub_members (clubid, userid) VALUES (145, 142);
INSERT INTO bookclub_members (clubid, userid) VALUES (145, 398);
INSERT INTO bookclub_members (clubid, userid) VALUES (145, 244);
INSERT INTO bookclub_members (clubid, userid) VALUES (145, 212);
INSERT INTO bookclub_members (clubid, userid) VALUES (145, 342);
INSERT INTO bookclub_members (clubid, userid) VALUES (145, 184);
INSERT INTO bookclub_members (clubid, userid) VALUES (145, 347);
INSERT INTO bookclub_reads (clubid, bookid, start_date, end_date, is_current) VALUES (145, 404, '2025-06-17', '2025-08-19', TRUE);
INSERT INTO bookclub_reads (clubid, bookid, start_date, end_date, is_current) VALUES (145, 133, '2025-06-17', '2025-08-10', TRUE);
INSERT INTO bookclub_reads (clubid, bookid, start_date, end_date, is_current) VALUES (145, 1022, '2025-04-11', '2025-05-11', FALSE);
INSERT INTO bookclub_reads (clubid, bookid, start_date, end_date, is_current) VALUES (145, 297, '2024-12-31', '2025-01-30', FALSE);
INSERT INTO bookclub_reads (clubid, bookid, start_date, end_date, is_current) VALUES (145, 23, '2025-03-31', '2025-04-30', FALSE);
INSERT INTO bookclub_reads (clubid, bookid, start_date, end_date, is_current) VALUES (145, 880, '2025-02-01', '2025-03-03', FALSE);
INSERT INTO bookclub_reads (clubid, bookid, start_date, end_date, is_current) VALUES (145, 140, '2025-06-04', '2025-07-04', FALSE);
INSERT INTO bookclub_reads (clubid, bookid, start_date, end_date, is_current) VALUES (145, 762, '2025-01-30', '2025-03-01', FALSE);
INSERT INTO bookclub_reads (clubid, bookid, start_date, end_date, is_current) VALUES (145, 13, '2025-01-20', '2025-02-19', FALSE);

INSERT INTO bookclubs (clubid, name, description, creatorid) VALUES (146, 'Book Club 13', 'This is the description for Book Club 13.', 248);
INSERT INTO bookclub_creators (clubid, userid) VALUES (146, 248);
INSERT INTO bookclub_members (clubid, userid) VALUES (146, 236);
INSERT INTO bookclub_members (clubid, userid) VALUES (146, 172);
INSERT INTO bookclub_members (clubid, userid) VALUES (146, 206);
INSERT INTO bookclub_members (clubid, userid) VALUES (146, 113);
INSERT INTO bookclub_members (clubid, userid) VALUES (146, 242);
INSERT INTO bookclub_members (clubid, userid) VALUES (146, 279);
INSERT INTO bookclub_members (clubid, userid) VALUES (146, 248);
INSERT INTO bookclub_members (clubid, userid) VALUES (146, 59);
INSERT INTO bookclub_members (clubid, userid) VALUES (146, 159);
INSERT INTO bookclub_reads (clubid, bookid, start_date, end_date, is_current) VALUES (146, 413, '2025-06-19', '2025-08-10', TRUE);
INSERT INTO bookclub_reads (clubid, bookid, start_date, end_date, is_current) VALUES (146, 998, '2025-06-27', '2025-07-30', TRUE);
INSERT INTO bookclub_reads (clubid, bookid, start_date, end_date, is_current) VALUES (146, 866, '2025-06-23', '2025-08-05', TRUE);
INSERT INTO bookclub_reads (clubid, bookid, start_date, end_date, is_current) VALUES (146, 16, '2025-03-09', '2025-04-08', FALSE);
INSERT INTO bookclub_reads (clubid, bookid, start_date, end_date, is_current) VALUES (146, 288, '2025-05-23', '2025-06-22', FALSE);
INSERT INTO bookclub_reads (clubid, bookid, start_date, end_date, is_current) VALUES (146, 230, '2025-05-21', '2025-06-20', FALSE);
INSERT INTO bookclub_reads (clubid, bookid, start_date, end_date, is_current) VALUES (146, 86, '2025-03-27', '2025-04-26', FALSE);
INSERT INTO bookclub_reads (clubid, bookid, start_date, end_date, is_current) VALUES (146, 538, '2025-04-01', '2025-05-01', FALSE);
INSERT INTO bookclub_reads (clubid, bookid, start_date, end_date, is_current) VALUES (146, 411, '2024-12-13', '2025-01-12', FALSE);
INSERT INTO bookclub_reads (clubid, bookid, start_date, end_date, is_current) VALUES (146, 700, '2025-05-15', '2025-06-14', FALSE);
INSERT INTO bookclub_reads (clubid, bookid, start_date, end_date, is_current) VALUES (146, 873, '2025-03-07', '2025-04-06', FALSE);
INSERT INTO bookclub_reads (clubid, bookid, start_date, end_date, is_current) VALUES (146, 59, '2025-03-06', '2025-04-05', FALSE);
INSERT INTO bookclub_reads (clubid, bookid, start_date, end_date, is_current) VALUES (146, 871, '2025-05-30', '2025-06-29', FALSE);
INSERT INTO bookclub_reads (clubid, bookid, start_date, end_date, is_current) VALUES (146, 799, '2025-04-28', '2025-05-28', FALSE);
INSERT INTO bookclub_reads (clubid, bookid, start_date, end_date, is_current) VALUES (146, 291, '2025-01-20', '2025-02-19', FALSE);

INSERT INTO bookclubs (clubid, name, description, creatorid) VALUES (147, 'Book Club 14', 'This is the description for Book Club 14.', 395);
INSERT INTO bookclub_creators (clubid, userid) VALUES (147, 395);
INSERT INTO bookclub_members (clubid, userid) VALUES (147, 384);
INSERT INTO bookclub_members (clubid, userid) VALUES (147, 169);
INSERT INTO bookclub_members (clubid, userid) VALUES (147, 395);
INSERT INTO bookclub_members (clubid, userid) VALUES (147, 18);
INSERT INTO bookclub_members (clubid, userid) VALUES (147, 180);
INSERT INTO bookclub_members (clubid, userid) VALUES (147, 216);
INSERT INTO bookclub_reads (clubid, bookid, start_date, end_date, is_current) VALUES (147, 866, '2025-06-10', '2025-08-15', TRUE);
INSERT INTO bookclub_reads (clubid, bookid, start_date, end_date, is_current) VALUES (147, 570, '2025-07-06', '2025-08-03', TRUE);
INSERT INTO bookclub_reads (clubid, bookid, start_date, end_date, is_current) VALUES (147, 872, '2025-05-08', '2025-06-07', FALSE);
INSERT INTO bookclub_reads (clubid, bookid, start_date, end_date, is_current) VALUES (147, 83, '2024-12-25', '2025-01-24', FALSE);
INSERT INTO bookclub_reads (clubid, bookid, start_date, end_date, is_current) VALUES (147, 428, '2024-12-14', '2025-01-13', FALSE);
INSERT INTO bookclub_reads (clubid, bookid, start_date, end_date, is_current) VALUES (147, 122, '2025-04-16', '2025-05-16', FALSE);
INSERT INTO bookclub_reads (clubid, bookid, start_date, end_date, is_current) VALUES (147, 759, '2025-03-27', '2025-04-26', FALSE);
INSERT INTO bookclub_reads (clubid, bookid, start_date, end_date, is_current) VALUES (147, 8, '2025-05-27', '2025-06-26', FALSE);
INSERT INTO bookclub_reads (clubid, bookid, start_date, end_date, is_current) VALUES (147, 37, '2025-03-27', '2025-04-26', FALSE);
INSERT INTO bookclub_reads (clubid, bookid, start_date, end_date, is_current) VALUES (147, 454, '2025-04-15', '2025-05-15', FALSE);
INSERT INTO bookclub_reads (clubid, bookid, start_date, end_date, is_current) VALUES (147, 534, '2025-04-22', '2025-05-22', FALSE);
INSERT INTO bookclub_reads (clubid, bookid, start_date, end_date, is_current) VALUES (147, 797, '2025-02-16', '2025-03-18', FALSE);
INSERT INTO bookclub_reads (clubid, bookid, start_date, end_date, is_current) VALUES (147, 58, '2025-03-05', '2025-04-04', FALSE);
INSERT INTO bookclub_reads (clubid, bookid, start_date, end_date, is_current) VALUES (147, 424, '2025-01-22', '2025-02-21', FALSE);
INSERT INTO bookclub_reads (clubid, bookid, start_date, end_date, is_current) VALUES (147, 251, '2025-03-14', '2025-04-13', FALSE);
INSERT INTO bookclub_reads (clubid, bookid, start_date, end_date, is_current) VALUES (147, 313, '2025-02-27', '2025-03-29', FALSE);

INSERT INTO bookclubs (clubid, name, description, creatorid) VALUES (148, 'Book Club 15', 'This is the description for Book Club 15.', 314);
INSERT INTO bookclub_creators (clubid, userid) VALUES (148, 314);
INSERT INTO bookclub_members (clubid, userid) VALUES (148, 36);
INSERT INTO bookclub_members (clubid, userid) VALUES (148, 8);
INSERT INTO bookclub_members (clubid, userid) VALUES (148, 397);
INSERT INTO bookclub_members (clubid, userid) VALUES (148, 430);
INSERT INTO bookclub_members (clubid, userid) VALUES (148, 92);
INSERT INTO bookclub_members (clubid, userid) VALUES (148, 241);
INSERT INTO bookclub_members (clubid, userid) VALUES (148, 370);
INSERT INTO bookclub_members (clubid, userid) VALUES (148, 52);
INSERT INTO bookclub_members (clubid, userid) VALUES (148, 377);
INSERT INTO bookclub_members (clubid, userid) VALUES (148, 314);
INSERT INTO bookclub_members (clubid, userid) VALUES (148, 444);
INSERT INTO bookclub_reads (clubid, bookid, start_date, end_date, is_current) VALUES (148, 834, '2025-06-23', '2025-07-23', TRUE);
INSERT INTO bookclub_reads (clubid, bookid, start_date, end_date, is_current) VALUES (148, 977, '2025-06-27', '2025-08-12', TRUE);
INSERT INTO bookclub_reads (clubid, bookid, start_date, end_date, is_current) VALUES (148, 1052, '2025-06-13', '2025-08-14', TRUE);
INSERT INTO bookclub_reads (clubid, bookid, start_date, end_date, is_current) VALUES (148, 154, '2024-12-21', '2025-01-20', FALSE);
INSERT INTO bookclub_reads (clubid, bookid, start_date, end_date, is_current) VALUES (148, 944, '2025-03-18', '2025-04-17', FALSE);
INSERT INTO bookclub_reads (clubid, bookid, start_date, end_date, is_current) VALUES (148, 966, '2025-03-03', '2025-04-02', FALSE);
INSERT INTO bookclub_reads (clubid, bookid, start_date, end_date, is_current) VALUES (148, 205, '2025-01-11', '2025-02-10', FALSE);
INSERT INTO bookclub_reads (clubid, bookid, start_date, end_date, is_current) VALUES (148, 873, '2025-03-31', '2025-04-30', FALSE);
INSERT INTO bookclub_reads (clubid, bookid, start_date, end_date, is_current) VALUES (148, 45, '2025-03-09', '2025-04-08', FALSE);

INSERT INTO bookclubs (clubid, name, description, creatorid) VALUES (149, 'Book Club 16', 'This is the description for Book Club 16.', 60);
INSERT INTO bookclub_creators (clubid, userid) VALUES (149, 60);
INSERT INTO bookclub_members (clubid, userid) VALUES (149, 417);
INSERT INTO bookclub_members (clubid, userid) VALUES (149, 164);
INSERT INTO bookclub_members (clubid, userid) VALUES (149, 132);
INSERT INTO bookclub_members (clubid, userid) VALUES (149, 232);
INSERT INTO bookclub_members (clubid, userid) VALUES (149, 104);
INSERT INTO bookclub_members (clubid, userid) VALUES (149, 138);
INSERT INTO bookclub_members (clubid, userid) VALUES (149, 205);
INSERT INTO bookclub_members (clubid, userid) VALUES (149, 143);
INSERT INTO bookclub_members (clubid, userid) VALUES (149, 114);
INSERT INTO bookclub_members (clubid, userid) VALUES (149, 250);
INSERT INTO bookclub_members (clubid, userid) VALUES (149, 155);
INSERT INTO bookclub_members (clubid, userid) VALUES (149, 60);
INSERT INTO bookclub_reads (clubid, bookid, start_date, end_date, is_current) VALUES (149, 165, '2025-07-05', '2025-08-22', TRUE);
INSERT INTO bookclub_reads (clubid, bookid, start_date, end_date, is_current) VALUES (149, 531, '2025-07-07', '2025-08-15', TRUE);
INSERT INTO bookclub_reads (clubid, bookid, start_date, end_date, is_current) VALUES (149, 21, '2025-07-02', '2025-07-23', TRUE);
INSERT INTO bookclub_reads (clubid, bookid, start_date, end_date, is_current) VALUES (149, 413, '2025-04-16', '2025-05-16', FALSE);
INSERT INTO bookclub_reads (clubid, bookid, start_date, end_date, is_current) VALUES (149, 93, '2025-03-09', '2025-04-08', FALSE);
INSERT INTO bookclub_reads (clubid, bookid, start_date, end_date, is_current) VALUES (149, 435, '2025-02-22', '2025-03-24', FALSE);
INSERT INTO bookclub_reads (clubid, bookid, start_date, end_date, is_current) VALUES (149, 302, '2025-01-18', '2025-02-17', FALSE);
INSERT INTO bookclub_reads (clubid, bookid, start_date, end_date, is_current) VALUES (149, 481, '2025-03-05', '2025-04-04', FALSE);
INSERT INTO bookclub_reads (clubid, bookid, start_date, end_date, is_current) VALUES (149, 159, '2025-05-01', '2025-05-31', FALSE);
INSERT INTO bookclub_reads (clubid, bookid, start_date, end_date, is_current) VALUES (149, 24, '2025-04-07', '2025-05-07', FALSE);

INSERT INTO bookclubs (clubid, name, description, creatorid) VALUES (150, 'Book Club 17', 'This is the description for Book Club 17.', 57);
INSERT INTO bookclub_creators (clubid, userid) VALUES (150, 57);
INSERT INTO bookclub_members (clubid, userid) VALUES (150, 194);
INSERT INTO bookclub_members (clubid, userid) VALUES (150, 15);
INSERT INTO bookclub_members (clubid, userid) VALUES (150, 47);
INSERT INTO bookclub_members (clubid, userid) VALUES (150, 369);
INSERT INTO bookclub_members (clubid, userid) VALUES (150, 402);
INSERT INTO bookclub_members (clubid, userid) VALUES (150, 275);
INSERT INTO bookclub_members (clubid, userid) VALUES (150, 276);
INSERT INTO bookclub_members (clubid, userid) VALUES (150, 57);
INSERT INTO bookclub_members (clubid, userid) VALUES (150, 29);
INSERT INTO bookclub_reads (clubid, bookid, start_date, end_date, is_current) VALUES (150, 842, '2025-06-24', '2025-08-20', TRUE);
INSERT INTO bookclub_reads (clubid, bookid, start_date, end_date, is_current) VALUES (150, 99, '2025-06-30', '2025-08-08', TRUE);
INSERT INTO bookclub_reads (clubid, bookid, start_date, end_date, is_current) VALUES (150, 642, '2025-03-19', '2025-04-18', FALSE);
INSERT INTO bookclub_reads (clubid, bookid, start_date, end_date, is_current) VALUES (150, 903, '2025-03-21', '2025-04-20', FALSE);
INSERT INTO bookclub_reads (clubid, bookid, start_date, end_date, is_current) VALUES (150, 313, '2025-01-22', '2025-02-21', FALSE);
INSERT INTO bookclub_reads (clubid, bookid, start_date, end_date, is_current) VALUES (150, 941, '2025-04-10', '2025-05-10', FALSE);
INSERT INTO bookclub_reads (clubid, bookid, start_date, end_date, is_current) VALUES (150, 66, '2025-03-05', '2025-04-04', FALSE);
INSERT INTO bookclub_reads (clubid, bookid, start_date, end_date, is_current) VALUES (150, 597, '2025-05-01', '2025-05-31', FALSE);
INSERT INTO bookclub_reads (clubid, bookid, start_date, end_date, is_current) VALUES (150, 96, '2025-03-10', '2025-04-09', FALSE);
INSERT INTO bookclub_reads (clubid, bookid, start_date, end_date, is_current) VALUES (150, 157, '2025-04-23', '2025-05-23', FALSE);

INSERT INTO bookclubs (clubid, name, description, creatorid) VALUES (151, 'Book Club 18', 'This is the description for Book Club 18.', 190);
INSERT INTO bookclub_creators (clubid, userid) VALUES (151, 190);
INSERT INTO bookclub_members (clubid, userid) VALUES (151, 258);
INSERT INTO bookclub_members (clubid, userid) VALUES (151, 387);
INSERT INTO bookclub_members (clubid, userid) VALUES (151, 6);
INSERT INTO bookclub_members (clubid, userid) VALUES (151, 393);
INSERT INTO bookclub_members (clubid, userid) VALUES (151, 266);
INSERT INTO bookclub_members (clubid, userid) VALUES (151, 13);
INSERT INTO bookclub_members (clubid, userid) VALUES (151, 280);
INSERT INTO bookclub_members (clubid, userid) VALUES (151, 419);
INSERT INTO bookclub_members (clubid, userid) VALUES (151, 421);
INSERT INTO bookclub_members (clubid, userid) VALUES (151, 312);
INSERT INTO bookclub_members (clubid, userid) VALUES (151, 443);
INSERT INTO bookclub_members (clubid, userid) VALUES (151, 190);
INSERT INTO bookclub_members (clubid, userid) VALUES (151, 323);
INSERT INTO bookclub_members (clubid, userid) VALUES (151, 202);
INSERT INTO bookclub_members (clubid, userid) VALUES (151, 331);
INSERT INTO bookclub_members (clubid, userid) VALUES (151, 335);
INSERT INTO bookclub_members (clubid, userid) VALUES (151, 343);
INSERT INTO bookclub_members (clubid, userid) VALUES (151, 344);
INSERT INTO bookclub_members (clubid, userid) VALUES (151, 110);
INSERT INTO bookclub_members (clubid, userid) VALUES (151, 376);
INSERT INTO bookclub_reads (clubid, bookid, start_date, end_date, is_current) VALUES (151, 821, '2025-07-07', '2025-08-09', TRUE);
INSERT INTO bookclub_reads (clubid, bookid, start_date, end_date, is_current) VALUES (151, 107, '2025-07-06', '2025-08-02', TRUE);
INSERT INTO bookclub_reads (clubid, bookid, start_date, end_date, is_current) VALUES (151, 207, '2025-02-02', '2025-03-04', FALSE);
INSERT INTO bookclub_reads (clubid, bookid, start_date, end_date, is_current) VALUES (151, 330, '2025-03-23', '2025-04-22', FALSE);
INSERT INTO bookclub_reads (clubid, bookid, start_date, end_date, is_current) VALUES (151, 230, '2025-03-13', '2025-04-12', FALSE);
INSERT INTO bookclub_reads (clubid, bookid, start_date, end_date, is_current) VALUES (151, 10, '2025-03-22', '2025-04-21', FALSE);
INSERT INTO bookclub_reads (clubid, bookid, start_date, end_date, is_current) VALUES (151, 416, '2025-03-14', '2025-04-13', FALSE);
INSERT INTO bookclub_reads (clubid, bookid, start_date, end_date, is_current) VALUES (151, 357, '2024-12-23', '2025-01-22', FALSE);
INSERT INTO bookclub_reads (clubid, bookid, start_date, end_date, is_current) VALUES (151, 428, '2024-12-16', '2025-01-15', FALSE);
INSERT INTO bookclub_reads (clubid, bookid, start_date, end_date, is_current) VALUES (151, 354, '2025-04-20', '2025-05-20', FALSE);
INSERT INTO bookclub_reads (clubid, bookid, start_date, end_date, is_current) VALUES (151, 34, '2025-02-15', '2025-03-17', FALSE);
INSERT INTO bookclub_reads (clubid, bookid, start_date, end_date, is_current) VALUES (151, 827, '2024-12-21', '2025-01-20', FALSE);

INSERT INTO bookclubs (clubid, name, description, creatorid) VALUES (152, 'Book Club 19', 'This is the description for Book Club 19.', 225);
INSERT INTO bookclub_creators (clubid, userid) VALUES (152, 225);
INSERT INTO bookclub_members (clubid, userid) VALUES (152, 320);
INSERT INTO bookclub_members (clubid, userid) VALUES (152, 225);
INSERT INTO bookclub_members (clubid, userid) VALUES (152, 111);
INSERT INTO bookclub_members (clubid, userid) VALUES (152, 400);
INSERT INTO bookclub_members (clubid, userid) VALUES (152, 307);
INSERT INTO bookclub_reads (clubid, bookid, start_date, end_date, is_current) VALUES (152, 57, '2025-06-29', '2025-08-22', TRUE);
INSERT INTO bookclub_reads (clubid, bookid, start_date, end_date, is_current) VALUES (152, 168, '2024-12-26', '2025-01-25', FALSE);
INSERT INTO bookclub_reads (clubid, bookid, start_date, end_date, is_current) VALUES (152, 762, '2025-05-21', '2025-06-20', FALSE);
INSERT INTO bookclub_reads (clubid, bookid, start_date, end_date, is_current) VALUES (152, 122, '2025-05-07', '2025-06-06', FALSE);
INSERT INTO bookclub_reads (clubid, bookid, start_date, end_date, is_current) VALUES (152, 4, '2025-05-14', '2025-06-13', FALSE);
INSERT INTO bookclub_reads (clubid, bookid, start_date, end_date, is_current) VALUES (152, 132, '2025-05-19', '2025-06-18', FALSE);
INSERT INTO bookclub_reads (clubid, bookid, start_date, end_date, is_current) VALUES (152, 870, '2025-06-05', '2025-07-05', FALSE);
INSERT INTO bookclub_reads (clubid, bookid, start_date, end_date, is_current) VALUES (152, 933, '2025-03-16', '2025-04-15', FALSE);

INSERT INTO bookclubs (clubid, name, description, creatorid) VALUES (153, 'Book Club 20', 'This is the description for Book Club 20.', 411);
INSERT INTO bookclub_creators (clubid, userid) VALUES (153, 411);
INSERT INTO bookclub_members (clubid, userid) VALUES (153, 64);
INSERT INTO bookclub_members (clubid, userid) VALUES (153, 327);
INSERT INTO bookclub_members (clubid, userid) VALUES (153, 361);
INSERT INTO bookclub_members (clubid, userid) VALUES (153, 234);
INSERT INTO bookclub_members (clubid, userid) VALUES (153, 299);
INSERT INTO bookclub_members (clubid, userid) VALUES (153, 13);
INSERT INTO bookclub_members (clubid, userid) VALUES (153, 207);
INSERT INTO bookclub_members (clubid, userid) VALUES (153, 112);
INSERT INTO bookclub_members (clubid, userid) VALUES (153, 400);
INSERT INTO bookclub_members (clubid, userid) VALUES (153, 82);
INSERT INTO bookclub_members (clubid, userid) VALUES (153, 307);
INSERT INTO bookclub_members (clubid, userid) VALUES (153, 246);
INSERT INTO bookclub_members (clubid, userid) VALUES (153, 23);
INSERT INTO bookclub_members (clubid, userid) VALUES (153, 411);
INSERT INTO bookclub_members (clubid, userid) VALUES (153, 316);
INSERT INTO bookclub_reads (clubid, bookid, start_date, end_date, is_current) VALUES (153, 421, '2025-07-02', '2025-07-25', TRUE);
INSERT INTO bookclub_reads (clubid, bookid, start_date, end_date, is_current) VALUES (153, 357, '2025-04-18', '2025-05-18', FALSE);
INSERT INTO bookclub_reads (clubid, bookid, start_date, end_date, is_current) VALUES (153, 330, '2025-01-12', '2025-02-11', FALSE);
INSERT INTO bookclub_reads (clubid, bookid, start_date, end_date, is_current) VALUES (153, 515, '2025-05-03', '2025-06-02', FALSE);
INSERT INTO bookclub_reads (clubid, bookid, start_date, end_date, is_current) VALUES (153, 765, '2025-02-15', '2025-03-17', FALSE);
INSERT INTO bookclub_reads (clubid, bookid, start_date, end_date, is_current) VALUES (153, 848, '2024-12-23', '2025-01-22', FALSE);
INSERT INTO bookclub_reads (clubid, bookid, start_date, end_date, is_current) VALUES (153, 100, '2025-04-23', '2025-05-23', FALSE);
INSERT INTO bookclub_reads (clubid, bookid, start_date, end_date, is_current) VALUES (153, 299, '2025-01-19', '2025-02-18', FALSE);
INSERT INTO bookclub_reads (clubid, bookid, start_date, end_date, is_current) VALUES (153, 842, '2025-05-16', '2025-06-15', FALSE);
INSERT INTO bookclub_reads (clubid, bookid, start_date, end_date, is_current) VALUES (153, 94, '2025-01-30', '2025-03-01', FALSE);
INSERT INTO bookclub_reads (clubid, bookid, start_date, end_date, is_current) VALUES (153, 81, '2025-02-23', '2025-03-25', FALSE);
INSERT INTO bookclub_reads (clubid, bookid, start_date, end_date, is_current) VALUES (153, 422, '2025-06-04', '2025-07-04', FALSE);
INSERT INTO bookclub_reads (clubid, bookid, start_date, end_date, is_current) VALUES (153, 204, '2025-02-22', '2025-03-24', FALSE);
INSERT INTO bookclub_reads (clubid, bookid, start_date, end_date, is_current) VALUES (153, 144, '2025-04-14', '2025-05-14', FALSE);

INSERT INTO bookclubs (clubid, name, description, creatorid) VALUES (154, 'Book Club 21', 'This is the description for Book Club 21.', 427);
INSERT INTO bookclub_creators (clubid, userid) VALUES (154, 427);
INSERT INTO bookclub_members (clubid, userid) VALUES (154, 199);
INSERT INTO bookclub_members (clubid, userid) VALUES (154, 296);
INSERT INTO bookclub_members (clubid, userid) VALUES (154, 427);
INSERT INTO bookclub_members (clubid, userid) VALUES (154, 81);
INSERT INTO bookclub_members (clubid, userid) VALUES (154, 82);
INSERT INTO bookclub_members (clubid, userid) VALUES (154, 51);
INSERT INTO bookclub_members (clubid, userid) VALUES (154, 337);
INSERT INTO bookclub_members (clubid, userid) VALUES (154, 113);
INSERT INTO bookclub_members (clubid, userid) VALUES (154, 215);
INSERT INTO bookclub_members (clubid, userid) VALUES (154, 88);
INSERT INTO bookclub_members (clubid, userid) VALUES (154, 349);
INSERT INTO bookclub_members (clubid, userid) VALUES (154, 126);
INSERT INTO bookclub_members (clubid, userid) VALUES (154, 415);
INSERT INTO bookclub_reads (clubid, bookid, start_date, end_date, is_current) VALUES (154, 1014, '2025-06-21', '2025-08-02', TRUE);
INSERT INTO bookclub_reads (clubid, bookid, start_date, end_date, is_current) VALUES (154, 85, '2025-07-04', '2025-08-02', TRUE);
INSERT INTO bookclub_reads (clubid, bookid, start_date, end_date, is_current) VALUES (154, 454, '2025-05-04', '2025-06-03', FALSE);
INSERT INTO bookclub_reads (clubid, bookid, start_date, end_date, is_current) VALUES (154, 408, '2025-02-13', '2025-03-15', FALSE);
INSERT INTO bookclub_reads (clubid, bookid, start_date, end_date, is_current) VALUES (154, 100, '2025-06-05', '2025-07-05', FALSE);
INSERT INTO bookclub_reads (clubid, bookid, start_date, end_date, is_current) VALUES (154, 162, '2025-01-25', '2025-02-24', FALSE);
INSERT INTO bookclub_reads (clubid, bookid, start_date, end_date, is_current) VALUES (154, 534, '2025-02-16', '2025-03-18', FALSE);
INSERT INTO bookclub_reads (clubid, bookid, start_date, end_date, is_current) VALUES (154, 880, '2025-05-10', '2025-06-09', FALSE);
INSERT INTO bookclub_reads (clubid, bookid, start_date, end_date, is_current) VALUES (154, 356, '2025-02-26', '2025-03-28', FALSE);
INSERT INTO bookclub_reads (clubid, bookid, start_date, end_date, is_current) VALUES (154, 412, '2024-12-12', '2025-01-11', FALSE);
INSERT INTO bookclub_reads (clubid, bookid, start_date, end_date, is_current) VALUES (154, 165, '2025-01-26', '2025-02-25', FALSE);
INSERT INTO bookclub_reads (clubid, bookid, start_date, end_date, is_current) VALUES (154, 873, '2025-02-17', '2025-03-19', FALSE);
INSERT INTO bookclub_reads (clubid, bookid, start_date, end_date, is_current) VALUES (154, 935, '2024-12-31', '2025-01-30', FALSE);
INSERT INTO bookclub_reads (clubid, bookid, start_date, end_date, is_current) VALUES (154, 139, '2025-01-23', '2025-02-22', FALSE);
INSERT INTO bookclub_reads (clubid, bookid, start_date, end_date, is_current) VALUES (154, 493, '2025-03-18', '2025-04-17', FALSE);

INSERT INTO bookclubs (clubid, name, description, creatorid) VALUES (155, 'Book Club 22', 'This is the description for Book Club 22.', 362);
INSERT INTO bookclub_creators (clubid, userid) VALUES (155, 362);
INSERT INTO bookclub_members (clubid, userid) VALUES (155, 288);
INSERT INTO bookclub_members (clubid, userid) VALUES (155, 256);
INSERT INTO bookclub_members (clubid, userid) VALUES (155, 163);
INSERT INTO bookclub_members (clubid, userid) VALUES (155, 228);
INSERT INTO bookclub_members (clubid, userid) VALUES (155, 5);
INSERT INTO bookclub_members (clubid, userid) VALUES (155, 260);
INSERT INTO bookclub_members (clubid, userid) VALUES (155, 362);
INSERT INTO bookclub_members (clubid, userid) VALUES (155, 397);
INSERT INTO bookclub_members (clubid, userid) VALUES (155, 274);
INSERT INTO bookclub_members (clubid, userid) VALUES (155, 188);
INSERT INTO bookclub_members (clubid, userid) VALUES (155, 55);
INSERT INTO bookclub_members (clubid, userid) VALUES (155, 184);
INSERT INTO bookclub_members (clubid, userid) VALUES (155, 316);
INSERT INTO bookclub_members (clubid, userid) VALUES (155, 152);
INSERT INTO bookclub_members (clubid, userid) VALUES (155, 254);
INSERT INTO bookclub_reads (clubid, bookid, start_date, end_date, is_current) VALUES (155, 298, '2025-06-23', '2025-08-15', TRUE);
INSERT INTO bookclub_reads (clubid, bookid, start_date, end_date, is_current) VALUES (155, 77, '2025-06-30', '2025-08-16', TRUE);
INSERT INTO bookclub_reads (clubid, bookid, start_date, end_date, is_current) VALUES (155, 428, '2025-04-15', '2025-05-15', FALSE);
INSERT INTO bookclub_reads (clubid, bookid, start_date, end_date, is_current) VALUES (155, 333, '2025-01-07', '2025-02-06', FALSE);
INSERT INTO bookclub_reads (clubid, bookid, start_date, end_date, is_current) VALUES (155, 132, '2025-04-11', '2025-05-11', FALSE);
INSERT INTO bookclub_reads (clubid, bookid, start_date, end_date, is_current) VALUES (155, 515, '2025-01-01', '2025-01-31', FALSE);
INSERT INTO bookclub_reads (clubid, bookid, start_date, end_date, is_current) VALUES (155, 93, '2025-05-31', '2025-06-30', FALSE);
INSERT INTO bookclub_reads (clubid, bookid, start_date, end_date, is_current) VALUES (155, 152, '2025-02-05', '2025-03-07', FALSE);
INSERT INTO bookclub_reads (clubid, bookid, start_date, end_date, is_current) VALUES (155, 537, '2025-04-22', '2025-05-22', FALSE);

INSERT INTO bookclubs (clubid, name, description, creatorid) VALUES (156, 'Book Club 23', 'This is the description for Book Club 23.', 311);
INSERT INTO bookclub_creators (clubid, userid) VALUES (156, 311);
INSERT INTO bookclub_members (clubid, userid) VALUES (156, 291);
INSERT INTO bookclub_members (clubid, userid) VALUES (156, 196);
INSERT INTO bookclub_members (clubid, userid) VALUES (156, 229);
INSERT INTO bookclub_members (clubid, userid) VALUES (156, 3);
INSERT INTO bookclub_members (clubid, userid) VALUES (156, 395);
INSERT INTO bookclub_members (clubid, userid) VALUES (156, 140);
INSERT INTO bookclub_members (clubid, userid) VALUES (156, 268);
INSERT INTO bookclub_members (clubid, userid) VALUES (156, 311);
INSERT INTO bookclub_members (clubid, userid) VALUES (156, 247);
INSERT INTO bookclub_members (clubid, userid) VALUES (156, 217);
INSERT INTO bookclub_members (clubid, userid) VALUES (156, 443);
INSERT INTO bookclub_members (clubid, userid) VALUES (156, 60);
INSERT INTO bookclub_members (clubid, userid) VALUES (156, 29);
INSERT INTO bookclub_reads (clubid, bookid, start_date, end_date, is_current) VALUES (156, 356, '2025-06-19', '2025-08-13', TRUE);
INSERT INTO bookclub_reads (clubid, bookid, start_date, end_date, is_current) VALUES (156, 63, '2025-07-08', '2025-08-15', TRUE);
INSERT INTO bookclub_reads (clubid, bookid, start_date, end_date, is_current) VALUES (156, 762, '2025-06-04', '2025-07-04', FALSE);
INSERT INTO bookclub_reads (clubid, bookid, start_date, end_date, is_current) VALUES (156, 1097, '2025-02-12', '2025-03-14', FALSE);
INSERT INTO bookclub_reads (clubid, bookid, start_date, end_date, is_current) VALUES (156, 434, '2025-03-25', '2025-04-24', FALSE);
INSERT INTO bookclub_reads (clubid, bookid, start_date, end_date, is_current) VALUES (156, 998, '2025-05-05', '2025-06-04', FALSE);
INSERT INTO bookclub_reads (clubid, bookid, start_date, end_date, is_current) VALUES (156, 570, '2025-04-12', '2025-05-12', FALSE);
INSERT INTO bookclub_reads (clubid, bookid, start_date, end_date, is_current) VALUES (156, 330, '2025-01-21', '2025-02-20', FALSE);
INSERT INTO bookclub_reads (clubid, bookid, start_date, end_date, is_current) VALUES (156, 903, '2025-01-27', '2025-02-26', FALSE);
INSERT INTO bookclub_reads (clubid, bookid, start_date, end_date, is_current) VALUES (156, 89, '2025-04-12', '2025-05-12', FALSE);

INSERT INTO bookclubs (clubid, name, description, creatorid) VALUES (157, 'Book Club 24', 'This is the description for Book Club 24.', 27);
INSERT INTO bookclub_creators (clubid, userid) VALUES (157, 27);
INSERT INTO bookclub_members (clubid, userid) VALUES (157, 268);
INSERT INTO bookclub_members (clubid, userid) VALUES (157, 400);
INSERT INTO bookclub_members (clubid, userid) VALUES (157, 146);
INSERT INTO bookclub_members (clubid, userid) VALUES (157, 155);
INSERT INTO bookclub_members (clubid, userid) VALUES (157, 412);
INSERT INTO bookclub_members (clubid, userid) VALUES (157, 27);
INSERT INTO bookclub_members (clubid, userid) VALUES (157, 31);
INSERT INTO bookclub_members (clubid, userid) VALUES (157, 419);
INSERT INTO bookclub_members (clubid, userid) VALUES (157, 166);
INSERT INTO bookclub_members (clubid, userid) VALUES (157, 172);
INSERT INTO bookclub_members (clubid, userid) VALUES (157, 432);
INSERT INTO bookclub_members (clubid, userid) VALUES (157, 188);
INSERT INTO bookclub_members (clubid, userid) VALUES (157, 197);
INSERT INTO bookclub_members (clubid, userid) VALUES (157, 330);
INSERT INTO bookclub_members (clubid, userid) VALUES (157, 210);
INSERT INTO bookclub_members (clubid, userid) VALUES (157, 340);
INSERT INTO bookclub_members (clubid, userid) VALUES (157, 215);
INSERT INTO bookclub_members (clubid, userid) VALUES (157, 234);
INSERT INTO bookclub_members (clubid, userid) VALUES (157, 120);
INSERT INTO bookclub_members (clubid, userid) VALUES (157, 383);
INSERT INTO bookclub_reads (clubid, bookid, start_date, end_date, is_current) VALUES (157, 109, '2025-06-21', '2025-07-25', TRUE);
INSERT INTO bookclub_reads (clubid, bookid, start_date, end_date, is_current) VALUES (157, 413, '2025-02-13', '2025-03-15', FALSE);
INSERT INTO bookclub_reads (clubid, bookid, start_date, end_date, is_current) VALUES (157, 656, '2025-02-19', '2025-03-21', FALSE);
INSERT INTO bookclub_reads (clubid, bookid, start_date, end_date, is_current) VALUES (157, 51, '2025-03-10', '2025-04-09', FALSE);
INSERT INTO bookclub_reads (clubid, bookid, start_date, end_date, is_current) VALUES (157, 478, '2025-03-18', '2025-04-17', FALSE);
INSERT INTO bookclub_reads (clubid, bookid, start_date, end_date, is_current) VALUES (157, 880, '2024-12-19', '2025-01-18', FALSE);
INSERT INTO bookclub_reads (clubid, bookid, start_date, end_date, is_current) VALUES (157, 45, '2025-03-16', '2025-04-15', FALSE);
INSERT INTO bookclub_reads (clubid, bookid, start_date, end_date, is_current) VALUES (157, 399, '2025-05-24', '2025-06-23', FALSE);
INSERT INTO bookclub_reads (clubid, bookid, start_date, end_date, is_current) VALUES (157, 968, '2025-05-11', '2025-06-10', FALSE);
INSERT INTO bookclub_reads (clubid, bookid, start_date, end_date, is_current) VALUES (157, 23, '2025-02-26', '2025-03-28', FALSE);
INSERT INTO bookclub_reads (clubid, bookid, start_date, end_date, is_current) VALUES (157, 245, '2025-02-19', '2025-03-21', FALSE);
INSERT INTO bookclub_reads (clubid, bookid, start_date, end_date, is_current) VALUES (157, 18, '2025-05-26', '2025-06-25', FALSE);
INSERT INTO bookclub_reads (clubid, bookid, start_date, end_date, is_current) VALUES (157, 208, '2025-03-01', '2025-03-31', FALSE);
INSERT INTO bookclub_reads (clubid, bookid, start_date, end_date, is_current) VALUES (157, 425, '2025-04-19', '2025-05-19', FALSE);
INSERT INTO bookclub_reads (clubid, bookid, start_date, end_date, is_current) VALUES (157, 91, '2025-01-10', '2025-02-09', FALSE);
INSERT INTO bookclub_reads (clubid, bookid, start_date, end_date, is_current) VALUES (157, 799, '2024-12-26', '2025-01-25', FALSE);

INSERT INTO bookclubs (clubid, name, description, creatorid) VALUES (158, 'Book Club 25', 'This is the description for Book Club 25.', 354);
INSERT INTO bookclub_creators (clubid, userid) VALUES (158, 354);
INSERT INTO bookclub_members (clubid, userid) VALUES (158, 354);
INSERT INTO bookclub_members (clubid, userid) VALUES (158, 387);
INSERT INTO bookclub_members (clubid, userid) VALUES (158, 299);
INSERT INTO bookclub_members (clubid, userid) VALUES (158, 269);
INSERT INTO bookclub_members (clubid, userid) VALUES (158, 89);
INSERT INTO bookclub_reads (clubid, bookid, start_date, end_date, is_current) VALUES (158, 91, '2025-06-24', '2025-08-18', TRUE);
INSERT INTO bookclub_reads (clubid, bookid, start_date, end_date, is_current) VALUES (158, 524, '2025-01-04', '2025-02-03', FALSE);
INSERT INTO bookclub_reads (clubid, bookid, start_date, end_date, is_current) VALUES (158, 34, '2025-03-22', '2025-04-21', FALSE);
INSERT INTO bookclub_reads (clubid, bookid, start_date, end_date, is_current) VALUES (158, 8, '2025-03-13', '2025-04-12', FALSE);
INSERT INTO bookclub_reads (clubid, bookid, start_date, end_date, is_current) VALUES (158, 332, '2025-01-28', '2025-02-27', FALSE);
INSERT INTO bookclub_reads (clubid, bookid, start_date, end_date, is_current) VALUES (158, 290, '2025-03-03', '2025-04-02', FALSE);
INSERT INTO bookclub_reads (clubid, bookid, start_date, end_date, is_current) VALUES (158, 137, '2024-12-17', '2025-01-16', FALSE);
INSERT INTO bookclub_reads (clubid, bookid, start_date, end_date, is_current) VALUES (158, 866, '2024-12-31', '2025-01-30', FALSE);
INSERT INTO bookclub_reads (clubid, bookid, start_date, end_date, is_current) VALUES (158, 216, '2025-05-22', '2025-06-21', FALSE);
INSERT INTO bookclub_reads (clubid, bookid, start_date, end_date, is_current) VALUES (158, 356, '2025-04-14', '2025-05-14', FALSE);
INSERT INTO bookclub_reads (clubid, bookid, start_date, end_date, is_current) VALUES (158, 165, '2025-04-04', '2025-05-04', FALSE);
INSERT INTO bookclub_reads (clubid, bookid, start_date, end_date, is_current) VALUES (158, 330, '2025-01-22', '2025-02-21', FALSE);
INSERT INTO bookclub_reads (clubid, bookid, start_date, end_date, is_current) VALUES (158, 80, '2025-01-21', '2025-02-20', FALSE);
INSERT INTO bookclub_reads (clubid, bookid, start_date, end_date, is_current) VALUES (158, 27, '2025-01-22', '2025-02-21', FALSE);
INSERT INTO bookclub_reads (clubid, bookid, start_date, end_date, is_current) VALUES (158, 431, '2025-02-12', '2025-03-14', FALSE);
INSERT INTO bookclub_reads (clubid, bookid, start_date, end_date, is_current) VALUES (158, 141, '2024-12-22', '2025-01-21', FALSE);

INSERT INTO bookclubs (clubid, name, description, creatorid) VALUES (159, 'Book Club 26', 'This is the description for Book Club 26.', 79);
INSERT INTO bookclub_creators (clubid, userid) VALUES (159, 79);
INSERT INTO bookclub_members (clubid, userid) VALUES (159, 226);
INSERT INTO bookclub_members (clubid, userid) VALUES (159, 138);
INSERT INTO bookclub_members (clubid, userid) VALUES (159, 300);
INSERT INTO bookclub_members (clubid, userid) VALUES (159, 109);
INSERT INTO bookclub_members (clubid, userid) VALUES (159, 79);
INSERT INTO bookclub_members (clubid, userid) VALUES (159, 273);
INSERT INTO bookclub_members (clubid, userid) VALUES (159, 82);
INSERT INTO bookclub_members (clubid, userid) VALUES (159, 51);
INSERT INTO bookclub_members (clubid, userid) VALUES (159, 185);
INSERT INTO bookclub_members (clubid, userid) VALUES (159, 26);
INSERT INTO bookclub_reads (clubid, bookid, start_date, end_date, is_current) VALUES (159, 180, '2025-06-08', '2025-08-12', TRUE);
INSERT INTO bookclub_reads (clubid, bookid, start_date, end_date, is_current) VALUES (159, 386, '2025-07-06', '2025-08-11', TRUE);
INSERT INTO bookclub_reads (clubid, bookid, start_date, end_date, is_current) VALUES (159, 828, '2025-03-05', '2025-04-04', FALSE);
INSERT INTO bookclub_reads (clubid, bookid, start_date, end_date, is_current) VALUES (159, 787, '2025-02-05', '2025-03-07', FALSE);
INSERT INTO bookclub_reads (clubid, bookid, start_date, end_date, is_current) VALUES (159, 446, '2025-05-23', '2025-06-22', FALSE);
INSERT INTO bookclub_reads (clubid, bookid, start_date, end_date, is_current) VALUES (159, 50, '2024-12-24', '2025-01-23', FALSE);
INSERT INTO bookclub_reads (clubid, bookid, start_date, end_date, is_current) VALUES (159, 493, '2024-12-17', '2025-01-16', FALSE);
INSERT INTO bookclub_reads (clubid, bookid, start_date, end_date, is_current) VALUES (159, 476, '2025-01-02', '2025-02-01', FALSE);
INSERT INTO bookclub_reads (clubid, bookid, start_date, end_date, is_current) VALUES (159, 14, '2024-12-22', '2025-01-21', FALSE);

INSERT INTO bookclubs (clubid, name, description, creatorid) VALUES (160, 'Book Club 27', 'This is the description for Book Club 27.', 360);
INSERT INTO bookclub_creators (clubid, userid) VALUES (160, 360);
INSERT INTO bookclub_members (clubid, userid) VALUES (160, 350);
INSERT INTO bookclub_members (clubid, userid) VALUES (160, 162);
INSERT INTO bookclub_members (clubid, userid) VALUES (160, 291);
INSERT INTO bookclub_members (clubid, userid) VALUES (160, 196);
INSERT INTO bookclub_members (clubid, userid) VALUES (160, 360);
INSERT INTO bookclub_members (clubid, userid) VALUES (160, 394);
INSERT INTO bookclub_members (clubid, userid) VALUES (160, 142);
INSERT INTO bookclub_members (clubid, userid) VALUES (160, 272);
INSERT INTO bookclub_members (clubid, userid) VALUES (160, 339);
INSERT INTO bookclub_members (clubid, userid) VALUES (160, 371);
INSERT INTO bookclub_members (clubid, userid) VALUES (160, 341);
INSERT INTO bookclub_members (clubid, userid) VALUES (160, 214);
INSERT INTO bookclub_members (clubid, userid) VALUES (160, 153);
INSERT INTO bookclub_members (clubid, userid) VALUES (160, 154);
INSERT INTO bookclub_members (clubid, userid) VALUES (160, 123);
INSERT INTO bookclub_members (clubid, userid) VALUES (160, 284);
INSERT INTO bookclub_members (clubid, userid) VALUES (160, 221);
INSERT INTO bookclub_members (clubid, userid) VALUES (160, 94);
INSERT INTO bookclub_reads (clubid, bookid, start_date, end_date, is_current) VALUES (160, 249, '2025-07-03', '2025-08-04', TRUE);
INSERT INTO bookclub_reads (clubid, bookid, start_date, end_date, is_current) VALUES (160, 1005, '2025-03-27', '2025-04-26', FALSE);
INSERT INTO bookclub_reads (clubid, bookid, start_date, end_date, is_current) VALUES (160, 1073, '2025-05-19', '2025-06-18', FALSE);
INSERT INTO bookclub_reads (clubid, bookid, start_date, end_date, is_current) VALUES (160, 403, '2025-05-25', '2025-06-24', FALSE);
INSERT INTO bookclub_reads (clubid, bookid, start_date, end_date, is_current) VALUES (160, 477, '2025-01-30', '2025-03-01', FALSE);
INSERT INTO bookclub_reads (clubid, bookid, start_date, end_date, is_current) VALUES (160, 1078, '2025-02-13', '2025-03-15', FALSE);
INSERT INTO bookclub_reads (clubid, bookid, start_date, end_date, is_current) VALUES (160, 130, '2025-01-17', '2025-02-16', FALSE);

INSERT INTO bookclubs (clubid, name, description, creatorid) VALUES (161, 'Book Club 28', 'This is the description for Book Club 28.', 402);
INSERT INTO bookclub_creators (clubid, userid) VALUES (161, 402);
INSERT INTO bookclub_members (clubid, userid) VALUES (161, 140);
INSERT INTO bookclub_members (clubid, userid) VALUES (161, 268);
INSERT INTO bookclub_members (clubid, userid) VALUES (161, 269);
INSERT INTO bookclub_members (clubid, userid) VALUES (161, 273);
INSERT INTO bookclub_members (clubid, userid) VALUES (161, 402);
INSERT INTO bookclub_members (clubid, userid) VALUES (161, 283);
INSERT INTO bookclub_members (clubid, userid) VALUES (161, 27);
INSERT INTO bookclub_members (clubid, userid) VALUES (161, 32);
INSERT INTO bookclub_members (clubid, userid) VALUES (161, 173);
INSERT INTO bookclub_members (clubid, userid) VALUES (161, 429);
INSERT INTO bookclub_members (clubid, userid) VALUES (161, 312);
INSERT INTO bookclub_members (clubid, userid) VALUES (161, 58);
INSERT INTO bookclub_members (clubid, userid) VALUES (161, 442);
INSERT INTO bookclub_members (clubid, userid) VALUES (161, 444);
INSERT INTO bookclub_members (clubid, userid) VALUES (161, 221);
INSERT INTO bookclub_members (clubid, userid) VALUES (161, 223);
INSERT INTO bookclub_members (clubid, userid) VALUES (161, 228);
INSERT INTO bookclub_members (clubid, userid) VALUES (161, 106);
INSERT INTO bookclub_members (clubid, userid) VALUES (161, 250);
INSERT INTO bookclub_reads (clubid, bookid, start_date, end_date, is_current) VALUES (161, 156, '2025-06-23', '2025-08-06', TRUE);
INSERT INTO bookclub_reads (clubid, bookid, start_date, end_date, is_current) VALUES (161, 79, '2025-06-28', '2025-07-23', TRUE);
INSERT INTO bookclub_reads (clubid, bookid, start_date, end_date, is_current) VALUES (161, 37, '2025-02-17', '2025-03-19', FALSE);
INSERT INTO bookclub_reads (clubid, bookid, start_date, end_date, is_current) VALUES (161, 968, '2025-01-08', '2025-02-07', FALSE);
INSERT INTO bookclub_reads (clubid, bookid, start_date, end_date, is_current) VALUES (161, 826, '2025-04-01', '2025-05-01', FALSE);
INSERT INTO bookclub_reads (clubid, bookid, start_date, end_date, is_current) VALUES (161, 348, '2025-05-06', '2025-06-05', FALSE);
INSERT INTO bookclub_reads (clubid, bookid, start_date, end_date, is_current) VALUES (161, 840, '2025-04-21', '2025-05-21', FALSE);
INSERT INTO bookclub_reads (clubid, bookid, start_date, end_date, is_current) VALUES (161, 36, '2025-03-06', '2025-04-05', FALSE);
INSERT INTO bookclub_reads (clubid, bookid, start_date, end_date, is_current) VALUES (161, 76, '2025-05-27', '2025-06-26', FALSE);
INSERT INTO bookclub_reads (clubid, bookid, start_date, end_date, is_current) VALUES (161, 1097, '2025-03-17', '2025-04-16', FALSE);
INSERT INTO bookclub_reads (clubid, bookid, start_date, end_date, is_current) VALUES (161, 932, '2025-02-18', '2025-03-20', FALSE);
INSERT INTO bookclub_reads (clubid, bookid, start_date, end_date, is_current) VALUES (161, 1068, '2025-02-20', '2025-03-22', FALSE);
INSERT INTO bookclub_reads (clubid, bookid, start_date, end_date, is_current) VALUES (161, 424, '2025-03-21', '2025-04-20', FALSE);
INSERT INTO bookclub_reads (clubid, bookid, start_date, end_date, is_current) VALUES (161, 872, '2025-06-05', '2025-07-05', FALSE);
INSERT INTO bookclub_reads (clubid, bookid, start_date, end_date, is_current) VALUES (161, 355, '2025-03-07', '2025-04-06', FALSE);

INSERT INTO bookclubs (clubid, name, description, creatorid) VALUES (162, 'Book Club 29', 'This is the description for Book Club 29.', 194);
INSERT INTO bookclub_creators (clubid, userid) VALUES (162, 194);
INSERT INTO bookclub_members (clubid, userid) VALUES (162, 194);
INSERT INTO bookclub_members (clubid, userid) VALUES (162, 163);
INSERT INTO bookclub_members (clubid, userid) VALUES (162, 41);
INSERT INTO bookclub_members (clubid, userid) VALUES (162, 268);
INSERT INTO bookclub_members (clubid, userid) VALUES (162, 300);
INSERT INTO bookclub_members (clubid, userid) VALUES (162, 270);
INSERT INTO bookclub_members (clubid, userid) VALUES (162, 175);
INSERT INTO bookclub_members (clubid, userid) VALUES (162, 434);
INSERT INTO bookclub_members (clubid, userid) VALUES (162, 376);
INSERT INTO bookclub_members (clubid, userid) VALUES (162, 153);
INSERT INTO bookclub_members (clubid, userid) VALUES (162, 220);
INSERT INTO bookclub_members (clubid, userid) VALUES (162, 125);
INSERT INTO bookclub_members (clubid, userid) VALUES (162, 25);
INSERT INTO bookclub_reads (clubid, bookid, start_date, end_date, is_current) VALUES (162, 864, '2025-06-16', '2025-08-05', TRUE);
INSERT INTO bookclub_reads (clubid, bookid, start_date, end_date, is_current) VALUES (162, 90, '2025-07-08', '2025-08-04', TRUE);
INSERT INTO bookclub_reads (clubid, bookid, start_date, end_date, is_current) VALUES (162, 842, '2025-07-04', '2025-07-30', TRUE);
INSERT INTO bookclub_reads (clubid, bookid, start_date, end_date, is_current) VALUES (162, 94, '2025-04-06', '2025-05-06', FALSE);
INSERT INTO bookclub_reads (clubid, bookid, start_date, end_date, is_current) VALUES (162, 14, '2025-05-31', '2025-06-30', FALSE);
INSERT INTO bookclub_reads (clubid, bookid, start_date, end_date, is_current) VALUES (162, 147, '2025-02-24', '2025-03-26', FALSE);
INSERT INTO bookclub_reads (clubid, bookid, start_date, end_date, is_current) VALUES (162, 105, '2024-12-31', '2025-01-30', FALSE);
INSERT INTO bookclub_reads (clubid, bookid, start_date, end_date, is_current) VALUES (162, 403, '2024-12-17', '2025-01-16', FALSE);
INSERT INTO bookclub_reads (clubid, bookid, start_date, end_date, is_current) VALUES (162, 302, '2024-12-10', '2025-01-09', FALSE);
INSERT INTO bookclub_reads (clubid, bookid, start_date, end_date, is_current) VALUES (162, 515, '2025-01-30', '2025-03-01', FALSE);
INSERT INTO bookclub_reads (clubid, bookid, start_date, end_date, is_current) VALUES (162, 216, '2025-01-12', '2025-02-11', FALSE);
INSERT INTO bookclub_reads (clubid, bookid, start_date, end_date, is_current) VALUES (162, 1032, '2025-01-20', '2025-02-19', FALSE);
INSERT INTO bookclub_reads (clubid, bookid, start_date, end_date, is_current) VALUES (162, 766, '2025-05-03', '2025-06-02', FALSE);
INSERT INTO bookclub_reads (clubid, bookid, start_date, end_date, is_current) VALUES (162, 476, '2025-01-26', '2025-02-25', FALSE);

INSERT INTO bookclubs (clubid, name, description, creatorid) VALUES (163, 'Book Club 30', 'This is the description for Book Club 30.', 187);
INSERT INTO bookclub_creators (clubid, userid) VALUES (163, 187);
INSERT INTO bookclub_members (clubid, userid) VALUES (163, 320);
INSERT INTO bookclub_members (clubid, userid) VALUES (163, 130);
INSERT INTO bookclub_members (clubid, userid) VALUES (163, 163);
INSERT INTO bookclub_members (clubid, userid) VALUES (163, 387);
INSERT INTO bookclub_members (clubid, userid) VALUES (163, 358);
INSERT INTO bookclub_members (clubid, userid) VALUES (163, 231);
INSERT INTO bookclub_members (clubid, userid) VALUES (163, 137);
INSERT INTO bookclub_members (clubid, userid) VALUES (163, 10);
INSERT INTO bookclub_members (clubid, userid) VALUES (163, 108);
INSERT INTO bookclub_members (clubid, userid) VALUES (163, 24);
INSERT INTO bookclub_members (clubid, userid) VALUES (163, 187);
INSERT INTO bookclub_members (clubid, userid) VALUES (163, 127);
INSERT INTO bookclub_reads (clubid, bookid, start_date, end_date, is_current) VALUES (163, 355, '2025-06-18', '2025-07-24', TRUE);
INSERT INTO bookclub_reads (clubid, bookid, start_date, end_date, is_current) VALUES (163, 597, '2025-06-23', '2025-08-06', TRUE);
INSERT INTO bookclub_reads (clubid, bookid, start_date, end_date, is_current) VALUES (163, 107, '2025-04-18', '2025-05-18', FALSE);
INSERT INTO bookclub_reads (clubid, bookid, start_date, end_date, is_current) VALUES (163, 302, '2025-01-22', '2025-02-21', FALSE);
INSERT INTO bookclub_reads (clubid, bookid, start_date, end_date, is_current) VALUES (163, 80, '2025-03-05', '2025-04-04', FALSE);
INSERT INTO bookclub_reads (clubid, bookid, start_date, end_date, is_current) VALUES (163, 766, '2025-05-20', '2025-06-19', FALSE);
INSERT INTO bookclub_reads (clubid, bookid, start_date, end_date, is_current) VALUES (163, 356, '2025-05-08', '2025-06-07', FALSE);
INSERT INTO bookclub_reads (clubid, bookid, start_date, end_date, is_current) VALUES (163, 106, '2025-03-11', '2025-04-10', FALSE);
INSERT INTO bookclub_reads (clubid, bookid, start_date, end_date, is_current) VALUES (163, 290, '2025-04-05', '2025-05-05', FALSE);
INSERT INTO bookclub_reads (clubid, bookid, start_date, end_date, is_current) VALUES (163, 359, '2025-02-13', '2025-03-15', FALSE);
INSERT INTO bookclub_reads (clubid, bookid, start_date, end_date, is_current) VALUES (163, 515, '2025-03-19', '2025-04-18', FALSE);
INSERT INTO bookclub_reads (clubid, bookid, start_date, end_date, is_current) VALUES (163, 667, '2025-04-21', '2025-05-21', FALSE);
INSERT INTO bookclub_reads (clubid, bookid, start_date, end_date, is_current) VALUES (163, 14, '2025-05-10', '2025-06-09', FALSE);
INSERT INTO bookclub_reads (clubid, bookid, start_date, end_date, is_current) VALUES (163, 703, '2025-01-23', '2025-02-22', FALSE);

INSERT INTO bookclubs (clubid, name, description, creatorid) VALUES (164, 'Book Club 31', 'This is the description for Book Club 31.', 44);
INSERT INTO bookclub_creators (clubid, userid) VALUES (164, 44);
INSERT INTO bookclub_members (clubid, userid) VALUES (164, 96);
INSERT INTO bookclub_members (clubid, userid) VALUES (164, 355);
INSERT INTO bookclub_members (clubid, userid) VALUES (164, 71);
INSERT INTO bookclub_members (clubid, userid) VALUES (164, 11);
INSERT INTO bookclub_members (clubid, userid) VALUES (164, 44);
INSERT INTO bookclub_members (clubid, userid) VALUES (164, 141);
INSERT INTO bookclub_members (clubid, userid) VALUES (164, 87);
INSERT INTO bookclub_members (clubid, userid) VALUES (164, 186);
INSERT INTO bookclub_members (clubid, userid) VALUES (164, 414);
INSERT INTO bookclub_members (clubid, userid) VALUES (164, 95);
INSERT INTO bookclub_reads (clubid, bookid, start_date, end_date, is_current) VALUES (164, 865, '2025-06-15', '2025-08-05', TRUE);
INSERT INTO bookclub_reads (clubid, bookid, start_date, end_date, is_current) VALUES (164, 162, '2025-06-27', '2025-08-07', TRUE);
INSERT INTO bookclub_reads (clubid, bookid, start_date, end_date, is_current) VALUES (164, 58, '2025-05-04', '2025-06-03', FALSE);
INSERT INTO bookclub_reads (clubid, bookid, start_date, end_date, is_current) VALUES (164, 1099, '2024-12-28', '2025-01-27', FALSE);
INSERT INTO bookclub_reads (clubid, bookid, start_date, end_date, is_current) VALUES (164, 454, '2025-02-04', '2025-03-06', FALSE);
INSERT INTO bookclub_reads (clubid, bookid, start_date, end_date, is_current) VALUES (164, 787, '2025-04-27', '2025-05-27', FALSE);
INSERT INTO bookclub_reads (clubid, bookid, start_date, end_date, is_current) VALUES (164, 72, '2025-03-05', '2025-04-04', FALSE);
INSERT INTO bookclub_reads (clubid, bookid, start_date, end_date, is_current) VALUES (164, 404, '2025-01-11', '2025-02-10', FALSE);
INSERT INTO bookclub_reads (clubid, bookid, start_date, end_date, is_current) VALUES (164, 182, '2025-01-31', '2025-03-02', FALSE);
INSERT INTO bookclub_reads (clubid, bookid, start_date, end_date, is_current) VALUES (164, 980, '2025-03-13', '2025-04-12', FALSE);
INSERT INTO bookclub_reads (clubid, bookid, start_date, end_date, is_current) VALUES (164, 478, '2025-05-25', '2025-06-24', FALSE);
INSERT INTO bookclub_reads (clubid, bookid, start_date, end_date, is_current) VALUES (164, 766, '2025-05-14', '2025-06-13', FALSE);
INSERT INTO bookclub_reads (clubid, bookid, start_date, end_date, is_current) VALUES (164, 658, '2025-04-13', '2025-05-13', FALSE);
INSERT INTO bookclub_reads (clubid, bookid, start_date, end_date, is_current) VALUES (164, 599, '2025-01-04', '2025-02-03', FALSE);
INSERT INTO bookclub_reads (clubid, bookid, start_date, end_date, is_current) VALUES (164, 821, '2025-01-22', '2025-02-21', FALSE);
INSERT INTO bookclub_reads (clubid, bookid, start_date, end_date, is_current) VALUES (164, 1005, '2025-05-09', '2025-06-08', FALSE);

INSERT INTO bookclubs (clubid, name, description, creatorid) VALUES (165, 'Book Club 32', 'This is the description for Book Club 32.', 60);
INSERT INTO bookclub_creators (clubid, userid) VALUES (165, 60);
INSERT INTO bookclub_members (clubid, userid) VALUES (165, 1);
INSERT INTO bookclub_members (clubid, userid) VALUES (165, 433);
INSERT INTO bookclub_members (clubid, userid) VALUES (165, 275);
INSERT INTO bookclub_members (clubid, userid) VALUES (165, 244);
INSERT INTO bookclub_members (clubid, userid) VALUES (165, 27);
INSERT INTO bookclub_members (clubid, userid) VALUES (165, 60);
INSERT INTO bookclub_reads (clubid, bookid, start_date, end_date, is_current) VALUES (165, 497, '2025-06-20', '2025-08-02', TRUE);
INSERT INTO bookclub_reads (clubid, bookid, start_date, end_date, is_current) VALUES (165, 98, '2025-07-04', '2025-08-08', TRUE);
INSERT INTO bookclub_reads (clubid, bookid, start_date, end_date, is_current) VALUES (165, 1099, '2025-06-19', '2025-07-23', TRUE);
INSERT INTO bookclub_reads (clubid, bookid, start_date, end_date, is_current) VALUES (165, 81, '2025-01-01', '2025-01-31', FALSE);
INSERT INTO bookclub_reads (clubid, bookid, start_date, end_date, is_current) VALUES (165, 670, '2025-05-12', '2025-06-11', FALSE);
INSERT INTO bookclub_reads (clubid, bookid, start_date, end_date, is_current) VALUES (165, 9, '2025-01-04', '2025-02-03', FALSE);
INSERT INTO bookclub_reads (clubid, bookid, start_date, end_date, is_current) VALUES (165, 292, '2025-02-03', '2025-03-05', FALSE);
INSERT INTO bookclub_reads (clubid, bookid, start_date, end_date, is_current) VALUES (165, 434, '2025-02-13', '2025-03-15', FALSE);
INSERT INTO bookclub_reads (clubid, bookid, start_date, end_date, is_current) VALUES (165, 787, '2025-05-03', '2025-06-02', FALSE);
INSERT INTO bookclub_reads (clubid, bookid, start_date, end_date, is_current) VALUES (165, 523, '2025-06-06', '2025-07-06', FALSE);
INSERT INTO bookclub_reads (clubid, bookid, start_date, end_date, is_current) VALUES (165, 765, '2025-04-02', '2025-05-02', FALSE);
INSERT INTO bookclub_reads (clubid, bookid, start_date, end_date, is_current) VALUES (165, 250, '2025-02-14', '2025-03-16', FALSE);
INSERT INTO bookclub_reads (clubid, bookid, start_date, end_date, is_current) VALUES (165, 66, '2025-04-29', '2025-05-29', FALSE);
INSERT INTO bookclub_reads (clubid, bookid, start_date, end_date, is_current) VALUES (165, 37, '2025-02-21', '2025-03-23', FALSE);
INSERT INTO bookclub_reads (clubid, bookid, start_date, end_date, is_current) VALUES (165, 147, '2025-04-19', '2025-05-19', FALSE);
INSERT INTO bookclub_reads (clubid, bookid, start_date, end_date, is_current) VALUES (165, 25, '2025-01-28', '2025-02-27', FALSE);
INSERT INTO bookclub_reads (clubid, bookid, start_date, end_date, is_current) VALUES (165, 154, '2025-01-04', '2025-02-03', FALSE);
INSERT INTO bookclub_reads (clubid, bookid, start_date, end_date, is_current) VALUES (165, 16, '2025-03-11', '2025-04-10', FALSE);

INSERT INTO bookclubs (clubid, name, description, creatorid) VALUES (166, 'Book Club 33', 'This is the description for Book Club 33.', 105);
INSERT INTO bookclub_creators (clubid, userid) VALUES (166, 105);
INSERT INTO bookclub_members (clubid, userid) VALUES (166, 96);
INSERT INTO bookclub_members (clubid, userid) VALUES (166, 257);
INSERT INTO bookclub_members (clubid, userid) VALUES (166, 97);
INSERT INTO bookclub_members (clubid, userid) VALUES (166, 160);
INSERT INTO bookclub_members (clubid, userid) VALUES (166, 197);
INSERT INTO bookclub_members (clubid, userid) VALUES (166, 7);
INSERT INTO bookclub_members (clubid, userid) VALUES (166, 360);
INSERT INTO bookclub_members (clubid, userid) VALUES (166, 105);
INSERT INTO bookclub_members (clubid, userid) VALUES (166, 209);
INSERT INTO bookclub_members (clubid, userid) VALUES (166, 343);
INSERT INTO bookclub_reads (clubid, bookid, start_date, end_date, is_current) VALUES (166, 119, '2025-06-20', '2025-08-06', TRUE);
INSERT INTO bookclub_reads (clubid, bookid, start_date, end_date, is_current) VALUES (166, 966, '2025-06-12', '2025-07-28', TRUE);
INSERT INTO bookclub_reads (clubid, bookid, start_date, end_date, is_current) VALUES (166, 432, '2025-06-15', '2025-08-08', TRUE);
INSERT INTO bookclub_reads (clubid, bookid, start_date, end_date, is_current) VALUES (166, 144, '2025-01-05', '2025-02-04', FALSE);
INSERT INTO bookclub_reads (clubid, bookid, start_date, end_date, is_current) VALUES (166, 386, '2025-02-02', '2025-03-04', FALSE);
INSERT INTO bookclub_reads (clubid, bookid, start_date, end_date, is_current) VALUES (166, 434, '2025-02-18', '2025-03-20', FALSE);
INSERT INTO bookclub_reads (clubid, bookid, start_date, end_date, is_current) VALUES (166, 771, '2025-02-25', '2025-03-27', FALSE);
INSERT INTO bookclub_reads (clubid, bookid, start_date, end_date, is_current) VALUES (166, 702, '2025-02-08', '2025-03-10', FALSE);
INSERT INTO bookclub_reads (clubid, bookid, start_date, end_date, is_current) VALUES (166, 313, '2025-03-16', '2025-04-15', FALSE);
INSERT INTO bookclub_reads (clubid, bookid, start_date, end_date, is_current) VALUES (166, 133, '2025-05-06', '2025-06-05', FALSE);
INSERT INTO bookclub_reads (clubid, bookid, start_date, end_date, is_current) VALUES (166, 1052, '2025-03-22', '2025-04-21', FALSE);
INSERT INTO bookclub_reads (clubid, bookid, start_date, end_date, is_current) VALUES (166, 960, '2025-02-27', '2025-03-29', FALSE);
INSERT INTO bookclub_reads (clubid, bookid, start_date, end_date, is_current) VALUES (166, 763, '2025-04-23', '2025-05-23', FALSE);
INSERT INTO bookclub_reads (clubid, bookid, start_date, end_date, is_current) VALUES (166, 655, '2025-05-20', '2025-06-19', FALSE);
INSERT INTO bookclub_reads (clubid, bookid, start_date, end_date, is_current) VALUES (166, 93, '2025-05-10', '2025-06-09', FALSE);

INSERT INTO bookclubs (clubid, name, description, creatorid) VALUES (167, 'Book Club 34', 'This is the description for Book Club 34.', 340);
INSERT INTO bookclub_creators (clubid, userid) VALUES (167, 340);
INSERT INTO bookclub_members (clubid, userid) VALUES (167, 131);
INSERT INTO bookclub_members (clubid, userid) VALUES (167, 395);
INSERT INTO bookclub_members (clubid, userid) VALUES (167, 107);
INSERT INTO bookclub_members (clubid, userid) VALUES (167, 140);
INSERT INTO bookclub_members (clubid, userid) VALUES (167, 340);
INSERT INTO bookclub_members (clubid, userid) VALUES (167, 89);
INSERT INTO bookclub_reads (clubid, bookid, start_date, end_date, is_current) VALUES (167, 76, '2025-07-07', '2025-08-01', TRUE);
INSERT INTO bookclub_reads (clubid, bookid, start_date, end_date, is_current) VALUES (167, 537, '2025-04-13', '2025-05-13', FALSE);
INSERT INTO bookclub_reads (clubid, bookid, start_date, end_date, is_current) VALUES (167, 1005, '2025-02-08', '2025-03-10', FALSE);
INSERT INTO bookclub_reads (clubid, bookid, start_date, end_date, is_current) VALUES (167, 122, '2025-02-16', '2025-03-18', FALSE);
INSERT INTO bookclub_reads (clubid, bookid, start_date, end_date, is_current) VALUES (167, 144, '2025-03-24', '2025-04-23', FALSE);
INSERT INTO bookclub_reads (clubid, bookid, start_date, end_date, is_current) VALUES (167, 685, '2025-03-07', '2025-04-06', FALSE);
INSERT INTO bookclub_reads (clubid, bookid, start_date, end_date, is_current) VALUES (167, 481, '2025-02-17', '2025-03-19', FALSE);

INSERT INTO bookclubs (clubid, name, description, creatorid) VALUES (168, 'Book Club 35', 'This is the description for Book Club 35.', 327);
INSERT INTO bookclub_creators (clubid, userid) VALUES (168, 327);
INSERT INTO bookclub_members (clubid, userid) VALUES (168, 389);
INSERT INTO bookclub_members (clubid, userid) VALUES (168, 167);
INSERT INTO bookclub_members (clubid, userid) VALUES (168, 327);
INSERT INTO bookclub_members (clubid, userid) VALUES (168, 233);
INSERT INTO bookclub_members (clubid, userid) VALUES (168, 203);
INSERT INTO bookclub_members (clubid, userid) VALUES (168, 109);
INSERT INTO bookclub_members (clubid, userid) VALUES (168, 78);
INSERT INTO bookclub_members (clubid, userid) VALUES (168, 335);
INSERT INTO bookclub_members (clubid, userid) VALUES (168, 310);
INSERT INTO bookclub_members (clubid, userid) VALUES (168, 440);
INSERT INTO bookclub_members (clubid, userid) VALUES (168, 185);
INSERT INTO bookclub_members (clubid, userid) VALUES (168, 218);
INSERT INTO bookclub_members (clubid, userid) VALUES (168, 283);
INSERT INTO bookclub_members (clubid, userid) VALUES (168, 253);
INSERT INTO bookclub_reads (clubid, bookid, start_date, end_date, is_current) VALUES (168, 377, '2025-06-29', '2025-07-27', TRUE);
INSERT INTO bookclub_reads (clubid, bookid, start_date, end_date, is_current) VALUES (168, 888, '2025-06-24', '2025-08-17', TRUE);
INSERT INTO bookclub_reads (clubid, bookid, start_date, end_date, is_current) VALUES (168, 422, '2025-01-20', '2025-02-19', FALSE);
INSERT INTO bookclub_reads (clubid, bookid, start_date, end_date, is_current) VALUES (168, 252, '2025-01-10', '2025-02-09', FALSE);
INSERT INTO bookclub_reads (clubid, bookid, start_date, end_date, is_current) VALUES (168, 324, '2025-01-20', '2025-02-19', FALSE);
INSERT INTO bookclub_reads (clubid, bookid, start_date, end_date, is_current) VALUES (168, 162, '2025-03-15', '2025-04-14', FALSE);
INSERT INTO bookclub_reads (clubid, bookid, start_date, end_date, is_current) VALUES (168, 763, '2025-04-23', '2025-05-23', FALSE);
INSERT INTO bookclub_reads (clubid, bookid, start_date, end_date, is_current) VALUES (168, 434, '2025-02-03', '2025-03-05', FALSE);
INSERT INTO bookclub_reads (clubid, bookid, start_date, end_date, is_current) VALUES (168, 960, '2024-12-20', '2025-01-19', FALSE);
INSERT INTO bookclub_reads (clubid, bookid, start_date, end_date, is_current) VALUES (168, 2, '2025-05-20', '2025-06-19', FALSE);
INSERT INTO bookclub_reads (clubid, bookid, start_date, end_date, is_current) VALUES (168, 1059, '2025-04-01', '2025-05-01', FALSE);
INSERT INTO bookclub_reads (clubid, bookid, start_date, end_date, is_current) VALUES (168, 74, '2025-04-22', '2025-05-22', FALSE);
INSERT INTO bookclub_reads (clubid, bookid, start_date, end_date, is_current) VALUES (168, 498, '2025-05-02', '2025-06-01', FALSE);
INSERT INTO bookclub_reads (clubid, bookid, start_date, end_date, is_current) VALUES (168, 576, '2025-03-18', '2025-04-17', FALSE);
INSERT INTO bookclub_reads (clubid, bookid, start_date, end_date, is_current) VALUES (168, 285, '2025-05-06', '2025-06-05', FALSE);
INSERT INTO bookclub_reads (clubid, bookid, start_date, end_date, is_current) VALUES (168, 762, '2025-05-31', '2025-06-30', FALSE);

INSERT INTO bookclubs (clubid, name, description, creatorid) VALUES (169, 'Book Club 36', 'This is the description for Book Club 36.', 53);
INSERT INTO bookclub_creators (clubid, userid) VALUES (169, 53);
INSERT INTO bookclub_members (clubid, userid) VALUES (169, 128);
INSERT INTO bookclub_members (clubid, userid) VALUES (169, 133);
INSERT INTO bookclub_members (clubid, userid) VALUES (169, 358);
INSERT INTO bookclub_members (clubid, userid) VALUES (169, 391);
INSERT INTO bookclub_members (clubid, userid) VALUES (169, 299);
INSERT INTO bookclub_members (clubid, userid) VALUES (169, 13);
INSERT INTO bookclub_members (clubid, userid) VALUES (169, 50);
INSERT INTO bookclub_members (clubid, userid) VALUES (169, 53);
INSERT INTO bookclub_members (clubid, userid) VALUES (169, 86);
INSERT INTO bookclub_members (clubid, userid) VALUES (169, 377);
INSERT INTO bookclub_members (clubid, userid) VALUES (169, 250);
INSERT INTO bookclub_members (clubid, userid) VALUES (169, 411);
INSERT INTO bookclub_members (clubid, userid) VALUES (169, 220);
INSERT INTO bookclub_members (clubid, userid) VALUES (169, 222);
INSERT INTO bookclub_reads (clubid, bookid, start_date, end_date, is_current) VALUES (169, 969, '2025-06-21', '2025-08-19', TRUE);
INSERT INTO bookclub_reads (clubid, bookid, start_date, end_date, is_current) VALUES (169, 5, '2025-01-02', '2025-02-01', FALSE);
INSERT INTO bookclub_reads (clubid, bookid, start_date, end_date, is_current) VALUES (169, 865, '2025-01-25', '2025-02-24', FALSE);
INSERT INTO bookclub_reads (clubid, bookid, start_date, end_date, is_current) VALUES (169, 827, '2025-02-08', '2025-03-10', FALSE);
INSERT INTO bookclub_reads (clubid, bookid, start_date, end_date, is_current) VALUES (169, 138, '2025-06-07', '2025-07-07', FALSE);
INSERT INTO bookclub_reads (clubid, bookid, start_date, end_date, is_current) VALUES (169, 2, '2025-01-25', '2025-02-24', FALSE);
INSERT INTO bookclub_reads (clubid, bookid, start_date, end_date, is_current) VALUES (169, 30, '2025-02-27', '2025-03-29', FALSE);
INSERT INTO bookclub_reads (clubid, bookid, start_date, end_date, is_current) VALUES (169, 75, '2025-05-14', '2025-06-13', FALSE);
INSERT INTO bookclub_reads (clubid, bookid, start_date, end_date, is_current) VALUES (169, 277, '2025-03-13', '2025-04-12', FALSE);
INSERT INTO bookclub_reads (clubid, bookid, start_date, end_date, is_current) VALUES (169, 27, '2025-03-31', '2025-04-30', FALSE);
INSERT INTO bookclub_reads (clubid, bookid, start_date, end_date, is_current) VALUES (169, 177, '2025-02-21', '2025-03-23', FALSE);
INSERT INTO bookclub_reads (clubid, bookid, start_date, end_date, is_current) VALUES (169, 61, '2025-05-28', '2025-06-27', FALSE);
INSERT INTO bookclub_reads (clubid, bookid, start_date, end_date, is_current) VALUES (169, 207, '2024-12-24', '2025-01-23', FALSE);
INSERT INTO bookclub_reads (clubid, bookid, start_date, end_date, is_current) VALUES (169, 181, '2024-12-16', '2025-01-15', FALSE);

INSERT INTO bookclubs (clubid, name, description, creatorid) VALUES (170, 'Book Club 37', 'This is the description for Book Club 37.', 137);
INSERT INTO bookclub_creators (clubid, userid) VALUES (170, 137);
INSERT INTO bookclub_members (clubid, userid) VALUES (170, 33);
INSERT INTO bookclub_members (clubid, userid) VALUES (170, 129);
INSERT INTO bookclub_members (clubid, userid) VALUES (170, 163);
INSERT INTO bookclub_members (clubid, userid) VALUES (170, 100);
INSERT INTO bookclub_members (clubid, userid) VALUES (170, 357);
INSERT INTO bookclub_members (clubid, userid) VALUES (170, 200);
INSERT INTO bookclub_members (clubid, userid) VALUES (170, 41);
INSERT INTO bookclub_members (clubid, userid) VALUES (170, 137);
INSERT INTO bookclub_members (clubid, userid) VALUES (170, 204);
INSERT INTO bookclub_members (clubid, userid) VALUES (170, 47);
INSERT INTO bookclub_members (clubid, userid) VALUES (170, 145);
INSERT INTO bookclub_members (clubid, userid) VALUES (170, 81);
INSERT INTO bookclub_members (clubid, userid) VALUES (170, 278);
INSERT INTO bookclub_members (clubid, userid) VALUES (170, 410);
INSERT INTO bookclub_members (clubid, userid) VALUES (170, 251);
INSERT INTO bookclub_members (clubid, userid) VALUES (170, 60);
INSERT INTO bookclub_reads (clubid, bookid, start_date, end_date, is_current) VALUES (170, 177, '2025-06-19', '2025-08-17', TRUE);
INSERT INTO bookclub_reads (clubid, bookid, start_date, end_date, is_current) VALUES (170, 357, '2025-06-27', '2025-08-08', TRUE);
INSERT INTO bookclub_reads (clubid, bookid, start_date, end_date, is_current) VALUES (170, 453, '2025-02-21', '2025-03-23', FALSE);
INSERT INTO bookclub_reads (clubid, bookid, start_date, end_date, is_current) VALUES (170, 288, '2025-03-08', '2025-04-07', FALSE);
INSERT INTO bookclub_reads (clubid, bookid, start_date, end_date, is_current) VALUES (170, 166, '2025-04-13', '2025-05-13', FALSE);
INSERT INTO bookclub_reads (clubid, bookid, start_date, end_date, is_current) VALUES (170, 45, '2025-03-13', '2025-04-12', FALSE);
INSERT INTO bookclub_reads (clubid, bookid, start_date, end_date, is_current) VALUES (170, 333, '2025-02-17', '2025-03-19', FALSE);
INSERT INTO bookclub_reads (clubid, bookid, start_date, end_date, is_current) VALUES (170, 1067, '2025-05-03', '2025-06-02', FALSE);
INSERT INTO bookclub_reads (clubid, bookid, start_date, end_date, is_current) VALUES (170, 975, '2024-12-25', '2025-01-24', FALSE);
INSERT INTO bookclub_reads (clubid, bookid, start_date, end_date, is_current) VALUES (170, 642, '2025-02-17', '2025-03-19', FALSE);
INSERT INTO bookclub_reads (clubid, bookid, start_date, end_date, is_current) VALUES (170, 816, '2025-04-10', '2025-05-10', FALSE);
INSERT INTO bookclub_reads (clubid, bookid, start_date, end_date, is_current) VALUES (170, 416, '2025-02-15', '2025-03-17', FALSE);
INSERT INTO bookclub_reads (clubid, bookid, start_date, end_date, is_current) VALUES (170, 498, '2025-03-23', '2025-04-22', FALSE);
INSERT INTO bookclub_reads (clubid, bookid, start_date, end_date, is_current) VALUES (170, 423, '2025-03-26', '2025-04-25', FALSE);
INSERT INTO bookclub_reads (clubid, bookid, start_date, end_date, is_current) VALUES (170, 668, '2025-04-15', '2025-05-15', FALSE);
INSERT INTO bookclub_reads (clubid, bookid, start_date, end_date, is_current) VALUES (170, 313, '2025-04-24', '2025-05-24', FALSE);
INSERT INTO bookclub_reads (clubid, bookid, start_date, end_date, is_current) VALUES (170, 278, '2025-02-16', '2025-03-18', FALSE);

INSERT INTO bookclubs (clubid, name, description, creatorid) VALUES (171, 'Book Club 38', 'This is the description for Book Club 38.', 304);
INSERT INTO bookclub_creators (clubid, userid) VALUES (171, 304);
INSERT INTO bookclub_members (clubid, userid) VALUES (171, 260);
INSERT INTO bookclub_members (clubid, userid) VALUES (171, 396);
INSERT INTO bookclub_members (clubid, userid) VALUES (171, 146);
INSERT INTO bookclub_members (clubid, userid) VALUES (171, 150);
INSERT INTO bookclub_members (clubid, userid) VALUES (171, 164);
INSERT INTO bookclub_members (clubid, userid) VALUES (171, 423);
INSERT INTO bookclub_members (clubid, userid) VALUES (171, 44);
INSERT INTO bookclub_members (clubid, userid) VALUES (171, 429);
INSERT INTO bookclub_members (clubid, userid) VALUES (171, 432);
INSERT INTO bookclub_members (clubid, userid) VALUES (171, 304);
INSERT INTO bookclub_members (clubid, userid) VALUES (171, 309);
INSERT INTO bookclub_members (clubid, userid) VALUES (171, 445);
INSERT INTO bookclub_members (clubid, userid) VALUES (171, 77);
INSERT INTO bookclub_members (clubid, userid) VALUES (171, 214);
INSERT INTO bookclub_members (clubid, userid) VALUES (171, 220);
INSERT INTO bookclub_members (clubid, userid) VALUES (171, 222);
INSERT INTO bookclub_members (clubid, userid) VALUES (171, 101);
INSERT INTO bookclub_members (clubid, userid) VALUES (171, 371);
INSERT INTO bookclub_members (clubid, userid) VALUES (171, 245);
INSERT INTO bookclub_members (clubid, userid) VALUES (171, 125);
INSERT INTO bookclub_reads (clubid, bookid, start_date, end_date, is_current) VALUES (171, 763, '2025-06-13', '2025-07-28', TRUE);
INSERT INTO bookclub_reads (clubid, bookid, start_date, end_date, is_current) VALUES (171, 156, '2025-03-28', '2025-04-27', FALSE);
INSERT INTO bookclub_reads (clubid, bookid, start_date, end_date, is_current) VALUES (171, 444, '2025-05-30', '2025-06-29', FALSE);
INSERT INTO bookclub_reads (clubid, bookid, start_date, end_date, is_current) VALUES (171, 431, '2024-12-29', '2025-01-28', FALSE);
INSERT INTO bookclub_reads (clubid, bookid, start_date, end_date, is_current) VALUES (171, 181, '2025-05-20', '2025-06-19', FALSE);
INSERT INTO bookclub_reads (clubid, bookid, start_date, end_date, is_current) VALUES (171, 410, '2024-12-20', '2025-01-19', FALSE);

INSERT INTO bookclubs (clubid, name, description, creatorid) VALUES (172, 'Book Club 39', 'This is the description for Book Club 39.', 284);
INSERT INTO bookclub_creators (clubid, userid) VALUES (172, 284);
INSERT INTO bookclub_members (clubid, userid) VALUES (172, 37);
INSERT INTO bookclub_members (clubid, userid) VALUES (172, 231);
INSERT INTO bookclub_members (clubid, userid) VALUES (172, 391);
INSERT INTO bookclub_members (clubid, userid) VALUES (172, 265);
INSERT INTO bookclub_members (clubid, userid) VALUES (172, 74);
INSERT INTO bookclub_members (clubid, userid) VALUES (172, 266);
INSERT INTO bookclub_members (clubid, userid) VALUES (172, 141);
INSERT INTO bookclub_members (clubid, userid) VALUES (172, 208);
INSERT INTO bookclub_members (clubid, userid) VALUES (172, 16);
INSERT INTO bookclub_members (clubid, userid) VALUES (172, 306);
INSERT INTO bookclub_members (clubid, userid) VALUES (172, 148);
INSERT INTO bookclub_members (clubid, userid) VALUES (172, 53);
INSERT INTO bookclub_members (clubid, userid) VALUES (172, 213);
INSERT INTO bookclub_members (clubid, userid) VALUES (172, 149);
INSERT INTO bookclub_members (clubid, userid) VALUES (172, 152);
INSERT INTO bookclub_members (clubid, userid) VALUES (172, 58);
INSERT INTO bookclub_members (clubid, userid) VALUES (172, 284);
INSERT INTO bookclub_members (clubid, userid) VALUES (172, 382);
INSERT INTO bookclub_reads (clubid, bookid, start_date, end_date, is_current) VALUES (172, 972, '2025-07-06', '2025-07-24', TRUE);
INSERT INTO bookclub_reads (clubid, bookid, start_date, end_date, is_current) VALUES (172, 412, '2025-07-01', '2025-08-14', TRUE);
INSERT INTO bookclub_reads (clubid, bookid, start_date, end_date, is_current) VALUES (172, 903, '2025-05-18', '2025-06-17', FALSE);
INSERT INTO bookclub_reads (clubid, bookid, start_date, end_date, is_current) VALUES (172, 406, '2025-03-03', '2025-04-02', FALSE);
INSERT INTO bookclub_reads (clubid, bookid, start_date, end_date, is_current) VALUES (172, 1059, '2025-03-12', '2025-04-11', FALSE);
INSERT INTO bookclub_reads (clubid, bookid, start_date, end_date, is_current) VALUES (172, 151, '2025-04-14', '2025-05-14', FALSE);
INSERT INTO bookclub_reads (clubid, bookid, start_date, end_date, is_current) VALUES (172, 869, '2025-02-16', '2025-03-18', FALSE);
INSERT INTO bookclub_reads (clubid, bookid, start_date, end_date, is_current) VALUES (172, 409, '2025-05-04', '2025-06-03', FALSE);
INSERT INTO bookclub_reads (clubid, bookid, start_date, end_date, is_current) VALUES (172, 16, '2025-06-01', '2025-07-01', FALSE);
INSERT INTO bookclub_reads (clubid, bookid, start_date, end_date, is_current) VALUES (172, 12, '2024-12-14', '2025-01-13', FALSE);
INSERT INTO bookclub_reads (clubid, bookid, start_date, end_date, is_current) VALUES (172, 619, '2025-01-21', '2025-02-20', FALSE);

INSERT INTO bookclubs (clubid, name, description, creatorid) VALUES (173, 'Book Club 40', 'This is the description for Book Club 40.', 240);
INSERT INTO bookclub_creators (clubid, userid) VALUES (173, 240);
INSERT INTO bookclub_members (clubid, userid) VALUES (173, 439);
INSERT INTO bookclub_members (clubid, userid) VALUES (173, 322);
INSERT INTO bookclub_members (clubid, userid) VALUES (173, 35);
INSERT INTO bookclub_members (clubid, userid) VALUES (173, 419);
INSERT INTO bookclub_members (clubid, userid) VALUES (173, 323);
INSERT INTO bookclub_members (clubid, userid) VALUES (173, 7);
INSERT INTO bookclub_members (clubid, userid) VALUES (173, 104);
INSERT INTO bookclub_members (clubid, userid) VALUES (173, 200);
INSERT INTO bookclub_members (clubid, userid) VALUES (173, 394);
INSERT INTO bookclub_members (clubid, userid) VALUES (173, 302);
INSERT INTO bookclub_members (clubid, userid) VALUES (173, 304);
INSERT INTO bookclub_members (clubid, userid) VALUES (173, 113);
INSERT INTO bookclub_members (clubid, userid) VALUES (173, 338);
INSERT INTO bookclub_members (clubid, userid) VALUES (173, 240);
INSERT INTO bookclub_members (clubid, userid) VALUES (173, 21);
INSERT INTO bookclub_members (clubid, userid) VALUES (173, 149);
INSERT INTO bookclub_members (clubid, userid) VALUES (173, 87);
INSERT INTO bookclub_members (clubid, userid) VALUES (173, 154);
INSERT INTO bookclub_reads (clubid, bookid, start_date, end_date, is_current) VALUES (173, 385, '2025-06-28', '2025-08-09', TRUE);
INSERT INTO bookclub_reads (clubid, bookid, start_date, end_date, is_current) VALUES (173, 278, '2025-06-27', '2025-08-01', TRUE);
INSERT INTO bookclub_reads (clubid, bookid, start_date, end_date, is_current) VALUES (173, 702, '2025-06-19', '2025-08-11', TRUE);
INSERT INTO bookclub_reads (clubid, bookid, start_date, end_date, is_current) VALUES (173, 99, '2024-12-30', '2025-01-29', FALSE);
INSERT INTO bookclub_reads (clubid, bookid, start_date, end_date, is_current) VALUES (173, 166, '2025-02-13', '2025-03-15', FALSE);
INSERT INTO bookclub_reads (clubid, bookid, start_date, end_date, is_current) VALUES (173, 494, '2025-03-14', '2025-04-13', FALSE);
INSERT INTO bookclub_reads (clubid, bookid, start_date, end_date, is_current) VALUES (173, 524, '2024-12-30', '2025-01-29', FALSE);
INSERT INTO bookclub_reads (clubid, bookid, start_date, end_date, is_current) VALUES (173, 667, '2025-04-08', '2025-05-08', FALSE);
INSERT INTO bookclub_reads (clubid, bookid, start_date, end_date, is_current) VALUES (173, 656, '2024-12-15', '2025-01-14', FALSE);
INSERT INTO bookclub_reads (clubid, bookid, start_date, end_date, is_current) VALUES (173, 864, '2025-01-17', '2025-02-16', FALSE);
INSERT INTO bookclub_reads (clubid, bookid, start_date, end_date, is_current) VALUES (173, 117, '2025-02-08', '2025-03-10', FALSE);
INSERT INTO bookclub_reads (clubid, bookid, start_date, end_date, is_current) VALUES (173, 425, '2025-03-12', '2025-04-11', FALSE);
INSERT INTO bookclub_reads (clubid, bookid, start_date, end_date, is_current) VALUES (173, 822, '2025-06-07', '2025-07-07', FALSE);
INSERT INTO bookclub_reads (clubid, bookid, start_date, end_date, is_current) VALUES (173, 251, '2025-04-12', '2025-05-12', FALSE);
INSERT INTO bookclub_reads (clubid, bookid, start_date, end_date, is_current) VALUES (173, 58, '2024-12-24', '2025-01-23', FALSE);
INSERT INTO bookclub_reads (clubid, bookid, start_date, end_date, is_current) VALUES (173, 944, '2025-02-08', '2025-03-10', FALSE);

INSERT INTO bookclubs (clubid, name, description, creatorid) VALUES (174, 'Book Club 41', 'This is the description for Book Club 41.', 242);
INSERT INTO bookclub_creators (clubid, userid) VALUES (174, 242);
INSERT INTO bookclub_members (clubid, userid) VALUES (174, 7);
INSERT INTO bookclub_members (clubid, userid) VALUES (174, 39);
INSERT INTO bookclub_members (clubid, userid) VALUES (174, 138);
INSERT INTO bookclub_members (clubid, userid) VALUES (174, 362);
INSERT INTO bookclub_members (clubid, userid) VALUES (174, 305);
INSERT INTO bookclub_members (clubid, userid) VALUES (174, 242);
INSERT INTO bookclub_members (clubid, userid) VALUES (174, 115);
INSERT INTO bookclub_members (clubid, userid) VALUES (174, 243);
INSERT INTO bookclub_reads (clubid, bookid, start_date, end_date, is_current) VALUES (174, 424, '2025-07-06', '2025-07-28', TRUE);
INSERT INTO bookclub_reads (clubid, bookid, start_date, end_date, is_current) VALUES (174, 55, '2025-07-04', '2025-07-30', TRUE);
INSERT INTO bookclub_reads (clubid, bookid, start_date, end_date, is_current) VALUES (174, 141, '2025-03-05', '2025-04-04', FALSE);
INSERT INTO bookclub_reads (clubid, bookid, start_date, end_date, is_current) VALUES (174, 403, '2025-01-11', '2025-02-10', FALSE);
INSERT INTO bookclub_reads (clubid, bookid, start_date, end_date, is_current) VALUES (174, 151, '2025-02-03', '2025-03-05', FALSE);
INSERT INTO bookclub_reads (clubid, bookid, start_date, end_date, is_current) VALUES (174, 216, '2025-05-11', '2025-06-10', FALSE);
INSERT INTO bookclub_reads (clubid, bookid, start_date, end_date, is_current) VALUES (174, 431, '2025-05-24', '2025-06-23', FALSE);
INSERT INTO bookclub_reads (clubid, bookid, start_date, end_date, is_current) VALUES (174, 302, '2025-04-17', '2025-05-17', FALSE);

INSERT INTO bookclubs (clubid, name, description, creatorid) VALUES (175, 'Book Club 42', 'This is the description for Book Club 42.', 428);
INSERT INTO bookclub_creators (clubid, userid) VALUES (175, 428);
INSERT INTO bookclub_members (clubid, userid) VALUES (175, 420);
INSERT INTO bookclub_members (clubid, userid) VALUES (175, 389);
INSERT INTO bookclub_members (clubid, userid) VALUES (175, 230);
INSERT INTO bookclub_members (clubid, userid) VALUES (175, 428);
INSERT INTO bookclub_members (clubid, userid) VALUES (175, 383);
INSERT INTO bookclub_reads (clubid, bookid, start_date, end_date, is_current) VALUES (175, 14, '2025-07-03', '2025-08-21', TRUE);
INSERT INTO bookclub_reads (clubid, bookid, start_date, end_date, is_current) VALUES (175, 8, '2025-07-06', '2025-08-10', TRUE);
INSERT INTO bookclub_reads (clubid, bookid, start_date, end_date, is_current) VALUES (175, 404, '2025-06-09', '2025-08-07', TRUE);
INSERT INTO bookclub_reads (clubid, bookid, start_date, end_date, is_current) VALUES (175, 1097, '2025-01-08', '2025-02-07', FALSE);
INSERT INTO bookclub_reads (clubid, bookid, start_date, end_date, is_current) VALUES (175, 72, '2025-04-21', '2025-05-21', FALSE);
INSERT INTO bookclub_reads (clubid, bookid, start_date, end_date, is_current) VALUES (175, 36, '2025-02-22', '2025-03-24', FALSE);
INSERT INTO bookclub_reads (clubid, bookid, start_date, end_date, is_current) VALUES (175, 432, '2025-03-06', '2025-04-05', FALSE);
INSERT INTO bookclub_reads (clubid, bookid, start_date, end_date, is_current) VALUES (175, 182, '2024-12-14', '2025-01-13', FALSE);
INSERT INTO bookclub_reads (clubid, bookid, start_date, end_date, is_current) VALUES (175, 685, '2025-05-03', '2025-06-02', FALSE);

INSERT INTO bookclubs (clubid, name, description, creatorid) VALUES (176, 'Book Club 43', 'This is the description for Book Club 43.', 352);
INSERT INTO bookclub_creators (clubid, userid) VALUES (176, 352);
INSERT INTO bookclub_members (clubid, userid) VALUES (176, 352);
INSERT INTO bookclub_members (clubid, userid) VALUES (176, 199);
INSERT INTO bookclub_members (clubid, userid) VALUES (176, 136);
INSERT INTO bookclub_members (clubid, userid) VALUES (176, 137);
INSERT INTO bookclub_members (clubid, userid) VALUES (176, 9);
INSERT INTO bookclub_members (clubid, userid) VALUES (176, 301);
INSERT INTO bookclub_members (clubid, userid) VALUES (176, 58);
INSERT INTO bookclub_members (clubid, userid) VALUES (176, 412);
INSERT INTO bookclub_members (clubid, userid) VALUES (176, 29);
INSERT INTO bookclub_members (clubid, userid) VALUES (176, 190);
INSERT INTO bookclub_reads (clubid, bookid, start_date, end_date, is_current) VALUES (176, 75, '2025-07-08', '2025-07-24', TRUE);
INSERT INTO bookclub_reads (clubid, bookid, start_date, end_date, is_current) VALUES (176, 26, '2025-06-20', '2025-07-28', TRUE);
INSERT INTO bookclub_reads (clubid, bookid, start_date, end_date, is_current) VALUES (176, 182, '2024-12-30', '2025-01-29', FALSE);
INSERT INTO bookclub_reads (clubid, bookid, start_date, end_date, is_current) VALUES (176, 63, '2025-01-30', '2025-03-01', FALSE);
INSERT INTO bookclub_reads (clubid, bookid, start_date, end_date, is_current) VALUES (176, 828, '2025-02-02', '2025-03-04', FALSE);
INSERT INTO bookclub_reads (clubid, bookid, start_date, end_date, is_current) VALUES (176, 829, '2025-03-30', '2025-04-29', FALSE);
INSERT INTO bookclub_reads (clubid, bookid, start_date, end_date, is_current) VALUES (176, 400, '2025-03-27', '2025-04-26', FALSE);
INSERT INTO bookclub_reads (clubid, bookid, start_date, end_date, is_current) VALUES (176, 330, '2025-05-25', '2025-06-24', FALSE);
INSERT INTO bookclub_reads (clubid, bookid, start_date, end_date, is_current) VALUES (176, 72, '2025-05-08', '2025-06-07', FALSE);

INSERT INTO bookclubs (clubid, name, description, creatorid) VALUES (177, 'Book Club 44', 'This is the description for Book Club 44.', 201);
INSERT INTO bookclub_creators (clubid, userid) VALUES (177, 201);
INSERT INTO bookclub_members (clubid, userid) VALUES (177, 65);
INSERT INTO bookclub_members (clubid, userid) VALUES (177, 35);
INSERT INTO bookclub_members (clubid, userid) VALUES (177, 104);
INSERT INTO bookclub_members (clubid, userid) VALUES (177, 8);
INSERT INTO bookclub_members (clubid, userid) VALUES (177, 201);
INSERT INTO bookclub_members (clubid, userid) VALUES (177, 13);
INSERT INTO bookclub_members (clubid, userid) VALUES (177, 111);
INSERT INTO bookclub_members (clubid, userid) VALUES (177, 47);
INSERT INTO bookclub_members (clubid, userid) VALUES (177, 210);
INSERT INTO bookclub_members (clubid, userid) VALUES (177, 435);
INSERT INTO bookclub_members (clubid, userid) VALUES (177, 117);
INSERT INTO bookclub_members (clubid, userid) VALUES (177, 309);
INSERT INTO bookclub_members (clubid, userid) VALUES (177, 85);
INSERT INTO bookclub_members (clubid, userid) VALUES (177, 216);
INSERT INTO bookclub_members (clubid, userid) VALUES (177, 441);
INSERT INTO bookclub_reads (clubid, bookid, start_date, end_date, is_current) VALUES (177, 67, '2025-06-24', '2025-08-10', TRUE);
INSERT INTO bookclub_reads (clubid, bookid, start_date, end_date, is_current) VALUES (177, 830, '2025-07-05', '2025-08-20', TRUE);
INSERT INTO bookclub_reads (clubid, bookid, start_date, end_date, is_current) VALUES (177, 888, '2025-07-04', '2025-08-15', TRUE);
INSERT INTO bookclub_reads (clubid, bookid, start_date, end_date, is_current) VALUES (177, 36, '2025-01-15', '2025-02-14', FALSE);
INSERT INTO bookclub_reads (clubid, bookid, start_date, end_date, is_current) VALUES (177, 264, '2025-04-04', '2025-05-04', FALSE);
INSERT INTO bookclub_reads (clubid, bookid, start_date, end_date, is_current) VALUES (177, 110, '2025-06-01', '2025-07-01', FALSE);
INSERT INTO bookclub_reads (clubid, bookid, start_date, end_date, is_current) VALUES (177, 214, '2025-02-22', '2025-03-24', FALSE);
INSERT INTO bookclub_reads (clubid, bookid, start_date, end_date, is_current) VALUES (177, 400, '2025-03-23', '2025-04-22', FALSE);
INSERT INTO bookclub_reads (clubid, bookid, start_date, end_date, is_current) VALUES (177, 204, '2025-02-08', '2025-03-10', FALSE);
INSERT INTO bookclub_reads (clubid, bookid, start_date, end_date, is_current) VALUES (177, 280, '2025-04-18', '2025-05-18', FALSE);
INSERT INTO bookclub_reads (clubid, bookid, start_date, end_date, is_current) VALUES (177, 330, '2025-03-09', '2025-04-08', FALSE);

INSERT INTO bookclubs (clubid, name, description, creatorid) VALUES (178, 'Book Club 45', 'This is the description for Book Club 45.', 382);
INSERT INTO bookclub_creators (clubid, userid) VALUES (178, 382);
INSERT INTO bookclub_members (clubid, userid) VALUES (178, 416);
INSERT INTO bookclub_members (clubid, userid) VALUES (178, 3);
INSERT INTO bookclub_members (clubid, userid) VALUES (178, 230);
INSERT INTO bookclub_members (clubid, userid) VALUES (178, 422);
INSERT INTO bookclub_members (clubid, userid) VALUES (178, 363);
INSERT INTO bookclub_members (clubid, userid) VALUES (178, 368);
INSERT INTO bookclub_members (clubid, userid) VALUES (178, 402);
INSERT INTO bookclub_members (clubid, userid) VALUES (178, 382);
INSERT INTO bookclub_reads (clubid, bookid, start_date, end_date, is_current) VALUES (178, 86, '2025-06-28', '2025-07-30', TRUE);
INSERT INTO bookclub_reads (clubid, bookid, start_date, end_date, is_current) VALUES (178, 538, '2025-06-12', '2025-08-11', TRUE);
INSERT INTO bookclub_reads (clubid, bookid, start_date, end_date, is_current) VALUES (178, 119, '2025-01-30', '2025-03-01', FALSE);
INSERT INTO bookclub_reads (clubid, bookid, start_date, end_date, is_current) VALUES (178, 165, '2025-04-01', '2025-05-01', FALSE);
INSERT INTO bookclub_reads (clubid, bookid, start_date, end_date, is_current) VALUES (178, 159, '2025-05-30', '2025-06-29', FALSE);
INSERT INTO bookclub_reads (clubid, bookid, start_date, end_date, is_current) VALUES (178, 771, '2025-01-14', '2025-02-13', FALSE);
INSERT INTO bookclub_reads (clubid, bookid, start_date, end_date, is_current) VALUES (178, 298, '2025-01-21', '2025-02-20', FALSE);
INSERT INTO bookclub_reads (clubid, bookid, start_date, end_date, is_current) VALUES (178, 775, '2025-03-17', '2025-04-16', FALSE);
INSERT INTO bookclub_reads (clubid, bookid, start_date, end_date, is_current) VALUES (178, 244, '2025-05-23', '2025-06-22', FALSE);
INSERT INTO bookclub_reads (clubid, bookid, start_date, end_date, is_current) VALUES (178, 131, '2025-01-22', '2025-02-21', FALSE);
INSERT INTO bookclub_reads (clubid, bookid, start_date, end_date, is_current) VALUES (178, 815, '2025-03-24', '2025-04-23', FALSE);
INSERT INTO bookclub_reads (clubid, bookid, start_date, end_date, is_current) VALUES (178, 902, '2025-06-02', '2025-07-02', FALSE);
INSERT INTO bookclub_reads (clubid, bookid, start_date, end_date, is_current) VALUES (178, 204, '2025-02-13', '2025-03-15', FALSE);
INSERT INTO bookclub_reads (clubid, bookid, start_date, end_date, is_current) VALUES (178, 1007, '2025-05-06', '2025-06-05', FALSE);
INSERT INTO bookclub_reads (clubid, bookid, start_date, end_date, is_current) VALUES (178, 337, '2025-02-25', '2025-03-27', FALSE);
INSERT INTO bookclub_reads (clubid, bookid, start_date, end_date, is_current) VALUES (178, 766, '2025-01-11', '2025-02-10', FALSE);

INSERT INTO bookclubs (clubid, name, description, creatorid) VALUES (179, 'Book Club 46', 'This is the description for Book Club 46.', 80);
INSERT INTO bookclub_creators (clubid, userid) VALUES (179, 80);
INSERT INTO bookclub_members (clubid, userid) VALUES (179, 356);
INSERT INTO bookclub_members (clubid, userid) VALUES (179, 324);
INSERT INTO bookclub_members (clubid, userid) VALUES (179, 38);
INSERT INTO bookclub_members (clubid, userid) VALUES (179, 165);
INSERT INTO bookclub_members (clubid, userid) VALUES (179, 12);
INSERT INTO bookclub_members (clubid, userid) VALUES (179, 238);
INSERT INTO bookclub_members (clubid, userid) VALUES (179, 80);
INSERT INTO bookclub_members (clubid, userid) VALUES (179, 87);
INSERT INTO bookclub_members (clubid, userid) VALUES (179, 249);
INSERT INTO bookclub_members (clubid, userid) VALUES (179, 157);
INSERT INTO bookclub_reads (clubid, bookid, start_date, end_date, is_current) VALUES (179, 1052, '2025-06-15', '2025-08-21', TRUE);
INSERT INTO bookclub_reads (clubid, bookid, start_date, end_date, is_current) VALUES (179, 45, '2024-12-11', '2025-01-10', FALSE);
INSERT INTO bookclub_reads (clubid, bookid, start_date, end_date, is_current) VALUES (179, 354, '2025-04-17', '2025-05-17', FALSE);
INSERT INTO bookclub_reads (clubid, bookid, start_date, end_date, is_current) VALUES (179, 162, '2024-12-20', '2025-01-19', FALSE);
INSERT INTO bookclub_reads (clubid, bookid, start_date, end_date, is_current) VALUES (179, 278, '2024-12-12', '2025-01-11', FALSE);
INSERT INTO bookclub_reads (clubid, bookid, start_date, end_date, is_current) VALUES (179, 453, '2025-04-04', '2025-05-04', FALSE);
INSERT INTO bookclub_reads (clubid, bookid, start_date, end_date, is_current) VALUES (179, 290, '2025-04-11', '2025-05-11', FALSE);
INSERT INTO bookclub_reads (clubid, bookid, start_date, end_date, is_current) VALUES (179, 980, '2025-05-27', '2025-06-26', FALSE);
INSERT INTO bookclub_reads (clubid, bookid, start_date, end_date, is_current) VALUES (179, 92, '2025-05-13', '2025-06-12', FALSE);
INSERT INTO bookclub_reads (clubid, bookid, start_date, end_date, is_current) VALUES (179, 205, '2025-01-14', '2025-02-13', FALSE);
INSERT INTO bookclub_reads (clubid, bookid, start_date, end_date, is_current) VALUES (179, 13, '2025-03-13', '2025-04-12', FALSE);
INSERT INTO bookclub_reads (clubid, bookid, start_date, end_date, is_current) VALUES (179, 498, '2025-01-12', '2025-02-11', FALSE);
INSERT INTO bookclub_reads (clubid, bookid, start_date, end_date, is_current) VALUES (179, 1059, '2025-05-28', '2025-06-27', FALSE);

INSERT INTO bookclubs (clubid, name, description, creatorid) VALUES (180, 'Book Club 47', 'This is the description for Book Club 47.', 332);
INSERT INTO bookclub_creators (clubid, userid) VALUES (180, 332);
INSERT INTO bookclub_members (clubid, userid) VALUES (180, 96);
INSERT INTO bookclub_members (clubid, userid) VALUES (180, 159);
INSERT INTO bookclub_members (clubid, userid) VALUES (180, 130);
INSERT INTO bookclub_members (clubid, userid) VALUES (180, 323);
INSERT INTO bookclub_members (clubid, userid) VALUES (180, 99);
INSERT INTO bookclub_members (clubid, userid) VALUES (180, 163);
INSERT INTO bookclub_members (clubid, userid) VALUES (180, 390);
INSERT INTO bookclub_members (clubid, userid) VALUES (180, 259);
INSERT INTO bookclub_members (clubid, userid) VALUES (180, 294);
INSERT INTO bookclub_members (clubid, userid) VALUES (180, 74);
INSERT INTO bookclub_members (clubid, userid) VALUES (180, 332);
INSERT INTO bookclub_members (clubid, userid) VALUES (180, 77);
INSERT INTO bookclub_members (clubid, userid) VALUES (180, 50);
INSERT INTO bookclub_members (clubid, userid) VALUES (180, 20);
INSERT INTO bookclub_members (clubid, userid) VALUES (180, 311);
INSERT INTO bookclub_members (clubid, userid) VALUES (180, 408);
INSERT INTO bookclub_members (clubid, userid) VALUES (180, 25);
INSERT INTO bookclub_members (clubid, userid) VALUES (180, 255);
INSERT INTO bookclub_reads (clubid, bookid, start_date, end_date, is_current) VALUES (180, 55, '2025-07-02', '2025-08-01', TRUE);
INSERT INTO bookclub_reads (clubid, bookid, start_date, end_date, is_current) VALUES (180, 1032, '2025-06-24', '2025-08-20', TRUE);
INSERT INTO bookclub_reads (clubid, bookid, start_date, end_date, is_current) VALUES (180, 10, '2025-05-20', '2025-06-19', FALSE);
INSERT INTO bookclub_reads (clubid, bookid, start_date, end_date, is_current) VALUES (180, 766, '2024-12-24', '2025-01-23', FALSE);
INSERT INTO bookclub_reads (clubid, bookid, start_date, end_date, is_current) VALUES (180, 1005, '2025-05-28', '2025-06-27', FALSE);
INSERT INTO bookclub_reads (clubid, bookid, start_date, end_date, is_current) VALUES (180, 493, '2025-05-29', '2025-06-28', FALSE);
INSERT INTO bookclub_reads (clubid, bookid, start_date, end_date, is_current) VALUES (180, 382, '2025-02-18', '2025-03-20', FALSE);
INSERT INTO bookclub_reads (clubid, bookid, start_date, end_date, is_current) VALUES (180, 106, '2025-02-26', '2025-03-28', FALSE);
INSERT INTO bookclub_reads (clubid, bookid, start_date, end_date, is_current) VALUES (180, 515, '2024-12-13', '2025-01-12', FALSE);
INSERT INTO bookclub_reads (clubid, bookid, start_date, end_date, is_current) VALUES (180, 138, '2024-12-24', '2025-01-23', FALSE);
INSERT INTO bookclub_reads (clubid, bookid, start_date, end_date, is_current) VALUES (180, 182, '2025-01-09', '2025-02-08', FALSE);
INSERT INTO bookclub_reads (clubid, bookid, start_date, end_date, is_current) VALUES (180, 117, '2025-01-16', '2025-02-15', FALSE);
INSERT INTO bookclub_reads (clubid, bookid, start_date, end_date, is_current) VALUES (180, 299, '2024-12-17', '2025-01-16', FALSE);
INSERT INTO bookclub_reads (clubid, bookid, start_date, end_date, is_current) VALUES (180, 21, '2025-01-28', '2025-02-27', FALSE);

INSERT INTO bookclubs (clubid, name, description, creatorid) VALUES (181, 'Book Club 48', 'This is the description for Book Club 48.', 177);
INSERT INTO bookclub_creators (clubid, userid) VALUES (181, 177);
INSERT INTO bookclub_members (clubid, userid) VALUES (181, 58);
INSERT INTO bookclub_members (clubid, userid) VALUES (181, 136);
INSERT INTO bookclub_members (clubid, userid) VALUES (181, 110);
INSERT INTO bookclub_members (clubid, userid) VALUES (181, 176);
INSERT INTO bookclub_members (clubid, userid) VALUES (181, 177);
INSERT INTO bookclub_members (clubid, userid) VALUES (181, 213);
INSERT INTO bookclub_members (clubid, userid) VALUES (181, 248);
INSERT INTO bookclub_members (clubid, userid) VALUES (181, 249);
INSERT INTO bookclub_members (clubid, userid) VALUES (181, 186);
INSERT INTO bookclub_members (clubid, userid) VALUES (181, 251);
INSERT INTO bookclub_reads (clubid, bookid, start_date, end_date, is_current) VALUES (181, 497, '2025-06-30', '2025-08-12', TRUE);
INSERT INTO bookclub_reads (clubid, bookid, start_date, end_date, is_current) VALUES (181, 249, '2025-07-02', '2025-08-03', TRUE);
INSERT INTO bookclub_reads (clubid, bookid, start_date, end_date, is_current) VALUES (181, 92, '2025-05-07', '2025-06-06', FALSE);
INSERT INTO bookclub_reads (clubid, bookid, start_date, end_date, is_current) VALUES (181, 900, '2025-04-22', '2025-05-22', FALSE);
INSERT INTO bookclub_reads (clubid, bookid, start_date, end_date, is_current) VALUES (181, 332, '2025-05-21', '2025-06-20', FALSE);
INSERT INTO bookclub_reads (clubid, bookid, start_date, end_date, is_current) VALUES (181, 822, '2025-03-08', '2025-04-07', FALSE);
INSERT INTO bookclub_reads (clubid, bookid, start_date, end_date, is_current) VALUES (181, 1059, '2025-02-23', '2025-03-25', FALSE);
INSERT INTO bookclub_reads (clubid, bookid, start_date, end_date, is_current) VALUES (181, 1, '2025-05-31', '2025-06-30', FALSE);
INSERT INTO bookclub_reads (clubid, bookid, start_date, end_date, is_current) VALUES (181, 151, '2025-01-30', '2025-03-01', FALSE);
INSERT INTO bookclub_reads (clubid, bookid, start_date, end_date, is_current) VALUES (181, 1007, '2024-12-19', '2025-01-18', FALSE);
INSERT INTO bookclub_reads (clubid, bookid, start_date, end_date, is_current) VALUES (181, 404, '2024-12-27', '2025-01-26', FALSE);
INSERT INTO bookclub_reads (clubid, bookid, start_date, end_date, is_current) VALUES (181, 663, '2025-05-28', '2025-06-27', FALSE);
INSERT INTO bookclub_reads (clubid, bookid, start_date, end_date, is_current) VALUES (181, 475, '2025-05-11', '2025-06-10', FALSE);
INSERT INTO bookclub_reads (clubid, bookid, start_date, end_date, is_current) VALUES (181, 966, '2024-12-14', '2025-01-13', FALSE);
INSERT INTO bookclub_reads (clubid, bookid, start_date, end_date, is_current) VALUES (181, 299, '2025-04-03', '2025-05-03', FALSE);
INSERT INTO bookclub_reads (clubid, bookid, start_date, end_date, is_current) VALUES (181, 337, '2025-05-22', '2025-06-21', FALSE);

INSERT INTO bookclubs (clubid, name, description, creatorid) VALUES (182, 'Book Club 49', 'This is the description for Book Club 49.', 297);
INSERT INTO bookclub_creators (clubid, userid) VALUES (182, 297);
INSERT INTO bookclub_members (clubid, userid) VALUES (182, 64);
INSERT INTO bookclub_members (clubid, userid) VALUES (182, 65);
INSERT INTO bookclub_members (clubid, userid) VALUES (182, 97);
INSERT INTO bookclub_members (clubid, userid) VALUES (182, 105);
INSERT INTO bookclub_members (clubid, userid) VALUES (182, 10);
INSERT INTO bookclub_members (clubid, userid) VALUES (182, 297);
INSERT INTO bookclub_members (clubid, userid) VALUES (182, 300);
INSERT INTO bookclub_members (clubid, userid) VALUES (182, 397);
INSERT INTO bookclub_members (clubid, userid) VALUES (182, 17);
INSERT INTO bookclub_members (clubid, userid) VALUES (182, 20);
INSERT INTO bookclub_members (clubid, userid) VALUES (182, 23);
INSERT INTO bookclub_members (clubid, userid) VALUES (182, 445);
INSERT INTO bookclub_members (clubid, userid) VALUES (182, 254);
INSERT INTO bookclub_reads (clubid, bookid, start_date, end_date, is_current) VALUES (182, 244, '2025-07-01', '2025-08-11', TRUE);
INSERT INTO bookclub_reads (clubid, bookid, start_date, end_date, is_current) VALUES (182, 30, '2025-07-05', '2025-08-02', TRUE);
INSERT INTO bookclub_reads (clubid, bookid, start_date, end_date, is_current) VALUES (182, 181, '2025-06-24', '2025-08-12', TRUE);
INSERT INTO bookclub_reads (clubid, bookid, start_date, end_date, is_current) VALUES (182, 944, '2025-02-05', '2025-03-07', FALSE);
INSERT INTO bookclub_reads (clubid, bookid, start_date, end_date, is_current) VALUES (182, 870, '2024-12-13', '2025-01-12', FALSE);
INSERT INTO bookclub_reads (clubid, bookid, start_date, end_date, is_current) VALUES (182, 663, '2025-03-21', '2025-04-20', FALSE);
INSERT INTO bookclub_reads (clubid, bookid, start_date, end_date, is_current) VALUES (182, 888, '2025-03-03', '2025-04-02', FALSE);
INSERT INTO bookclub_reads (clubid, bookid, start_date, end_date, is_current) VALUES (182, 420, '2025-04-20', '2025-05-20', FALSE);
INSERT INTO bookclub_reads (clubid, bookid, start_date, end_date, is_current) VALUES (182, 799, '2024-12-30', '2025-01-29', FALSE);
INSERT INTO bookclub_reads (clubid, bookid, start_date, end_date, is_current) VALUES (182, 842, '2025-01-27', '2025-02-26', FALSE);
INSERT INTO bookclub_reads (clubid, bookid, start_date, end_date, is_current) VALUES (182, 247, '2025-01-08', '2025-02-07', FALSE);
INSERT INTO bookclub_reads (clubid, bookid, start_date, end_date, is_current) VALUES (182, 165, '2025-02-01', '2025-03-03', FALSE);
INSERT INTO bookclub_reads (clubid, bookid, start_date, end_date, is_current) VALUES (182, 298, '2025-03-23', '2025-04-22', FALSE);

INSERT INTO bookclubs (clubid, name, description, creatorid) VALUES (183, 'Book Club 50', 'This is the description for Book Club 50.', 191);
INSERT INTO bookclub_creators (clubid, userid) VALUES (183, 191);
INSERT INTO bookclub_members (clubid, userid) VALUES (183, 191);
INSERT INTO bookclub_members (clubid, userid) VALUES (183, 312);
INSERT INTO bookclub_members (clubid, userid) VALUES (183, 44);
INSERT INTO bookclub_members (clubid, userid) VALUES (183, 50);
INSERT INTO bookclub_members (clubid, userid) VALUES (183, 408);
INSERT INTO bookclub_members (clubid, userid) VALUES (183, 152);
INSERT INTO bookclub_members (clubid, userid) VALUES (183, 126);
INSERT INTO bookclub_members (clubid, userid) VALUES (183, 287);
INSERT INTO bookclub_reads (clubid, bookid, start_date, end_date, is_current) VALUES (183, 497, '2025-06-14', '2025-07-23', TRUE);
INSERT INTO bookclub_reads (clubid, bookid, start_date, end_date, is_current) VALUES (183, 129, '2025-06-21', '2025-08-19', TRUE);
INSERT INTO bookclub_reads (clubid, bookid, start_date, end_date, is_current) VALUES (183, 289, '2025-05-02', '2025-06-01', FALSE);
INSERT INTO bookclub_reads (clubid, bookid, start_date, end_date, is_current) VALUES (183, 664, '2025-05-23', '2025-06-22', FALSE);
INSERT INTO bookclub_reads (clubid, bookid, start_date, end_date, is_current) VALUES (183, 147, '2025-01-04', '2025-02-03', FALSE);
INSERT INTO bookclub_reads (clubid, bookid, start_date, end_date, is_current) VALUES (183, 642, '2025-04-29', '2025-05-29', FALSE);
INSERT INTO bookclub_reads (clubid, bookid, start_date, end_date, is_current) VALUES (183, 288, '2025-03-05', '2025-04-04', FALSE);
INSERT INTO bookclub_reads (clubid, bookid, start_date, end_date, is_current) VALUES (183, 122, '2025-02-02', '2025-03-04', FALSE);
INSERT INTO bookclub_reads (clubid, bookid, start_date, end_date, is_current) VALUES (183, 933, '2025-06-01', '2025-07-01', FALSE);
INSERT INTO bookclub_reads (clubid, bookid, start_date, end_date, is_current) VALUES (183, 163, '2025-01-24', '2025-02-23', FALSE);
INSERT INTO bookclub_reads (clubid, bookid, start_date, end_date, is_current) VALUES (183, 216, '2025-01-02', '2025-02-01', FALSE);

INSERT INTO bookclubs (clubid, name, description, creatorid) VALUES (184, 'Book Club 51', 'This is the description for Book Club 51.', 416);
INSERT INTO bookclub_creators (clubid, userid) VALUES (184, 416);
INSERT INTO bookclub_members (clubid, userid) VALUES (184, 416);
INSERT INTO bookclub_members (clubid, userid) VALUES (184, 193);
INSERT INTO bookclub_members (clubid, userid) VALUES (184, 3);
INSERT INTO bookclub_members (clubid, userid) VALUES (184, 132);
INSERT INTO bookclub_members (clubid, userid) VALUES (184, 419);
INSERT INTO bookclub_members (clubid, userid) VALUES (184, 103);
INSERT INTO bookclub_members (clubid, userid) VALUES (184, 423);
INSERT INTO bookclub_members (clubid, userid) VALUES (184, 79);
INSERT INTO bookclub_members (clubid, userid) VALUES (184, 337);
INSERT INTO bookclub_members (clubid, userid) VALUES (184, 85);
INSERT INTO bookclub_members (clubid, userid) VALUES (184, 442);
INSERT INTO bookclub_reads (clubid, bookid, start_date, end_date, is_current) VALUES (184, 207, '2025-06-23', '2025-08-22', TRUE);
INSERT INTO bookclub_reads (clubid, bookid, start_date, end_date, is_current) VALUES (184, 424, '2025-01-25', '2025-02-24', FALSE);
INSERT INTO bookclub_reads (clubid, bookid, start_date, end_date, is_current) VALUES (184, 977, '2025-02-19', '2025-03-21', FALSE);
INSERT INTO bookclub_reads (clubid, bookid, start_date, end_date, is_current) VALUES (184, 799, '2025-04-05', '2025-05-05', FALSE);
INSERT INTO bookclub_reads (clubid, bookid, start_date, end_date, is_current) VALUES (184, 264, '2025-01-15', '2025-02-14', FALSE);
INSERT INTO bookclub_reads (clubid, bookid, start_date, end_date, is_current) VALUES (184, 703, '2025-03-21', '2025-04-20', FALSE);
INSERT INTO bookclub_reads (clubid, bookid, start_date, end_date, is_current) VALUES (184, 1059, '2025-03-05', '2025-04-04', FALSE);
INSERT INTO bookclub_reads (clubid, bookid, start_date, end_date, is_current) VALUES (184, 5, '2025-02-21', '2025-03-23', FALSE);
INSERT INTO bookclub_reads (clubid, bookid, start_date, end_date, is_current) VALUES (184, 30, '2025-02-02', '2025-03-04', FALSE);
INSERT INTO bookclub_reads (clubid, bookid, start_date, end_date, is_current) VALUES (184, 656, '2025-02-19', '2025-03-21', FALSE);
INSERT INTO bookclub_reads (clubid, bookid, start_date, end_date, is_current) VALUES (184, 707, '2025-05-30', '2025-06-29', FALSE);
INSERT INTO bookclub_reads (clubid, bookid, start_date, end_date, is_current) VALUES (184, 99, '2024-12-29', '2025-01-28', FALSE);
INSERT INTO bookclub_reads (clubid, bookid, start_date, end_date, is_current) VALUES (184, 36, '2025-02-07', '2025-03-09', FALSE);
INSERT INTO bookclub_reads (clubid, bookid, start_date, end_date, is_current) VALUES (184, 667, '2025-01-10', '2025-02-09', FALSE);

INSERT INTO bookclubs (clubid, name, description, creatorid) VALUES (185, 'Book Club 52', 'This is the description for Book Club 52.', 230);
INSERT INTO bookclub_creators (clubid, userid) VALUES (185, 230);
INSERT INTO bookclub_members (clubid, userid) VALUES (185, 320);
INSERT INTO bookclub_members (clubid, userid) VALUES (185, 323);
INSERT INTO bookclub_members (clubid, userid) VALUES (185, 3);
INSERT INTO bookclub_members (clubid, userid) VALUES (185, 102);
INSERT INTO bookclub_members (clubid, userid) VALUES (185, 230);
INSERT INTO bookclub_members (clubid, userid) VALUES (185, 43);
INSERT INTO bookclub_members (clubid, userid) VALUES (185, 155);
INSERT INTO bookclub_members (clubid, userid) VALUES (185, 368);
INSERT INTO bookclub_members (clubid, userid) VALUES (185, 433);
INSERT INTO bookclub_members (clubid, userid) VALUES (185, 49);
INSERT INTO bookclub_members (clubid, userid) VALUES (185, 211);
INSERT INTO bookclub_members (clubid, userid) VALUES (185, 149);
INSERT INTO bookclub_members (clubid, userid) VALUES (185, 246);
INSERT INTO bookclub_members (clubid, userid) VALUES (185, 187);
INSERT INTO bookclub_reads (clubid, bookid, start_date, end_date, is_current) VALUES (185, 969, '2025-06-15', '2025-08-11', TRUE);
INSERT INTO bookclub_reads (clubid, bookid, start_date, end_date, is_current) VALUES (185, 277, '2025-06-12', '2025-07-30', TRUE);
INSERT INTO bookclub_reads (clubid, bookid, start_date, end_date, is_current) VALUES (185, 264, '2025-06-20', '2025-07-24', TRUE);
INSERT INTO bookclub_reads (clubid, bookid, start_date, end_date, is_current) VALUES (185, 619, '2025-03-18', '2025-04-17', FALSE);
INSERT INTO bookclub_reads (clubid, bookid, start_date, end_date, is_current) VALUES (185, 67, '2025-02-13', '2025-03-15', FALSE);
INSERT INTO bookclub_reads (clubid, bookid, start_date, end_date, is_current) VALUES (185, 868, '2025-02-06', '2025-03-08', FALSE);
INSERT INTO bookclub_reads (clubid, bookid, start_date, end_date, is_current) VALUES (185, 90, '2025-02-07', '2025-03-09', FALSE);
INSERT INTO bookclub_reads (clubid, bookid, start_date, end_date, is_current) VALUES (185, 830, '2025-05-14', '2025-06-13', FALSE);
INSERT INTO bookclub_reads (clubid, bookid, start_date, end_date, is_current) VALUES (185, 670, '2025-02-23', '2025-03-25', FALSE);
INSERT INTO bookclub_reads (clubid, bookid, start_date, end_date, is_current) VALUES (185, 835, '2025-01-02', '2025-02-01', FALSE);
INSERT INTO bookclub_reads (clubid, bookid, start_date, end_date, is_current) VALUES (185, 865, '2024-12-21', '2025-01-20', FALSE);
INSERT INTO bookclub_reads (clubid, bookid, start_date, end_date, is_current) VALUES (185, 965, '2025-02-26', '2025-03-28', FALSE);
INSERT INTO bookclub_reads (clubid, bookid, start_date, end_date, is_current) VALUES (185, 253, '2025-03-27', '2025-04-26', FALSE);
INSERT INTO bookclub_reads (clubid, bookid, start_date, end_date, is_current) VALUES (185, 534, '2025-04-26', '2025-05-26', FALSE);
INSERT INTO bookclub_reads (clubid, bookid, start_date, end_date, is_current) VALUES (185, 130, '2025-05-28', '2025-06-27', FALSE);
INSERT INTO bookclub_reads (clubid, bookid, start_date, end_date, is_current) VALUES (185, 828, '2025-01-14', '2025-02-13', FALSE);
INSERT INTO bookclub_reads (clubid, bookid, start_date, end_date, is_current) VALUES (185, 944, '2025-01-24', '2025-02-23', FALSE);
INSERT INTO bookclub_reads (clubid, bookid, start_date, end_date, is_current) VALUES (185, 27, '2025-04-09', '2025-05-09', FALSE);

INSERT INTO bookclubs (clubid, name, description, creatorid) VALUES (186, 'Book Club 53', 'This is the description for Book Club 53.', 30);
INSERT INTO bookclub_creators (clubid, userid) VALUES (186, 30);
INSERT INTO bookclub_members (clubid, userid) VALUES (186, 128);
INSERT INTO bookclub_members (clubid, userid) VALUES (186, 268);
INSERT INTO bookclub_members (clubid, userid) VALUES (186, 17);
INSERT INTO bookclub_members (clubid, userid) VALUES (186, 402);
INSERT INTO bookclub_members (clubid, userid) VALUES (186, 407);
INSERT INTO bookclub_members (clubid, userid) VALUES (186, 30);
INSERT INTO bookclub_members (clubid, userid) VALUES (186, 41);
INSERT INTO bookclub_members (clubid, userid) VALUES (186, 173);
INSERT INTO bookclub_members (clubid, userid) VALUES (186, 46);
INSERT INTO bookclub_members (clubid, userid) VALUES (186, 439);
INSERT INTO bookclub_members (clubid, userid) VALUES (186, 190);
INSERT INTO bookclub_members (clubid, userid) VALUES (186, 326);
INSERT INTO bookclub_members (clubid, userid) VALUES (186, 71);
INSERT INTO bookclub_members (clubid, userid) VALUES (186, 330);
INSERT INTO bookclub_members (clubid, userid) VALUES (186, 215);
INSERT INTO bookclub_members (clubid, userid) VALUES (186, 359);
INSERT INTO bookclub_members (clubid, userid) VALUES (186, 363);
INSERT INTO bookclub_members (clubid, userid) VALUES (186, 367);
INSERT INTO bookclub_members (clubid, userid) VALUES (186, 113);
INSERT INTO bookclub_members (clubid, userid) VALUES (186, 371);
INSERT INTO bookclub_reads (clubid, bookid, start_date, end_date, is_current) VALUES (186, 830, '2025-06-16', '2025-08-05', TRUE);
INSERT INTO bookclub_reads (clubid, bookid, start_date, end_date, is_current) VALUES (186, 399, '2025-06-10', '2025-08-21', TRUE);
INSERT INTO bookclub_reads (clubid, bookid, start_date, end_date, is_current) VALUES (186, 99, '2025-03-03', '2025-04-02', FALSE);
INSERT INTO bookclub_reads (clubid, bookid, start_date, end_date, is_current) VALUES (186, 702, '2025-05-12', '2025-06-11', FALSE);
INSERT INTO bookclub_reads (clubid, bookid, start_date, end_date, is_current) VALUES (186, 181, '2025-05-10', '2025-06-09', FALSE);
INSERT INTO bookclub_reads (clubid, bookid, start_date, end_date, is_current) VALUES (186, 61, '2025-05-23', '2025-06-22', FALSE);
INSERT INTO bookclub_reads (clubid, bookid, start_date, end_date, is_current) VALUES (186, 106, '2025-02-09', '2025-03-11', FALSE);

INSERT INTO bookclubs (clubid, name, description, creatorid) VALUES (187, 'Book Club 54', 'This is the description for Book Club 54.', 174);
INSERT INTO bookclub_creators (clubid, userid) VALUES (187, 174);
INSERT INTO bookclub_members (clubid, userid) VALUES (187, 256);
INSERT INTO bookclub_members (clubid, userid) VALUES (187, 153);
INSERT INTO bookclub_members (clubid, userid) VALUES (187, 3);
INSERT INTO bookclub_members (clubid, userid) VALUES (187, 5);
INSERT INTO bookclub_members (clubid, userid) VALUES (187, 166);
INSERT INTO bookclub_members (clubid, userid) VALUES (187, 294);
INSERT INTO bookclub_members (clubid, userid) VALUES (187, 331);
INSERT INTO bookclub_members (clubid, userid) VALUES (187, 332);
INSERT INTO bookclub_members (clubid, userid) VALUES (187, 174);
INSERT INTO bookclub_members (clubid, userid) VALUES (187, 336);
INSERT INTO bookclub_members (clubid, userid) VALUES (187, 304);
INSERT INTO bookclub_members (clubid, userid) VALUES (187, 274);
INSERT INTO bookclub_members (clubid, userid) VALUES (187, 245);
INSERT INTO bookclub_members (clubid, userid) VALUES (187, 310);
INSERT INTO bookclub_members (clubid, userid) VALUES (187, 313);
INSERT INTO bookclub_members (clubid, userid) VALUES (187, 91);
INSERT INTO bookclub_reads (clubid, bookid, start_date, end_date, is_current) VALUES (187, 171, '2025-07-05', '2025-07-30', TRUE);
INSERT INTO bookclub_reads (clubid, bookid, start_date, end_date, is_current) VALUES (187, 848, '2025-07-06', '2025-07-26', TRUE);
INSERT INTO bookclub_reads (clubid, bookid, start_date, end_date, is_current) VALUES (187, 382, '2025-06-29', '2025-07-29', TRUE);
INSERT INTO bookclub_reads (clubid, bookid, start_date, end_date, is_current) VALUES (187, 960, '2025-03-06', '2025-04-05', FALSE);
INSERT INTO bookclub_reads (clubid, bookid, start_date, end_date, is_current) VALUES (187, 385, '2025-04-15', '2025-05-15', FALSE);
INSERT INTO bookclub_reads (clubid, bookid, start_date, end_date, is_current) VALUES (187, 444, '2024-12-12', '2025-01-11', FALSE);
INSERT INTO bookclub_reads (clubid, bookid, start_date, end_date, is_current) VALUES (187, 213, '2025-02-28', '2025-03-30', FALSE);
INSERT INTO bookclub_reads (clubid, bookid, start_date, end_date, is_current) VALUES (187, 313, '2025-02-16', '2025-03-18', FALSE);
INSERT INTO bookclub_reads (clubid, bookid, start_date, end_date, is_current) VALUES (187, 160, '2025-04-29', '2025-05-29', FALSE);
INSERT INTO bookclub_reads (clubid, bookid, start_date, end_date, is_current) VALUES (187, 98, '2025-03-30', '2025-04-29', FALSE);
INSERT INTO bookclub_reads (clubid, bookid, start_date, end_date, is_current) VALUES (187, 869, '2025-01-19', '2025-02-18', FALSE);
INSERT INTO bookclub_reads (clubid, bookid, start_date, end_date, is_current) VALUES (187, 207, '2025-04-23', '2025-05-23', FALSE);
INSERT INTO bookclub_reads (clubid, bookid, start_date, end_date, is_current) VALUES (187, 447, '2024-12-15', '2025-01-14', FALSE);
INSERT INTO bookclub_reads (clubid, bookid, start_date, end_date, is_current) VALUES (187, 277, '2025-04-25', '2025-05-25', FALSE);
INSERT INTO bookclub_reads (clubid, bookid, start_date, end_date, is_current) VALUES (187, 292, '2025-06-02', '2025-07-02', FALSE);

INSERT INTO bookclubs (clubid, name, description, creatorid) VALUES (188, 'Book Club 55', 'This is the description for Book Club 55.', 52);
INSERT INTO bookclub_creators (clubid, userid) VALUES (188, 52);
INSERT INTO bookclub_members (clubid, userid) VALUES (188, 64);
INSERT INTO bookclub_members (clubid, userid) VALUES (188, 99);
INSERT INTO bookclub_members (clubid, userid) VALUES (188, 259);
INSERT INTO bookclub_members (clubid, userid) VALUES (188, 292);
INSERT INTO bookclub_members (clubid, userid) VALUES (188, 3);
INSERT INTO bookclub_members (clubid, userid) VALUES (188, 102);
INSERT INTO bookclub_members (clubid, userid) VALUES (188, 355);
INSERT INTO bookclub_members (clubid, userid) VALUES (188, 323);
INSERT INTO bookclub_members (clubid, userid) VALUES (188, 172);
INSERT INTO bookclub_members (clubid, userid) VALUES (188, 270);
INSERT INTO bookclub_members (clubid, userid) VALUES (188, 276);
INSERT INTO bookclub_members (clubid, userid) VALUES (188, 52);
INSERT INTO bookclub_members (clubid, userid) VALUES (188, 182);
INSERT INTO bookclub_members (clubid, userid) VALUES (188, 310);
INSERT INTO bookclub_members (clubid, userid) VALUES (188, 120);
INSERT INTO bookclub_members (clubid, userid) VALUES (188, 57);
INSERT INTO bookclub_members (clubid, userid) VALUES (188, 220);
INSERT INTO bookclub_members (clubid, userid) VALUES (188, 125);
INSERT INTO bookclub_reads (clubid, bookid, start_date, end_date, is_current) VALUES (188, 292, '2025-06-15', '2025-08-01', TRUE);
INSERT INTO bookclub_reads (clubid, bookid, start_date, end_date, is_current) VALUES (188, 1073, '2025-06-28', '2025-07-29', TRUE);
INSERT INTO bookclub_reads (clubid, bookid, start_date, end_date, is_current) VALUES (188, 26, '2025-05-31', '2025-06-30', FALSE);
INSERT INTO bookclub_reads (clubid, bookid, start_date, end_date, is_current) VALUES (188, 702, '2024-12-27', '2025-01-26', FALSE);
INSERT INTO bookclub_reads (clubid, bookid, start_date, end_date, is_current) VALUES (188, 57, '2025-05-14', '2025-06-13', FALSE);
INSERT INTO bookclub_reads (clubid, bookid, start_date, end_date, is_current) VALUES (188, 357, '2024-12-18', '2025-01-17', FALSE);
INSERT INTO bookclub_reads (clubid, bookid, start_date, end_date, is_current) VALUES (188, 74, '2025-02-22', '2025-03-24', FALSE);
INSERT INTO bookclub_reads (clubid, bookid, start_date, end_date, is_current) VALUES (188, 629, '2025-05-01', '2025-05-31', FALSE);
INSERT INTO bookclub_reads (clubid, bookid, start_date, end_date, is_current) VALUES (188, 85, '2025-01-01', '2025-01-31', FALSE);
INSERT INTO bookclub_reads (clubid, bookid, start_date, end_date, is_current) VALUES (188, 177, '2025-01-27', '2025-02-26', FALSE);
INSERT INTO bookclub_reads (clubid, bookid, start_date, end_date, is_current) VALUES (188, 434, '2025-05-28', '2025-06-27', FALSE);
INSERT INTO bookclub_reads (clubid, bookid, start_date, end_date, is_current) VALUES (188, 655, '2025-02-26', '2025-03-28', FALSE);
INSERT INTO bookclub_reads (clubid, bookid, start_date, end_date, is_current) VALUES (188, 295, '2025-05-01', '2025-05-31', FALSE);
INSERT INTO bookclub_reads (clubid, bookid, start_date, end_date, is_current) VALUES (188, 296, '2025-01-13', '2025-02-12', FALSE);
INSERT INTO bookclub_reads (clubid, bookid, start_date, end_date, is_current) VALUES (188, 826, '2025-06-06', '2025-07-06', FALSE);
INSERT INTO bookclub_reads (clubid, bookid, start_date, end_date, is_current) VALUES (188, 313, '2025-01-04', '2025-02-03', FALSE);
INSERT INTO bookclub_reads (clubid, bookid, start_date, end_date, is_current) VALUES (188, 330, '2025-03-23', '2025-04-22', FALSE);

INSERT INTO bookclubs (clubid, name, description, creatorid) VALUES (189, 'Book Club 56', 'This is the description for Book Club 56.', 25);
INSERT INTO bookclub_creators (clubid, userid) VALUES (189, 25);
INSERT INTO bookclub_members (clubid, userid) VALUES (189, 163);
INSERT INTO bookclub_members (clubid, userid) VALUES (189, 165);
INSERT INTO bookclub_members (clubid, userid) VALUES (189, 357);
INSERT INTO bookclub_members (clubid, userid) VALUES (189, 363);
INSERT INTO bookclub_members (clubid, userid) VALUES (189, 268);
INSERT INTO bookclub_members (clubid, userid) VALUES (189, 211);
INSERT INTO bookclub_members (clubid, userid) VALUES (189, 25);
INSERT INTO bookclub_members (clubid, userid) VALUES (189, 154);
INSERT INTO bookclub_members (clubid, userid) VALUES (189, 219);
INSERT INTO bookclub_members (clubid, userid) VALUES (189, 95);
INSERT INTO bookclub_members (clubid, userid) VALUES (189, 191);
INSERT INTO bookclub_reads (clubid, bookid, start_date, end_date, is_current) VALUES (189, 74, '2025-06-18', '2025-08-03', TRUE);
INSERT INTO bookclub_reads (clubid, bookid, start_date, end_date, is_current) VALUES (189, 476, '2025-05-19', '2025-06-18', FALSE);
INSERT INTO bookclub_reads (clubid, bookid, start_date, end_date, is_current) VALUES (189, 5, '2025-03-26', '2025-04-25', FALSE);
INSERT INTO bookclub_reads (clubid, bookid, start_date, end_date, is_current) VALUES (189, 414, '2025-02-14', '2025-03-16', FALSE);
INSERT INTO bookclub_reads (clubid, bookid, start_date, end_date, is_current) VALUES (189, 764, '2025-02-17', '2025-03-19', FALSE);
INSERT INTO bookclub_reads (clubid, bookid, start_date, end_date, is_current) VALUES (189, 245, '2025-03-04', '2025-04-03', FALSE);
INSERT INTO bookclub_reads (clubid, bookid, start_date, end_date, is_current) VALUES (189, 975, '2025-02-26', '2025-03-28', FALSE);
INSERT INTO bookclub_reads (clubid, bookid, start_date, end_date, is_current) VALUES (189, 25, '2025-05-06', '2025-06-05', FALSE);
INSERT INTO bookclub_reads (clubid, bookid, start_date, end_date, is_current) VALUES (189, 27, '2025-03-31', '2025-04-30', FALSE);
INSERT INTO bookclub_reads (clubid, bookid, start_date, end_date, is_current) VALUES (189, 205, '2025-04-04', '2025-05-04', FALSE);
INSERT INTO bookclub_reads (clubid, bookid, start_date, end_date, is_current) VALUES (189, 63, '2025-02-03', '2025-03-05', FALSE);

INSERT INTO bookclubs (clubid, name, description, creatorid) VALUES (190, 'Book Club 57', 'This is the description for Book Club 57.', 228);
INSERT INTO bookclub_creators (clubid, userid) VALUES (190, 228);
INSERT INTO bookclub_members (clubid, userid) VALUES (190, 1);
INSERT INTO bookclub_members (clubid, userid) VALUES (190, 269);
INSERT INTO bookclub_members (clubid, userid) VALUES (190, 27);
INSERT INTO bookclub_members (clubid, userid) VALUES (190, 32);
INSERT INTO bookclub_members (clubid, userid) VALUES (190, 164);
INSERT INTO bookclub_members (clubid, userid) VALUES (190, 176);
INSERT INTO bookclub_members (clubid, userid) VALUES (190, 312);
INSERT INTO bookclub_members (clubid, userid) VALUES (190, 324);
INSERT INTO bookclub_members (clubid, userid) VALUES (190, 335);
INSERT INTO bookclub_members (clubid, userid) VALUES (190, 337);
INSERT INTO bookclub_members (clubid, userid) VALUES (190, 213);
INSERT INTO bookclub_members (clubid, userid) VALUES (190, 342);
INSERT INTO bookclub_members (clubid, userid) VALUES (190, 218);
INSERT INTO bookclub_members (clubid, userid) VALUES (190, 354);
INSERT INTO bookclub_members (clubid, userid) VALUES (190, 228);
INSERT INTO bookclub_members (clubid, userid) VALUES (190, 110);
INSERT INTO bookclub_members (clubid, userid) VALUES (190, 367);
INSERT INTO bookclub_members (clubid, userid) VALUES (190, 366);
INSERT INTO bookclub_members (clubid, userid) VALUES (190, 376);
INSERT INTO bookclub_reads (clubid, bookid, start_date, end_date, is_current) VALUES (190, 765, '2025-06-08', '2025-08-19', TRUE);
INSERT INTO bookclub_reads (clubid, bookid, start_date, end_date, is_current) VALUES (190, 181, '2025-05-25', '2025-06-24', FALSE);
INSERT INTO bookclub_reads (clubid, bookid, start_date, end_date, is_current) VALUES (190, 824, '2025-03-15', '2025-04-14', FALSE);
INSERT INTO bookclub_reads (clubid, bookid, start_date, end_date, is_current) VALUES (190, 446, '2025-02-16', '2025-03-18', FALSE);
INSERT INTO bookclub_reads (clubid, bookid, start_date, end_date, is_current) VALUES (190, 454, '2025-03-20', '2025-04-19', FALSE);
INSERT INTO bookclub_reads (clubid, bookid, start_date, end_date, is_current) VALUES (190, 475, '2025-03-02', '2025-04-01', FALSE);
INSERT INTO bookclub_reads (clubid, bookid, start_date, end_date, is_current) VALUES (190, 86, '2025-03-25', '2025-04-24', FALSE);
INSERT INTO bookclub_reads (clubid, bookid, start_date, end_date, is_current) VALUES (190, 297, '2025-03-26', '2025-04-25', FALSE);
INSERT INTO bookclub_reads (clubid, bookid, start_date, end_date, is_current) VALUES (190, 498, '2025-03-08', '2025-04-07', FALSE);
INSERT INTO bookclub_reads (clubid, bookid, start_date, end_date, is_current) VALUES (190, 432, '2025-04-14', '2025-05-14', FALSE);
INSERT INTO bookclub_reads (clubid, bookid, start_date, end_date, is_current) VALUES (190, 27, '2025-01-22', '2025-02-21', FALSE);
INSERT INTO bookclub_reads (clubid, bookid, start_date, end_date, is_current) VALUES (190, 69, '2025-01-11', '2025-02-10', FALSE);
INSERT INTO bookclub_reads (clubid, bookid, start_date, end_date, is_current) VALUES (190, 231, '2024-12-15', '2025-01-14', FALSE);
INSERT INTO bookclub_reads (clubid, bookid, start_date, end_date, is_current) VALUES (190, 629, '2025-05-09', '2025-06-08', FALSE);
INSERT INTO bookclub_reads (clubid, bookid, start_date, end_date, is_current) VALUES (190, 130, '2025-01-25', '2025-02-24', FALSE);

INSERT INTO bookclubs (clubid, name, description, creatorid) VALUES (191, 'Book Club 58', 'This is the description for Book Club 58.', 373);
INSERT INTO bookclub_creators (clubid, userid) VALUES (191, 373);
INSERT INTO bookclub_members (clubid, userid) VALUES (191, 228);
INSERT INTO bookclub_members (clubid, userid) VALUES (191, 262);
INSERT INTO bookclub_members (clubid, userid) VALUES (191, 72);
INSERT INTO bookclub_members (clubid, userid) VALUES (191, 395);
INSERT INTO bookclub_members (clubid, userid) VALUES (191, 299);
INSERT INTO bookclub_members (clubid, userid) VALUES (191, 334);
INSERT INTO bookclub_members (clubid, userid) VALUES (191, 373);
INSERT INTO bookclub_members (clubid, userid) VALUES (191, 182);
INSERT INTO bookclub_members (clubid, userid) VALUES (191, 280);
INSERT INTO bookclub_members (clubid, userid) VALUES (191, 345);
INSERT INTO bookclub_members (clubid, userid) VALUES (191, 90);
INSERT INTO bookclub_members (clubid, userid) VALUES (191, 316);
INSERT INTO bookclub_members (clubid, userid) VALUES (191, 221);
INSERT INTO bookclub_members (clubid, userid) VALUES (191, 318);
INSERT INTO bookclub_members (clubid, userid) VALUES (191, 216);
INSERT INTO bookclub_reads (clubid, bookid, start_date, end_date, is_current) VALUES (191, 428, '2025-06-19', '2025-08-13', TRUE);
INSERT INTO bookclub_reads (clubid, bookid, start_date, end_date, is_current) VALUES (191, 410, '2025-06-13', '2025-08-15', TRUE);
INSERT INTO bookclub_reads (clubid, bookid, start_date, end_date, is_current) VALUES (191, 34, '2025-04-12', '2025-05-12', FALSE);
INSERT INTO bookclub_reads (clubid, bookid, start_date, end_date, is_current) VALUES (191, 385, '2025-02-11', '2025-03-13', FALSE);
INSERT INTO bookclub_reads (clubid, bookid, start_date, end_date, is_current) VALUES (191, 45, '2025-01-12', '2025-02-11', FALSE);
INSERT INTO bookclub_reads (clubid, bookid, start_date, end_date, is_current) VALUES (191, 498, '2025-05-17', '2025-06-16', FALSE);
INSERT INTO bookclub_reads (clubid, bookid, start_date, end_date, is_current) VALUES (191, 350, '2025-05-31', '2025-06-30', FALSE);
INSERT INTO bookclub_reads (clubid, bookid, start_date, end_date, is_current) VALUES (191, 537, '2025-02-15', '2025-03-17', FALSE);
INSERT INTO bookclub_reads (clubid, bookid, start_date, end_date, is_current) VALUES (191, 703, '2025-02-15', '2025-03-17', FALSE);
INSERT INTO bookclub_reads (clubid, bookid, start_date, end_date, is_current) VALUES (191, 447, '2025-05-30', '2025-06-29', FALSE);

INSERT INTO bookclubs (clubid, name, description, creatorid) VALUES (192, 'Book Club 59', 'This is the description for Book Club 59.', 74);
INSERT INTO bookclub_creators (clubid, userid) VALUES (192, 74);
INSERT INTO bookclub_members (clubid, userid) VALUES (192, 162);
INSERT INTO bookclub_members (clubid, userid) VALUES (192, 99);
INSERT INTO bookclub_members (clubid, userid) VALUES (192, 3);
INSERT INTO bookclub_members (clubid, userid) VALUES (192, 201);
INSERT INTO bookclub_members (clubid, userid) VALUES (192, 74);
INSERT INTO bookclub_members (clubid, userid) VALUES (192, 240);
INSERT INTO bookclub_members (clubid, userid) VALUES (192, 178);
INSERT INTO bookclub_members (clubid, userid) VALUES (192, 435);
INSERT INTO bookclub_members (clubid, userid) VALUES (192, 216);
INSERT INTO bookclub_members (clubid, userid) VALUES (192, 122);
INSERT INTO bookclub_members (clubid, userid) VALUES (192, 27);
INSERT INTO bookclub_members (clubid, userid) VALUES (192, 152);
INSERT INTO bookclub_members (clubid, userid) VALUES (192, 413);
INSERT INTO bookclub_reads (clubid, bookid, start_date, end_date, is_current) VALUES (192, 160, '2025-07-05', '2025-08-05', TRUE);
INSERT INTO bookclub_reads (clubid, bookid, start_date, end_date, is_current) VALUES (192, 394, '2025-06-26', '2025-07-26', TRUE);
INSERT INTO bookclub_reads (clubid, bookid, start_date, end_date, is_current) VALUES (192, 296, '2025-06-22', '2025-08-22', TRUE);
INSERT INTO bookclub_reads (clubid, bookid, start_date, end_date, is_current) VALUES (192, 685, '2025-03-11', '2025-04-10', FALSE);
INSERT INTO bookclub_reads (clubid, bookid, start_date, end_date, is_current) VALUES (192, 348, '2025-01-15', '2025-02-14', FALSE);
INSERT INTO bookclub_reads (clubid, bookid, start_date, end_date, is_current) VALUES (192, 280, '2025-03-19', '2025-04-18', FALSE);
INSERT INTO bookclub_reads (clubid, bookid, start_date, end_date, is_current) VALUES (192, 105, '2025-03-16', '2025-04-15', FALSE);
INSERT INTO bookclub_reads (clubid, bookid, start_date, end_date, is_current) VALUES (192, 362, '2024-12-20', '2025-01-19', FALSE);
INSERT INTO bookclub_reads (clubid, bookid, start_date, end_date, is_current) VALUES (192, 428, '2025-01-08', '2025-02-07', FALSE);
INSERT INTO bookclub_reads (clubid, bookid, start_date, end_date, is_current) VALUES (192, 663, '2025-01-18', '2025-02-17', FALSE);
INSERT INTO bookclub_reads (clubid, bookid, start_date, end_date, is_current) VALUES (192, 133, '2024-12-17', '2025-01-16', FALSE);
INSERT INTO bookclub_reads (clubid, bookid, start_date, end_date, is_current) VALUES (192, 700, '2025-01-12', '2025-02-11', FALSE);
INSERT INTO bookclub_reads (clubid, bookid, start_date, end_date, is_current) VALUES (192, 1090, '2025-01-09', '2025-02-08', FALSE);
INSERT INTO bookclub_reads (clubid, bookid, start_date, end_date, is_current) VALUES (192, 404, '2025-02-06', '2025-03-08', FALSE);
INSERT INTO bookclub_reads (clubid, bookid, start_date, end_date, is_current) VALUES (192, 764, '2025-01-16', '2025-02-15', FALSE);
INSERT INTO bookclub_reads (clubid, bookid, start_date, end_date, is_current) VALUES (192, 987, '2025-01-27', '2025-02-26', FALSE);
INSERT INTO bookclub_reads (clubid, bookid, start_date, end_date, is_current) VALUES (192, 23, '2024-12-23', '2025-01-22', FALSE);

INSERT INTO bookclubs (clubid, name, description, creatorid) VALUES (193, 'Book Club 60', 'This is the description for Book Club 60.', 142);
INSERT INTO bookclub_creators (clubid, userid) VALUES (193, 142);
INSERT INTO bookclub_members (clubid, userid) VALUES (193, 224);
INSERT INTO bookclub_members (clubid, userid) VALUES (193, 320);
INSERT INTO bookclub_members (clubid, userid) VALUES (193, 162);
INSERT INTO bookclub_members (clubid, userid) VALUES (193, 358);
INSERT INTO bookclub_members (clubid, userid) VALUES (193, 327);
INSERT INTO bookclub_members (clubid, userid) VALUES (193, 360);
INSERT INTO bookclub_members (clubid, userid) VALUES (193, 154);
INSERT INTO bookclub_members (clubid, userid) VALUES (193, 250);
INSERT INTO bookclub_members (clubid, userid) VALUES (193, 332);
INSERT INTO bookclub_members (clubid, userid) VALUES (193, 142);
INSERT INTO bookclub_members (clubid, userid) VALUES (193, 303);
INSERT INTO bookclub_members (clubid, userid) VALUES (193, 240);
INSERT INTO bookclub_members (clubid, userid) VALUES (193, 82);
INSERT INTO bookclub_members (clubid, userid) VALUES (193, 245);
INSERT INTO bookclub_members (clubid, userid) VALUES (193, 247);
INSERT INTO bookclub_members (clubid, userid) VALUES (193, 26);
INSERT INTO bookclub_members (clubid, userid) VALUES (193, 187);
INSERT INTO bookclub_members (clubid, userid) VALUES (193, 94);
INSERT INTO bookclub_reads (clubid, bookid, start_date, end_date, is_current) VALUES (193, 570, '2025-06-09', '2025-08-08', TRUE);
INSERT INTO bookclub_reads (clubid, bookid, start_date, end_date, is_current) VALUES (193, 830, '2025-04-18', '2025-05-18', FALSE);
INSERT INTO bookclub_reads (clubid, bookid, start_date, end_date, is_current) VALUES (193, 359, '2025-04-20', '2025-05-20', FALSE);
INSERT INTO bookclub_reads (clubid, bookid, start_date, end_date, is_current) VALUES (193, 354, '2025-03-31', '2025-04-30', FALSE);
INSERT INTO bookclub_reads (clubid, bookid, start_date, end_date, is_current) VALUES (193, 100, '2025-05-15', '2025-06-14', FALSE);
INSERT INTO bookclub_reads (clubid, bookid, start_date, end_date, is_current) VALUES (193, 1097, '2024-12-10', '2025-01-09', FALSE);
INSERT INTO bookclub_reads (clubid, bookid, start_date, end_date, is_current) VALUES (193, 35, '2025-03-03', '2025-04-02', FALSE);
INSERT INTO bookclub_reads (clubid, bookid, start_date, end_date, is_current) VALUES (193, 864, '2025-03-14', '2025-04-13', FALSE);
INSERT INTO bookclub_reads (clubid, bookid, start_date, end_date, is_current) VALUES (193, 1, '2025-02-06', '2025-03-08', FALSE);
INSERT INTO bookclub_reads (clubid, bookid, start_date, end_date, is_current) VALUES (193, 144, '2025-05-07', '2025-06-06', FALSE);
INSERT INTO bookclub_reads (clubid, bookid, start_date, end_date, is_current) VALUES (193, 466, '2025-05-21', '2025-06-20', FALSE);
INSERT INTO bookclub_reads (clubid, bookid, start_date, end_date, is_current) VALUES (193, 355, '2025-01-25', '2025-02-24', FALSE);
INSERT INTO bookclub_reads (clubid, bookid, start_date, end_date, is_current) VALUES (193, 415, '2025-05-24', '2025-06-23', FALSE);
INSERT INTO bookclub_reads (clubid, bookid, start_date, end_date, is_current) VALUES (193, 903, '2025-05-07', '2025-06-06', FALSE);
INSERT INTO bookclub_reads (clubid, bookid, start_date, end_date, is_current) VALUES (193, 157, '2025-01-16', '2025-02-15', FALSE);
INSERT INTO bookclub_reads (clubid, bookid, start_date, end_date, is_current) VALUES (193, 478, '2025-02-28', '2025-03-30', FALSE);

INSERT INTO bookclubs (clubid, name, description, creatorid) VALUES (194, 'Book Club 61', 'This is the description for Book Club 61.', 111);
INSERT INTO bookclub_creators (clubid, userid) VALUES (194, 111);
INSERT INTO bookclub_members (clubid, userid) VALUES (194, 97);
INSERT INTO bookclub_members (clubid, userid) VALUES (194, 193);
INSERT INTO bookclub_members (clubid, userid) VALUES (194, 323);
INSERT INTO bookclub_members (clubid, userid) VALUES (194, 419);
INSERT INTO bookclub_members (clubid, userid) VALUES (194, 228);
INSERT INTO bookclub_members (clubid, userid) VALUES (194, 351);
INSERT INTO bookclub_members (clubid, userid) VALUES (194, 138);
INSERT INTO bookclub_members (clubid, userid) VALUES (194, 427);
INSERT INTO bookclub_members (clubid, userid) VALUES (194, 78);
INSERT INTO bookclub_members (clubid, userid) VALUES (194, 111);
INSERT INTO bookclub_members (clubid, userid) VALUES (194, 245);
INSERT INTO bookclub_members (clubid, userid) VALUES (194, 150);
INSERT INTO bookclub_members (clubid, userid) VALUES (194, 118);
INSERT INTO bookclub_members (clubid, userid) VALUES (194, 342);
INSERT INTO bookclub_members (clubid, userid) VALUES (194, 287);
INSERT INTO bookclub_reads (clubid, bookid, start_date, end_date, is_current) VALUES (194, 404, '2025-06-16', '2025-08-11', TRUE);
INSERT INTO bookclub_reads (clubid, bookid, start_date, end_date, is_current) VALUES (194, 107, '2025-06-28', '2025-08-09', TRUE);
INSERT INTO bookclub_reads (clubid, bookid, start_date, end_date, is_current) VALUES (194, 2, '2024-12-30', '2025-01-29', FALSE);
INSERT INTO bookclub_reads (clubid, bookid, start_date, end_date, is_current) VALUES (194, 302, '2025-05-30', '2025-06-29', FALSE);
INSERT INTO bookclub_reads (clubid, bookid, start_date, end_date, is_current) VALUES (194, 359, '2025-01-22', '2025-02-21', FALSE);
INSERT INTO bookclub_reads (clubid, bookid, start_date, end_date, is_current) VALUES (194, 639, '2025-02-05', '2025-03-07', FALSE);
INSERT INTO bookclub_reads (clubid, bookid, start_date, end_date, is_current) VALUES (194, 45, '2024-12-31', '2025-01-30', FALSE);
INSERT INTO bookclub_reads (clubid, bookid, start_date, end_date, is_current) VALUES (194, 292, '2025-03-26', '2025-04-25', FALSE);
INSERT INTO bookclub_reads (clubid, bookid, start_date, end_date, is_current) VALUES (194, 685, '2025-04-20', '2025-05-20', FALSE);
INSERT INTO bookclub_reads (clubid, bookid, start_date, end_date, is_current) VALUES (194, 354, '2024-12-28', '2025-01-27', FALSE);
INSERT INTO bookclub_reads (clubid, bookid, start_date, end_date, is_current) VALUES (194, 24, '2025-05-08', '2025-06-07', FALSE);
INSERT INTO bookclub_reads (clubid, bookid, start_date, end_date, is_current) VALUES (194, 903, '2025-04-08', '2025-05-08', FALSE);
INSERT INTO bookclub_reads (clubid, bookid, start_date, end_date, is_current) VALUES (194, 1005, '2025-01-23', '2025-02-22', FALSE);
INSERT INTO bookclub_reads (clubid, bookid, start_date, end_date, is_current) VALUES (194, 1067, '2024-12-27', '2025-01-26', FALSE);
INSERT INTO bookclub_reads (clubid, bookid, start_date, end_date, is_current) VALUES (194, 408, '2024-12-21', '2025-01-20', FALSE);
INSERT INTO bookclub_reads (clubid, bookid, start_date, end_date, is_current) VALUES (194, 1007, '2025-02-18', '2025-03-20', FALSE);

INSERT INTO bookclubs (clubid, name, description, creatorid) VALUES (195, 'Book Club 62', 'This is the description for Book Club 62.', 431);
INSERT INTO bookclub_creators (clubid, userid) VALUES (195, 431);
INSERT INTO bookclub_members (clubid, userid) VALUES (195, 134);
INSERT INTO bookclub_members (clubid, userid) VALUES (195, 399);
INSERT INTO bookclub_members (clubid, userid) VALUES (195, 275);
INSERT INTO bookclub_members (clubid, userid) VALUES (195, 35);
INSERT INTO bookclub_members (clubid, userid) VALUES (195, 426);
INSERT INTO bookclub_members (clubid, userid) VALUES (195, 431);
INSERT INTO bookclub_members (clubid, userid) VALUES (195, 435);
INSERT INTO bookclub_members (clubid, userid) VALUES (195, 312);
INSERT INTO bookclub_members (clubid, userid) VALUES (195, 314);
INSERT INTO bookclub_members (clubid, userid) VALUES (195, 186);
INSERT INTO bookclub_members (clubid, userid) VALUES (195, 190);
INSERT INTO bookclub_members (clubid, userid) VALUES (195, 327);
INSERT INTO bookclub_members (clubid, userid) VALUES (195, 75);
INSERT INTO bookclub_members (clubid, userid) VALUES (195, 96);
INSERT INTO bookclub_members (clubid, userid) VALUES (195, 111);
INSERT INTO bookclub_members (clubid, userid) VALUES (195, 368);
INSERT INTO bookclub_members (clubid, userid) VALUES (195, 115);
INSERT INTO bookclub_members (clubid, userid) VALUES (195, 373);
INSERT INTO bookclub_members (clubid, userid) VALUES (195, 377);
INSERT INTO bookclub_members (clubid, userid) VALUES (195, 253);
INSERT INTO bookclub_reads (clubid, bookid, start_date, end_date, is_current) VALUES (195, 656, '2025-07-07', '2025-08-22', TRUE);
INSERT INTO bookclub_reads (clubid, bookid, start_date, end_date, is_current) VALUES (195, 264, '2025-06-15', '2025-08-06', TRUE);
INSERT INTO bookclub_reads (clubid, bookid, start_date, end_date, is_current) VALUES (195, 399, '2025-02-07', '2025-03-09', FALSE);
INSERT INTO bookclub_reads (clubid, bookid, start_date, end_date, is_current) VALUES (195, 297, '2025-05-04', '2025-06-03', FALSE);
INSERT INTO bookclub_reads (clubid, bookid, start_date, end_date, is_current) VALUES (195, 244, '2025-03-15', '2025-04-14', FALSE);
INSERT INTO bookclub_reads (clubid, bookid, start_date, end_date, is_current) VALUES (195, 280, '2025-04-12', '2025-05-12', FALSE);
INSERT INTO bookclub_reads (clubid, bookid, start_date, end_date, is_current) VALUES (195, 531, '2025-04-04', '2025-05-04', FALSE);

INSERT INTO bookclubs (clubid, name, description, creatorid) VALUES (196, 'Book Club 63', 'This is the description for Book Club 63.', 111);
INSERT INTO bookclub_creators (clubid, userid) VALUES (196, 111);
INSERT INTO bookclub_members (clubid, userid) VALUES (196, 258);
INSERT INTO bookclub_members (clubid, userid) VALUES (196, 6);
INSERT INTO bookclub_members (clubid, userid) VALUES (196, 395);
INSERT INTO bookclub_members (clubid, userid) VALUES (196, 407);
INSERT INTO bookclub_members (clubid, userid) VALUES (196, 280);
INSERT INTO bookclub_members (clubid, userid) VALUES (196, 28);
INSERT INTO bookclub_members (clubid, userid) VALUES (196, 32);
INSERT INTO bookclub_members (clubid, userid) VALUES (196, 167);
INSERT INTO bookclub_members (clubid, userid) VALUES (196, 311);
INSERT INTO bookclub_members (clubid, userid) VALUES (196, 186);
INSERT INTO bookclub_members (clubid, userid) VALUES (196, 315);
INSERT INTO bookclub_members (clubid, userid) VALUES (196, 191);
INSERT INTO bookclub_members (clubid, userid) VALUES (196, 64);
INSERT INTO bookclub_members (clubid, userid) VALUES (196, 327);
INSERT INTO bookclub_members (clubid, userid) VALUES (196, 84);
INSERT INTO bookclub_members (clubid, userid) VALUES (196, 228);
INSERT INTO bookclub_members (clubid, userid) VALUES (196, 105);
INSERT INTO bookclub_members (clubid, userid) VALUES (196, 363);
INSERT INTO bookclub_members (clubid, userid) VALUES (196, 111);
INSERT INTO bookclub_members (clubid, userid) VALUES (196, 249);
INSERT INTO bookclub_reads (clubid, bookid, start_date, end_date, is_current) VALUES (196, 1052, '2025-06-13', '2025-07-24', TRUE);
INSERT INTO bookclub_reads (clubid, bookid, start_date, end_date, is_current) VALUES (196, 702, '2025-06-17', '2025-08-06', TRUE);
INSERT INTO bookclub_reads (clubid, bookid, start_date, end_date, is_current) VALUES (196, 359, '2025-06-15', '2025-07-23', TRUE);
INSERT INTO bookclub_reads (clubid, bookid, start_date, end_date, is_current) VALUES (196, 295, '2025-01-13', '2025-02-12', FALSE);
INSERT INTO bookclub_reads (clubid, bookid, start_date, end_date, is_current) VALUES (196, 407, '2025-05-07', '2025-06-06', FALSE);
INSERT INTO bookclub_reads (clubid, bookid, start_date, end_date, is_current) VALUES (196, 76, '2024-12-26', '2025-01-25', FALSE);
INSERT INTO bookclub_reads (clubid, bookid, start_date, end_date, is_current) VALUES (196, 775, '2025-02-07', '2025-03-09', FALSE);
INSERT INTO bookclub_reads (clubid, bookid, start_date, end_date, is_current) VALUES (196, 53, '2025-05-02', '2025-06-01', FALSE);
INSERT INTO bookclub_reads (clubid, bookid, start_date, end_date, is_current) VALUES (196, 404, '2025-01-24', '2025-02-23', FALSE);
INSERT INTO bookclub_reads (clubid, bookid, start_date, end_date, is_current) VALUES (196, 1078, '2025-05-30', '2025-06-29', FALSE);
INSERT INTO bookclub_reads (clubid, bookid, start_date, end_date, is_current) VALUES (196, 475, '2025-03-13', '2025-04-12', FALSE);
INSERT INTO bookclub_reads (clubid, bookid, start_date, end_date, is_current) VALUES (196, 977, '2025-01-08', '2025-02-07', FALSE);
INSERT INTO bookclub_reads (clubid, bookid, start_date, end_date, is_current) VALUES (196, 94, '2025-02-23', '2025-03-25', FALSE);
INSERT INTO bookclub_reads (clubid, bookid, start_date, end_date, is_current) VALUES (196, 171, '2025-04-18', '2025-05-18', FALSE);
INSERT INTO bookclub_reads (clubid, bookid, start_date, end_date, is_current) VALUES (196, 599, '2025-02-22', '2025-03-24', FALSE);
INSERT INTO bookclub_reads (clubid, bookid, start_date, end_date, is_current) VALUES (196, 477, '2025-03-30', '2025-04-29', FALSE);
INSERT INTO bookclub_reads (clubid, bookid, start_date, end_date, is_current) VALUES (196, 403, '2025-05-02', '2025-06-01', FALSE);
INSERT INTO bookclub_reads (clubid, bookid, start_date, end_date, is_current) VALUES (196, 511, '2025-02-07', '2025-03-09', FALSE);

INSERT INTO bookclubs (clubid, name, description, creatorid) VALUES (197, 'Book Club 64', 'This is the description for Book Club 64.', 374);
INSERT INTO bookclub_creators (clubid, userid) VALUES (197, 374);
INSERT INTO bookclub_members (clubid, userid) VALUES (197, 354);
INSERT INTO bookclub_members (clubid, userid) VALUES (197, 36);
INSERT INTO bookclub_members (clubid, userid) VALUES (197, 295);
INSERT INTO bookclub_members (clubid, userid) VALUES (197, 106);
INSERT INTO bookclub_members (clubid, userid) VALUES (197, 335);
INSERT INTO bookclub_members (clubid, userid) VALUES (197, 442);
INSERT INTO bookclub_members (clubid, userid) VALUES (197, 273);
INSERT INTO bookclub_members (clubid, userid) VALUES (197, 147);
INSERT INTO bookclub_members (clubid, userid) VALUES (197, 212);
INSERT INTO bookclub_members (clubid, userid) VALUES (197, 86);
INSERT INTO bookclub_members (clubid, userid) VALUES (197, 374);
INSERT INTO bookclub_members (clubid, userid) VALUES (197, 345);
INSERT INTO bookclub_members (clubid, userid) VALUES (197, 26);
INSERT INTO bookclub_members (clubid, userid) VALUES (197, 91);
INSERT INTO bookclub_reads (clubid, bookid, start_date, end_date, is_current) VALUES (197, 842, '2025-06-10', '2025-07-31', TRUE);
INSERT INTO bookclub_reads (clubid, bookid, start_date, end_date, is_current) VALUES (197, 870, '2025-03-26', '2025-04-25', FALSE);
INSERT INTO bookclub_reads (clubid, bookid, start_date, end_date, is_current) VALUES (197, 163, '2025-03-11', '2025-04-10', FALSE);
INSERT INTO bookclub_reads (clubid, bookid, start_date, end_date, is_current) VALUES (197, 1059, '2025-04-18', '2025-05-18', FALSE);
INSERT INTO bookclub_reads (clubid, bookid, start_date, end_date, is_current) VALUES (197, 153, '2025-04-23', '2025-05-23', FALSE);
INSERT INTO bookclub_reads (clubid, bookid, start_date, end_date, is_current) VALUES (197, 81, '2025-01-26', '2025-02-25', FALSE);
INSERT INTO bookclub_reads (clubid, bookid, start_date, end_date, is_current) VALUES (197, 86, '2025-05-09', '2025-06-08', FALSE);
INSERT INTO bookclub_reads (clubid, bookid, start_date, end_date, is_current) VALUES (197, 144, '2025-02-20', '2025-03-22', FALSE);
INSERT INTO bookclub_reads (clubid, bookid, start_date, end_date, is_current) VALUES (197, 932, '2025-02-12', '2025-03-14', FALSE);
INSERT INTO bookclub_reads (clubid, bookid, start_date, end_date, is_current) VALUES (197, 16, '2025-01-03', '2025-02-02', FALSE);
INSERT INTO bookclub_reads (clubid, bookid, start_date, end_date, is_current) VALUES (197, 99, '2024-12-26', '2025-01-25', FALSE);
INSERT INTO bookclub_reads (clubid, bookid, start_date, end_date, is_current) VALUES (197, 182, '2025-05-16', '2025-06-15', FALSE);
INSERT INTO bookclub_reads (clubid, bookid, start_date, end_date, is_current) VALUES (197, 873, '2025-01-13', '2025-02-12', FALSE);
INSERT INTO bookclub_reads (clubid, bookid, start_date, end_date, is_current) VALUES (197, 829, '2025-04-13', '2025-05-13', FALSE);
INSERT INTO bookclub_reads (clubid, bookid, start_date, end_date, is_current) VALUES (197, 511, '2025-04-01', '2025-05-01', FALSE);

INSERT INTO bookclubs (clubid, name, description, creatorid) VALUES (198, 'Book Club 65', 'This is the description for Book Club 65.', 229);
INSERT INTO bookclub_creators (clubid, userid) VALUES (198, 229);
INSERT INTO bookclub_members (clubid, userid) VALUES (198, 353);
INSERT INTO bookclub_members (clubid, userid) VALUES (198, 34);
INSERT INTO bookclub_members (clubid, userid) VALUES (198, 69);
INSERT INTO bookclub_members (clubid, userid) VALUES (198, 230);
INSERT INTO bookclub_members (clubid, userid) VALUES (198, 293);
INSERT INTO bookclub_members (clubid, userid) VALUES (198, 229);
INSERT INTO bookclub_members (clubid, userid) VALUES (198, 73);
INSERT INTO bookclub_members (clubid, userid) VALUES (198, 139);
INSERT INTO bookclub_members (clubid, userid) VALUES (198, 282);
INSERT INTO bookclub_members (clubid, userid) VALUES (198, 110);
INSERT INTO bookclub_members (clubid, userid) VALUES (198, 335);
INSERT INTO bookclub_members (clubid, userid) VALUES (198, 432);
INSERT INTO bookclub_members (clubid, userid) VALUES (198, 371);
INSERT INTO bookclub_members (clubid, userid) VALUES (198, 244);
INSERT INTO bookclub_members (clubid, userid) VALUES (198, 278);
INSERT INTO bookclub_members (clubid, userid) VALUES (198, 154);
INSERT INTO bookclub_members (clubid, userid) VALUES (198, 187);
INSERT INTO bookclub_members (clubid, userid) VALUES (198, 188);
INSERT INTO bookclub_reads (clubid, bookid, start_date, end_date, is_current) VALUES (198, 420, '2025-07-07', '2025-08-10', TRUE);
INSERT INTO bookclub_reads (clubid, bookid, start_date, end_date, is_current) VALUES (198, 63, '2025-06-25', '2025-08-13', TRUE);
INSERT INTO bookclub_reads (clubid, bookid, start_date, end_date, is_current) VALUES (198, 987, '2025-06-10', '2025-08-12', TRUE);
INSERT INTO bookclub_reads (clubid, bookid, start_date, end_date, is_current) VALUES (198, 1032, '2024-12-30', '2025-01-29', FALSE);
INSERT INTO bookclub_reads (clubid, bookid, start_date, end_date, is_current) VALUES (198, 931, '2025-01-05', '2025-02-04', FALSE);
INSERT INTO bookclub_reads (clubid, bookid, start_date, end_date, is_current) VALUES (198, 79, '2025-03-27', '2025-04-26', FALSE);
INSERT INTO bookclub_reads (clubid, bookid, start_date, end_date, is_current) VALUES (198, 377, '2025-04-07', '2025-05-07', FALSE);
INSERT INTO bookclub_reads (clubid, bookid, start_date, end_date, is_current) VALUES (198, 78, '2025-01-29', '2025-02-28', FALSE);
INSERT INTO bookclub_reads (clubid, bookid, start_date, end_date, is_current) VALUES (198, 676, '2025-02-11', '2025-03-13', FALSE);
INSERT INTO bookclub_reads (clubid, bookid, start_date, end_date, is_current) VALUES (198, 297, '2025-03-17', '2025-04-16', FALSE);
INSERT INTO bookclub_reads (clubid, bookid, start_date, end_date, is_current) VALUES (198, 250, '2025-01-31', '2025-03-02', FALSE);
INSERT INTO bookclub_reads (clubid, bookid, start_date, end_date, is_current) VALUES (198, 968, '2025-01-22', '2025-02-21', FALSE);
INSERT INTO bookclub_reads (clubid, bookid, start_date, end_date, is_current) VALUES (198, 422, '2025-06-02', '2025-07-02', FALSE);
INSERT INTO bookclub_reads (clubid, bookid, start_date, end_date, is_current) VALUES (198, 655, '2025-05-06', '2025-06-05', FALSE);
INSERT INTO bookclub_reads (clubid, bookid, start_date, end_date, is_current) VALUES (198, 698, '2025-01-28', '2025-02-27', FALSE);
INSERT INTO bookclub_reads (clubid, bookid, start_date, end_date, is_current) VALUES (198, 642, '2025-02-28', '2025-03-30', FALSE);

INSERT INTO bookclubs (clubid, name, description, creatorid) VALUES (199, 'Book Club 66', 'This is the description for Book Club 66.', 137);
INSERT INTO bookclub_creators (clubid, userid) VALUES (199, 137);
INSERT INTO bookclub_members (clubid, userid) VALUES (199, 289);
INSERT INTO bookclub_members (clubid, userid) VALUES (199, 292);
INSERT INTO bookclub_members (clubid, userid) VALUES (199, 261);
INSERT INTO bookclub_members (clubid, userid) VALUES (199, 71);
INSERT INTO bookclub_members (clubid, userid) VALUES (199, 41);
INSERT INTO bookclub_members (clubid, userid) VALUES (199, 137);
INSERT INTO bookclub_members (clubid, userid) VALUES (199, 429);
INSERT INTO bookclub_members (clubid, userid) VALUES (199, 270);
INSERT INTO bookclub_members (clubid, userid) VALUES (199, 206);
INSERT INTO bookclub_members (clubid, userid) VALUES (199, 19);
INSERT INTO bookclub_members (clubid, userid) VALUES (199, 53);
INSERT INTO bookclub_members (clubid, userid) VALUES (199, 215);
INSERT INTO bookclub_members (clubid, userid) VALUES (199, 376);
INSERT INTO bookclub_members (clubid, userid) VALUES (199, 285);
INSERT INTO bookclub_members (clubid, userid) VALUES (199, 125);
INSERT INTO bookclub_reads (clubid, bookid, start_date, end_date, is_current) VALUES (199, 987, '2025-07-06', '2025-07-27', TRUE);
INSERT INTO bookclub_reads (clubid, bookid, start_date, end_date, is_current) VALUES (199, 864, '2025-06-20', '2025-08-20', TRUE);
INSERT INTO bookclub_reads (clubid, bookid, start_date, end_date, is_current) VALUES (199, 269, '2025-03-07', '2025-04-06', FALSE);
INSERT INTO bookclub_reads (clubid, bookid, start_date, end_date, is_current) VALUES (199, 151, '2025-02-10', '2025-03-12', FALSE);
INSERT INTO bookclub_reads (clubid, bookid, start_date, end_date, is_current) VALUES (199, 139, '2025-04-19', '2025-05-19', FALSE);
INSERT INTO bookclub_reads (clubid, bookid, start_date, end_date, is_current) VALUES (199, 900, '2025-04-12', '2025-05-12', FALSE);
INSERT INTO bookclub_reads (clubid, bookid, start_date, end_date, is_current) VALUES (199, 477, '2025-01-30', '2025-03-01', FALSE);
INSERT INTO bookclub_reads (clubid, bookid, start_date, end_date, is_current) VALUES (199, 216, '2025-04-27', '2025-05-27', FALSE);
INSERT INTO bookclub_reads (clubid, bookid, start_date, end_date, is_current) VALUES (199, 348, '2024-12-29', '2025-01-28', FALSE);
INSERT INTO bookclub_reads (clubid, bookid, start_date, end_date, is_current) VALUES (199, 362, '2025-02-25', '2025-03-27', FALSE);
INSERT INTO bookclub_reads (clubid, bookid, start_date, end_date, is_current) VALUES (199, 1073, '2025-03-04', '2025-04-03', FALSE);
INSERT INTO bookclub_reads (clubid, bookid, start_date, end_date, is_current) VALUES (199, 447, '2025-02-23', '2025-03-25', FALSE);
INSERT INTO bookclub_reads (clubid, bookid, start_date, end_date, is_current) VALUES (199, 292, '2025-01-12', '2025-02-11', FALSE);
INSERT INTO bookclub_reads (clubid, bookid, start_date, end_date, is_current) VALUES (199, 356, '2025-03-19', '2025-04-18', FALSE);
INSERT INTO bookclub_reads (clubid, bookid, start_date, end_date, is_current) VALUES (199, 75, '2025-05-27', '2025-06-26', FALSE);
INSERT INTO bookclub_reads (clubid, bookid, start_date, end_date, is_current) VALUES (199, 511, '2025-05-19', '2025-06-18', FALSE);
INSERT INTO bookclub_reads (clubid, bookid, start_date, end_date, is_current) VALUES (199, 663, '2025-01-30', '2025-03-01', FALSE);

INSERT INTO bookclubs (clubid, name, description, creatorid) VALUES (200, 'Book Club 67', 'This is the description for Book Club 67.', 139);
INSERT INTO bookclub_creators (clubid, userid) VALUES (200, 139);
INSERT INTO bookclub_members (clubid, userid) VALUES (200, 385);
INSERT INTO bookclub_members (clubid, userid) VALUES (200, 139);
INSERT INTO bookclub_members (clubid, userid) VALUES (200, 108);
INSERT INTO bookclub_members (clubid, userid) VALUES (200, 236);
INSERT INTO bookclub_members (clubid, userid) VALUES (200, 398);
INSERT INTO bookclub_members (clubid, userid) VALUES (200, 110);
INSERT INTO bookclub_members (clubid, userid) VALUES (200, 274);
INSERT INTO bookclub_members (clubid, userid) VALUES (200, 83);
INSERT INTO bookclub_members (clubid, userid) VALUES (200, 275);
INSERT INTO bookclub_members (clubid, userid) VALUES (200, 181);
INSERT INTO bookclub_members (clubid, userid) VALUES (200, 277);
INSERT INTO bookclub_members (clubid, userid) VALUES (200, 309);
INSERT INTO bookclub_members (clubid, userid) VALUES (200, 146);
INSERT INTO bookclub_members (clubid, userid) VALUES (200, 379);
INSERT INTO bookclub_members (clubid, userid) VALUES (200, 28);
INSERT INTO bookclub_members (clubid, userid) VALUES (200, 125);
INSERT INTO bookclub_members (clubid, userid) VALUES (200, 31);
INSERT INTO bookclub_reads (clubid, bookid, start_date, end_date, is_current) VALUES (200, 81, '2025-06-24', '2025-07-31', TRUE);
INSERT INTO bookclub_reads (clubid, bookid, start_date, end_date, is_current) VALUES (200, 51, '2025-06-22', '2025-08-22', TRUE);
INSERT INTO bookclub_reads (clubid, bookid, start_date, end_date, is_current) VALUES (200, 873, '2025-01-02', '2025-02-01', FALSE);
INSERT INTO bookclub_reads (clubid, bookid, start_date, end_date, is_current) VALUES (200, 24, '2025-02-27', '2025-03-29', FALSE);
INSERT INTO bookclub_reads (clubid, bookid, start_date, end_date, is_current) VALUES (200, 57, '2025-02-16', '2025-03-18', FALSE);
INSERT INTO bookclub_reads (clubid, bookid, start_date, end_date, is_current) VALUES (200, 865, '2025-03-25', '2025-04-24', FALSE);
INSERT INTO bookclub_reads (clubid, bookid, start_date, end_date, is_current) VALUES (200, 426, '2025-04-18', '2025-05-18', FALSE);
INSERT INTO bookclub_reads (clubid, bookid, start_date, end_date, is_current) VALUES (200, 515, '2025-02-17', '2025-03-19', FALSE);
INSERT INTO bookclub_reads (clubid, bookid, start_date, end_date, is_current) VALUES (200, 415, '2025-04-04', '2025-05-04', FALSE);

INSERT INTO bookclubs (clubid, name, description, creatorid) VALUES (201, 'Book Club 68', 'This is the description for Book Club 68.', 384);
INSERT INTO bookclub_creators (clubid, userid) VALUES (201, 384);
INSERT INTO bookclub_members (clubid, userid) VALUES (201, 384);
INSERT INTO bookclub_members (clubid, userid) VALUES (201, 421);
INSERT INTO bookclub_members (clubid, userid) VALUES (201, 71);
INSERT INTO bookclub_members (clubid, userid) VALUES (201, 8);
INSERT INTO bookclub_members (clubid, userid) VALUES (201, 393);
INSERT INTO bookclub_members (clubid, userid) VALUES (201, 140);
INSERT INTO bookclub_members (clubid, userid) VALUES (201, 141);
INSERT INTO bookclub_members (clubid, userid) VALUES (201, 398);
INSERT INTO bookclub_members (clubid, userid) VALUES (201, 303);
INSERT INTO bookclub_members (clubid, userid) VALUES (201, 400);
INSERT INTO bookclub_members (clubid, userid) VALUES (201, 272);
INSERT INTO bookclub_members (clubid, userid) VALUES (201, 29);
INSERT INTO bookclub_members (clubid, userid) VALUES (201, 372);
INSERT INTO bookclub_members (clubid, userid) VALUES (201, 340);
INSERT INTO bookclub_members (clubid, userid) VALUES (201, 21);
INSERT INTO bookclub_members (clubid, userid) VALUES (201, 151);
INSERT INTO bookclub_members (clubid, userid) VALUES (201, 221);
INSERT INTO bookclub_reads (clubid, bookid, start_date, end_date, is_current) VALUES (201, 1067, '2025-06-10', '2025-08-20', TRUE);
INSERT INTO bookclub_reads (clubid, bookid, start_date, end_date, is_current) VALUES (201, 421, '2025-06-28', '2025-08-14', TRUE);
INSERT INTO bookclub_reads (clubid, bookid, start_date, end_date, is_current) VALUES (201, 141, '2025-05-19', '2025-06-18', FALSE);
INSERT INTO bookclub_reads (clubid, bookid, start_date, end_date, is_current) VALUES (201, 664, '2025-04-27', '2025-05-27', FALSE);
INSERT INTO bookclub_reads (clubid, bookid, start_date, end_date, is_current) VALUES (201, 130, '2025-03-27', '2025-04-26', FALSE);
INSERT INTO bookclub_reads (clubid, bookid, start_date, end_date, is_current) VALUES (201, 180, '2025-03-28', '2025-04-27', FALSE);
INSERT INTO bookclub_reads (clubid, bookid, start_date, end_date, is_current) VALUES (201, 21, '2025-04-08', '2025-05-08', FALSE);
INSERT INTO bookclub_reads (clubid, bookid, start_date, end_date, is_current) VALUES (201, 350, '2025-02-28', '2025-03-30', FALSE);
INSERT INTO bookclub_reads (clubid, bookid, start_date, end_date, is_current) VALUES (201, 890, '2025-02-26', '2025-03-28', FALSE);
INSERT INTO bookclub_reads (clubid, bookid, start_date, end_date, is_current) VALUES (201, 931, '2025-05-17', '2025-06-16', FALSE);
INSERT INTO bookclub_reads (clubid, bookid, start_date, end_date, is_current) VALUES (201, 177, '2025-03-03', '2025-04-02', FALSE);
INSERT INTO bookclub_reads (clubid, bookid, start_date, end_date, is_current) VALUES (201, 565, '2025-03-25', '2025-04-24', FALSE);
INSERT INTO bookclub_reads (clubid, bookid, start_date, end_date, is_current) VALUES (201, 597, '2025-06-05', '2025-07-05', FALSE);
INSERT INTO bookclub_reads (clubid, bookid, start_date, end_date, is_current) VALUES (201, 67, '2025-04-19', '2025-05-19', FALSE);

INSERT INTO bookclubs (clubid, name, description, creatorid) VALUES (202, 'Book Club 69', 'This is the description for Book Club 69.', 86);
INSERT INTO bookclub_creators (clubid, userid) VALUES (202, 86);
INSERT INTO bookclub_members (clubid, userid) VALUES (202, 74);
INSERT INTO bookclub_members (clubid, userid) VALUES (202, 44);
INSERT INTO bookclub_members (clubid, userid) VALUES (202, 369);
INSERT INTO bookclub_members (clubid, userid) VALUES (202, 150);
INSERT INTO bookclub_members (clubid, userid) VALUES (202, 86);
INSERT INTO bookclub_members (clubid, userid) VALUES (202, 223);
INSERT INTO bookclub_reads (clubid, bookid, start_date, end_date, is_current) VALUES (202, 157, '2025-06-29', '2025-07-23', TRUE);
INSERT INTO bookclub_reads (clubid, bookid, start_date, end_date, is_current) VALUES (202, 10, '2025-06-20', '2025-08-12', TRUE);
INSERT INTO bookclub_reads (clubid, bookid, start_date, end_date, is_current) VALUES (202, 498, '2025-06-23', '2025-08-13', TRUE);
INSERT INTO bookclub_reads (clubid, bookid, start_date, end_date, is_current) VALUES (202, 565, '2025-03-05', '2025-04-04', FALSE);
INSERT INTO bookclub_reads (clubid, bookid, start_date, end_date, is_current) VALUES (202, 75, '2025-02-27', '2025-03-29', FALSE);
INSERT INTO bookclub_reads (clubid, bookid, start_date, end_date, is_current) VALUES (202, 333, '2025-05-21', '2025-06-20', FALSE);
INSERT INTO bookclub_reads (clubid, bookid, start_date, end_date, is_current) VALUES (202, 771, '2025-05-13', '2025-06-12', FALSE);
INSERT INTO bookclub_reads (clubid, bookid, start_date, end_date, is_current) VALUES (202, 251, '2025-02-08', '2025-03-10', FALSE);
INSERT INTO bookclub_reads (clubid, bookid, start_date, end_date, is_current) VALUES (202, 619, '2024-12-21', '2025-01-20', FALSE);
INSERT INTO bookclub_reads (clubid, bookid, start_date, end_date, is_current) VALUES (202, 69, '2025-04-16', '2025-05-16', FALSE);
INSERT INTO bookclub_reads (clubid, bookid, start_date, end_date, is_current) VALUES (202, 1097, '2025-02-17', '2025-03-19', FALSE);
INSERT INTO bookclub_reads (clubid, bookid, start_date, end_date, is_current) VALUES (202, 868, '2024-12-16', '2025-01-15', FALSE);

INSERT INTO bookclubs (clubid, name, description, creatorid) VALUES (203, 'Book Club 70', 'This is the description for Book Club 70.', 445);
INSERT INTO bookclub_creators (clubid, userid) VALUES (203, 445);
INSERT INTO bookclub_members (clubid, userid) VALUES (203, 66);
INSERT INTO bookclub_members (clubid, userid) VALUES (203, 363);
INSERT INTO bookclub_members (clubid, userid) VALUES (203, 399);
INSERT INTO bookclub_members (clubid, userid) VALUES (203, 18);
INSERT INTO bookclub_members (clubid, userid) VALUES (203, 52);
INSERT INTO bookclub_members (clubid, userid) VALUES (203, 308);
INSERT INTO bookclub_members (clubid, userid) VALUES (203, 280);
INSERT INTO bookclub_members (clubid, userid) VALUES (203, 441);
INSERT INTO bookclub_members (clubid, userid) VALUES (203, 58);
INSERT INTO bookclub_members (clubid, userid) VALUES (203, 315);
INSERT INTO bookclub_members (clubid, userid) VALUES (203, 157);
INSERT INTO bookclub_members (clubid, userid) VALUES (203, 445);
INSERT INTO bookclub_reads (clubid, bookid, start_date, end_date, is_current) VALUES (203, 775, '2025-07-04', '2025-07-24', TRUE);
INSERT INTO bookclub_reads (clubid, bookid, start_date, end_date, is_current) VALUES (203, 152, '2025-06-27', '2025-08-16', TRUE);
INSERT INTO bookclub_reads (clubid, bookid, start_date, end_date, is_current) VALUES (203, 478, '2025-03-08', '2025-04-07', FALSE);
INSERT INTO bookclub_reads (clubid, bookid, start_date, end_date, is_current) VALUES (203, 815, '2025-03-08', '2025-04-07', FALSE);
INSERT INTO bookclub_reads (clubid, bookid, start_date, end_date, is_current) VALUES (203, 494, '2024-12-14', '2025-01-13', FALSE);
INSERT INTO bookclub_reads (clubid, bookid, start_date, end_date, is_current) VALUES (203, 93, '2025-01-09', '2025-02-08', FALSE);
INSERT INTO bookclub_reads (clubid, bookid, start_date, end_date, is_current) VALUES (203, 1007, '2024-12-20', '2025-01-19', FALSE);
INSERT INTO bookclub_reads (clubid, bookid, start_date, end_date, is_current) VALUES (203, 446, '2025-04-10', '2025-05-10', FALSE);
INSERT INTO bookclub_reads (clubid, bookid, start_date, end_date, is_current) VALUES (203, 871, '2025-02-08', '2025-03-10', FALSE);
INSERT INTO bookclub_reads (clubid, bookid, start_date, end_date, is_current) VALUES (203, 406, '2025-04-09', '2025-05-09', FALSE);
INSERT INTO bookclub_reads (clubid, bookid, start_date, end_date, is_current) VALUES (203, 147, '2024-12-22', '2025-01-21', FALSE);
INSERT INTO bookclub_reads (clubid, bookid, start_date, end_date, is_current) VALUES (203, 23, '2025-01-22', '2025-02-21', FALSE);

INSERT INTO bookclubs (clubid, name, description, creatorid) VALUES (204, 'Book Club 71', 'This is the description for Book Club 71.', 104);
INSERT INTO bookclub_creators (clubid, userid) VALUES (204, 104);
INSERT INTO bookclub_members (clubid, userid) VALUES (204, 128);
INSERT INTO bookclub_members (clubid, userid) VALUES (204, 257);
INSERT INTO bookclub_members (clubid, userid) VALUES (204, 321);
INSERT INTO bookclub_members (clubid, userid) VALUES (204, 104);
INSERT INTO bookclub_members (clubid, userid) VALUES (204, 112);
INSERT INTO bookclub_members (clubid, userid) VALUES (204, 150);
INSERT INTO bookclub_reads (clubid, bookid, start_date, end_date, is_current) VALUES (204, 377, '2025-06-12', '2025-08-19', TRUE);
INSERT INTO bookclub_reads (clubid, bookid, start_date, end_date, is_current) VALUES (204, 151, '2025-05-29', '2025-06-28', FALSE);
INSERT INTO bookclub_reads (clubid, bookid, start_date, end_date, is_current) VALUES (204, 675, '2025-05-28', '2025-06-27', FALSE);
INSERT INTO bookclub_reads (clubid, bookid, start_date, end_date, is_current) VALUES (204, 109, '2025-03-21', '2025-04-20', FALSE);
INSERT INTO bookclub_reads (clubid, bookid, start_date, end_date, is_current) VALUES (204, 337, '2025-04-23', '2025-05-23', FALSE);
INSERT INTO bookclub_reads (clubid, bookid, start_date, end_date, is_current) VALUES (204, 83, '2025-05-05', '2025-06-04', FALSE);
INSERT INTO bookclub_reads (clubid, bookid, start_date, end_date, is_current) VALUES (204, 412, '2025-01-21', '2025-02-20', FALSE);

INSERT INTO bookclubs (clubid, name, description, creatorid) VALUES (205, 'Book Club 72', 'This is the description for Book Club 72.', 296);
INSERT INTO bookclub_creators (clubid, userid) VALUES (205, 296);
INSERT INTO bookclub_members (clubid, userid) VALUES (205, 1);
INSERT INTO bookclub_members (clubid, userid) VALUES (205, 161);
INSERT INTO bookclub_members (clubid, userid) VALUES (205, 357);
INSERT INTO bookclub_members (clubid, userid) VALUES (205, 358);
INSERT INTO bookclub_members (clubid, userid) VALUES (205, 104);
INSERT INTO bookclub_members (clubid, userid) VALUES (205, 296);
INSERT INTO bookclub_members (clubid, userid) VALUES (205, 395);
INSERT INTO bookclub_members (clubid, userid) VALUES (205, 397);
INSERT INTO bookclub_members (clubid, userid) VALUES (205, 378);
INSERT INTO bookclub_members (clubid, userid) VALUES (205, 14);
INSERT INTO bookclub_members (clubid, userid) VALUES (205, 309);
INSERT INTO bookclub_members (clubid, userid) VALUES (205, 119);
INSERT INTO bookclub_members (clubid, userid) VALUES (205, 280);
INSERT INTO bookclub_members (clubid, userid) VALUES (205, 186);
INSERT INTO bookclub_members (clubid, userid) VALUES (205, 383);
INSERT INTO bookclub_reads (clubid, bookid, start_date, end_date, is_current) VALUES (205, 280, '2025-07-05', '2025-07-30', TRUE);
INSERT INTO bookclub_reads (clubid, bookid, start_date, end_date, is_current) VALUES (205, 418, '2025-06-14', '2025-08-13', TRUE);
INSERT INTO bookclub_reads (clubid, bookid, start_date, end_date, is_current) VALUES (205, 45, '2025-03-27', '2025-04-26', FALSE);
INSERT INTO bookclub_reads (clubid, bookid, start_date, end_date, is_current) VALUES (205, 90, '2025-01-15', '2025-02-14', FALSE);
INSERT INTO bookclub_reads (clubid, bookid, start_date, end_date, is_current) VALUES (205, 411, '2025-03-21', '2025-04-20', FALSE);
INSERT INTO bookclub_reads (clubid, bookid, start_date, end_date, is_current) VALUES (205, 86, '2025-05-21', '2025-06-20', FALSE);
INSERT INTO bookclub_reads (clubid, bookid, start_date, end_date, is_current) VALUES (205, 137, '2025-05-26', '2025-06-25', FALSE);
INSERT INTO bookclub_reads (clubid, bookid, start_date, end_date, is_current) VALUES (205, 139, '2024-12-22', '2025-01-21', FALSE);

INSERT INTO bookclubs (clubid, name, description, creatorid) VALUES (206, 'Book Club 73', 'This is the description for Book Club 73.', 55);
INSERT INTO bookclub_creators (clubid, userid) VALUES (206, 55);
INSERT INTO bookclub_members (clubid, userid) VALUES (206, 194);
INSERT INTO bookclub_members (clubid, userid) VALUES (206, 420);
INSERT INTO bookclub_members (clubid, userid) VALUES (206, 174);
INSERT INTO bookclub_members (clubid, userid) VALUES (206, 177);
INSERT INTO bookclub_members (clubid, userid) VALUES (206, 55);
INSERT INTO bookclub_members (clubid, userid) VALUES (206, 91);
INSERT INTO bookclub_members (clubid, userid) VALUES (206, 284);
INSERT INTO bookclub_members (clubid, userid) VALUES (206, 127);
INSERT INTO bookclub_reads (clubid, bookid, start_date, end_date, is_current) VALUES (206, 425, '2025-07-03', '2025-08-05', TRUE);
INSERT INTO bookclub_reads (clubid, bookid, start_date, end_date, is_current) VALUES (206, 21, '2025-01-05', '2025-02-04', FALSE);
INSERT INTO bookclub_reads (clubid, bookid, start_date, end_date, is_current) VALUES (206, 245, '2025-02-21', '2025-03-23', FALSE);
INSERT INTO bookclub_reads (clubid, bookid, start_date, end_date, is_current) VALUES (206, 10, '2024-12-22', '2025-01-21', FALSE);
INSERT INTO bookclub_reads (clubid, bookid, start_date, end_date, is_current) VALUES (206, 823, '2025-01-24', '2025-02-23', FALSE);
INSERT INTO bookclub_reads (clubid, bookid, start_date, end_date, is_current) VALUES (206, 539, '2025-01-08', '2025-02-07', FALSE);
INSERT INTO bookclub_reads (clubid, bookid, start_date, end_date, is_current) VALUES (206, 180, '2025-05-07', '2025-06-06', FALSE);
INSERT INTO bookclub_reads (clubid, bookid, start_date, end_date, is_current) VALUES (206, 933, '2025-03-03', '2025-04-02', FALSE);
INSERT INTO bookclub_reads (clubid, bookid, start_date, end_date, is_current) VALUES (206, 834, '2025-06-02', '2025-07-02', FALSE);
INSERT INTO bookclub_reads (clubid, bookid, start_date, end_date, is_current) VALUES (206, 700, '2025-06-07', '2025-07-07', FALSE);
INSERT INTO bookclub_reads (clubid, bookid, start_date, end_date, is_current) VALUES (206, 99, '2024-12-11', '2025-01-10', FALSE);

INSERT INTO bookclubs (clubid, name, description, creatorid) VALUES (207, 'Book Club 74', 'This is the description for Book Club 74.', 281);
INSERT INTO bookclub_creators (clubid, userid) VALUES (207, 281);
INSERT INTO bookclub_members (clubid, userid) VALUES (207, 360);
INSERT INTO bookclub_members (clubid, userid) VALUES (207, 109);
INSERT INTO bookclub_members (clubid, userid) VALUES (207, 368);
INSERT INTO bookclub_members (clubid, userid) VALUES (207, 405);
INSERT INTO bookclub_members (clubid, userid) VALUES (207, 281);
INSERT INTO bookclub_members (clubid, userid) VALUES (207, 219);
INSERT INTO bookclub_reads (clubid, bookid, start_date, end_date, is_current) VALUES (207, 537, '2025-07-01', '2025-07-27', TRUE);
INSERT INTO bookclub_reads (clubid, bookid, start_date, end_date, is_current) VALUES (207, 667, '2025-07-02', '2025-07-25', TRUE);
INSERT INTO bookclub_reads (clubid, bookid, start_date, end_date, is_current) VALUES (207, 89, '2025-06-15', '2025-08-06', TRUE);
INSERT INTO bookclub_reads (clubid, bookid, start_date, end_date, is_current) VALUES (207, 205, '2025-01-07', '2025-02-06', FALSE);
INSERT INTO bookclub_reads (clubid, bookid, start_date, end_date, is_current) VALUES (207, 700, '2025-02-04', '2025-03-06', FALSE);
INSERT INTO bookclub_reads (clubid, bookid, start_date, end_date, is_current) VALUES (207, 1022, '2025-05-06', '2025-06-05', FALSE);
INSERT INTO bookclub_reads (clubid, bookid, start_date, end_date, is_current) VALUES (207, 250, '2025-05-08', '2025-06-07', FALSE);
INSERT INTO bookclub_reads (clubid, bookid, start_date, end_date, is_current) VALUES (207, 26, '2024-12-31', '2025-01-30', FALSE);
INSERT INTO bookclub_reads (clubid, bookid, start_date, end_date, is_current) VALUES (207, 642, '2025-01-25', '2025-02-24', FALSE);
INSERT INTO bookclub_reads (clubid, bookid, start_date, end_date, is_current) VALUES (207, 85, '2025-02-06', '2025-03-08', FALSE);
INSERT INTO bookclub_reads (clubid, bookid, start_date, end_date, is_current) VALUES (207, 1052, '2024-12-13', '2025-01-12', FALSE);

INSERT INTO bookclubs (clubid, name, description, creatorid) VALUES (208, 'Book Club 75', 'This is the description for Book Club 75.', 408);
INSERT INTO bookclub_creators (clubid, userid) VALUES (208, 408);
INSERT INTO bookclub_members (clubid, userid) VALUES (208, 225);
INSERT INTO bookclub_members (clubid, userid) VALUES (208, 215);
INSERT INTO bookclub_members (clubid, userid) VALUES (208, 231);
INSERT INTO bookclub_members (clubid, userid) VALUES (208, 42);
INSERT INTO bookclub_members (clubid, userid) VALUES (208, 143);
INSERT INTO bookclub_members (clubid, userid) VALUES (208, 49);
INSERT INTO bookclub_members (clubid, userid) VALUES (208, 18);
INSERT INTO bookclub_members (clubid, userid) VALUES (208, 211);
INSERT INTO bookclub_members (clubid, userid) VALUES (208, 341);
INSERT INTO bookclub_members (clubid, userid) VALUES (208, 85);
INSERT INTO bookclub_members (clubid, userid) VALUES (208, 343);
INSERT INTO bookclub_members (clubid, userid) VALUES (208, 408);
INSERT INTO bookclub_members (clubid, userid) VALUES (208, 89);
INSERT INTO bookclub_members (clubid, userid) VALUES (208, 26);
INSERT INTO bookclub_reads (clubid, bookid, start_date, end_date, is_current) VALUES (208, 930, '2025-07-03', '2025-08-15', TRUE);
INSERT INTO bookclub_reads (clubid, bookid, start_date, end_date, is_current) VALUES (208, 269, '2025-06-27', '2025-08-14', TRUE);
INSERT INTO bookclub_reads (clubid, bookid, start_date, end_date, is_current) VALUES (208, 356, '2025-06-21', '2025-08-10', TRUE);
INSERT INTO bookclub_reads (clubid, bookid, start_date, end_date, is_current) VALUES (208, 1032, '2025-02-17', '2025-03-19', FALSE);
INSERT INTO bookclub_reads (clubid, bookid, start_date, end_date, is_current) VALUES (208, 57, '2025-03-17', '2025-04-16', FALSE);
INSERT INTO bookclub_reads (clubid, bookid, start_date, end_date, is_current) VALUES (208, 538, '2025-02-25', '2025-03-27', FALSE);
INSERT INTO bookclub_reads (clubid, bookid, start_date, end_date, is_current) VALUES (208, 1078, '2025-01-16', '2025-02-15', FALSE);
INSERT INTO bookclub_reads (clubid, bookid, start_date, end_date, is_current) VALUES (208, 497, '2025-03-28', '2025-04-27', FALSE);
INSERT INTO bookclub_reads (clubid, bookid, start_date, end_date, is_current) VALUES (208, 932, '2025-05-11', '2025-06-10', FALSE);
INSERT INTO bookclub_reads (clubid, bookid, start_date, end_date, is_current) VALUES (208, 656, '2025-05-04', '2025-06-03', FALSE);
INSERT INTO bookclub_reads (clubid, bookid, start_date, end_date, is_current) VALUES (208, 903, '2025-02-17', '2025-03-19', FALSE);
INSERT INTO bookclub_reads (clubid, bookid, start_date, end_date, is_current) VALUES (208, 944, '2025-03-24', '2025-04-23', FALSE);
INSERT INTO bookclub_reads (clubid, bookid, start_date, end_date, is_current) VALUES (208, 1097, '2024-12-30', '2025-01-29', FALSE);
INSERT INTO bookclub_reads (clubid, bookid, start_date, end_date, is_current) VALUES (208, 523, '2025-03-22', '2025-04-21', FALSE);
INSERT INTO bookclub_reads (clubid, bookid, start_date, end_date, is_current) VALUES (208, 434, '2025-02-14', '2025-03-16', FALSE);
INSERT INTO bookclub_reads (clubid, bookid, start_date, end_date, is_current) VALUES (208, 302, '2025-03-01', '2025-03-31', FALSE);
INSERT INTO bookclub_reads (clubid, bookid, start_date, end_date, is_current) VALUES (208, 231, '2024-12-31', '2025-01-30', FALSE);
INSERT INTO bookclub_reads (clubid, bookid, start_date, end_date, is_current) VALUES (208, 890, '2025-03-27', '2025-04-26', FALSE);

INSERT INTO bookclubs (clubid, name, description, creatorid) VALUES (209, 'Book Club 76', 'This is the description for Book Club 76.', 134);
INSERT INTO bookclub_creators (clubid, userid) VALUES (209, 134);
INSERT INTO bookclub_members (clubid, userid) VALUES (209, 352);
INSERT INTO bookclub_members (clubid, userid) VALUES (209, 161);
INSERT INTO bookclub_members (clubid, userid) VALUES (209, 197);
INSERT INTO bookclub_members (clubid, userid) VALUES (209, 102);
INSERT INTO bookclub_members (clubid, userid) VALUES (209, 134);
INSERT INTO bookclub_members (clubid, userid) VALUES (209, 270);
INSERT INTO bookclub_members (clubid, userid) VALUES (209, 47);
INSERT INTO bookclub_members (clubid, userid) VALUES (209, 82);
INSERT INTO bookclub_members (clubid, userid) VALUES (209, 148);
INSERT INTO bookclub_members (clubid, userid) VALUES (209, 245);
INSERT INTO bookclub_members (clubid, userid) VALUES (209, 86);
INSERT INTO bookclub_members (clubid, userid) VALUES (209, 184);
INSERT INTO bookclub_members (clubid, userid) VALUES (209, 61);
INSERT INTO bookclub_members (clubid, userid) VALUES (209, 414);
INSERT INTO bookclub_reads (clubid, bookid, start_date, end_date, is_current) VALUES (209, 201, '2025-06-09', '2025-08-14', TRUE);
INSERT INTO bookclub_reads (clubid, bookid, start_date, end_date, is_current) VALUES (209, 933, '2025-06-19', '2025-08-22', TRUE);
INSERT INTO bookclub_reads (clubid, bookid, start_date, end_date, is_current) VALUES (209, 655, '2025-06-09', '2025-08-05', TRUE);
INSERT INTO bookclub_reads (clubid, bookid, start_date, end_date, is_current) VALUES (209, 354, '2025-05-22', '2025-06-21', FALSE);
INSERT INTO bookclub_reads (clubid, bookid, start_date, end_date, is_current) VALUES (209, 435, '2025-05-25', '2025-06-24', FALSE);
INSERT INTO bookclub_reads (clubid, bookid, start_date, end_date, is_current) VALUES (209, 576, '2025-05-26', '2025-06-25', FALSE);
INSERT INTO bookclub_reads (clubid, bookid, start_date, end_date, is_current) VALUES (209, 998, '2025-01-17', '2025-02-16', FALSE);
INSERT INTO bookclub_reads (clubid, bookid, start_date, end_date, is_current) VALUES (209, 841, '2025-05-16', '2025-06-15', FALSE);
INSERT INTO bookclub_reads (clubid, bookid, start_date, end_date, is_current) VALUES (209, 130, '2025-01-29', '2025-02-28', FALSE);
INSERT INTO bookclub_reads (clubid, bookid, start_date, end_date, is_current) VALUES (209, 93, '2025-05-22', '2025-06-21', FALSE);

INSERT INTO bookclubs (clubid, name, description, creatorid) VALUES (210, 'Book Club 77', 'This is the description for Book Club 77.', 162);
INSERT INTO bookclub_creators (clubid, userid) VALUES (210, 162);
INSERT INTO bookclub_members (clubid, userid) VALUES (210, 257);
INSERT INTO bookclub_members (clubid, userid) VALUES (210, 2);
INSERT INTO bookclub_members (clubid, userid) VALUES (210, 129);
INSERT INTO bookclub_members (clubid, userid) VALUES (210, 390);
INSERT INTO bookclub_members (clubid, userid) VALUES (210, 135);
INSERT INTO bookclub_members (clubid, userid) VALUES (210, 284);
INSERT INTO bookclub_members (clubid, userid) VALUES (210, 287);
INSERT INTO bookclub_members (clubid, userid) VALUES (210, 161);
INSERT INTO bookclub_members (clubid, userid) VALUES (210, 162);
INSERT INTO bookclub_members (clubid, userid) VALUES (210, 421);
INSERT INTO bookclub_members (clubid, userid) VALUES (210, 58);
INSERT INTO bookclub_members (clubid, userid) VALUES (210, 62);
INSERT INTO bookclub_members (clubid, userid) VALUES (210, 214);
INSERT INTO bookclub_members (clubid, userid) VALUES (210, 344);
INSERT INTO bookclub_members (clubid, userid) VALUES (210, 219);
INSERT INTO bookclub_members (clubid, userid) VALUES (210, 96);
INSERT INTO bookclub_members (clubid, userid) VALUES (210, 362);
INSERT INTO bookclub_members (clubid, userid) VALUES (210, 241);
INSERT INTO bookclub_members (clubid, userid) VALUES (210, 374);
INSERT INTO bookclub_reads (clubid, bookid, start_date, end_date, is_current) VALUES (210, 109, '2025-06-27', '2025-08-19', TRUE);
INSERT INTO bookclub_reads (clubid, bookid, start_date, end_date, is_current) VALUES (210, 932, '2025-01-30', '2025-03-01', FALSE);
INSERT INTO bookclub_reads (clubid, bookid, start_date, end_date, is_current) VALUES (210, 497, '2025-03-16', '2025-04-15', FALSE);
INSERT INTO bookclub_reads (clubid, bookid, start_date, end_date, is_current) VALUES (210, 130, '2025-05-29', '2025-06-28', FALSE);
INSERT INTO bookclub_reads (clubid, bookid, start_date, end_date, is_current) VALUES (210, 664, '2025-01-15', '2025-02-14', FALSE);
INSERT INTO bookclub_reads (clubid, bookid, start_date, end_date, is_current) VALUES (210, 1052, '2025-01-10', '2025-02-09', FALSE);
INSERT INTO bookclub_reads (clubid, bookid, start_date, end_date, is_current) VALUES (210, 295, '2025-01-29', '2025-02-28', FALSE);
INSERT INTO bookclub_reads (clubid, bookid, start_date, end_date, is_current) VALUES (210, 643, '2024-12-26', '2025-01-25', FALSE);
INSERT INTO bookclub_reads (clubid, bookid, start_date, end_date, is_current) VALUES (210, 1078, '2024-12-28', '2025-01-27', FALSE);
INSERT INTO bookclub_reads (clubid, bookid, start_date, end_date, is_current) VALUES (210, 597, '2024-12-10', '2025-01-09', FALSE);

INSERT INTO bookclubs (clubid, name, description, creatorid) VALUES (211, 'Book Club 78', 'This is the description for Book Club 78.', 201);
INSERT INTO bookclub_creators (clubid, userid) VALUES (211, 201);
INSERT INTO bookclub_members (clubid, userid) VALUES (211, 71);
INSERT INTO bookclub_members (clubid, userid) VALUES (211, 8);
INSERT INTO bookclub_members (clubid, userid) VALUES (211, 137);
INSERT INTO bookclub_members (clubid, userid) VALUES (211, 201);
INSERT INTO bookclub_members (clubid, userid) VALUES (211, 13);
INSERT INTO bookclub_members (clubid, userid) VALUES (211, 346);
INSERT INTO bookclub_members (clubid, userid) VALUES (211, 58);
INSERT INTO bookclub_members (clubid, userid) VALUES (211, 188);
INSERT INTO bookclub_reads (clubid, bookid, start_date, end_date, is_current) VALUES (211, 407, '2025-06-12', '2025-08-09', TRUE);
INSERT INTO bookclub_reads (clubid, bookid, start_date, end_date, is_current) VALUES (211, 827, '2025-06-10', '2025-07-30', TRUE);
INSERT INTO bookclub_reads (clubid, bookid, start_date, end_date, is_current) VALUES (211, 597, '2025-06-24', '2025-08-05', TRUE);
INSERT INTO bookclub_reads (clubid, bookid, start_date, end_date, is_current) VALUES (211, 61, '2025-05-12', '2025-06-11', FALSE);
INSERT INTO bookclub_reads (clubid, bookid, start_date, end_date, is_current) VALUES (211, 426, '2025-04-23', '2025-05-23', FALSE);
INSERT INTO bookclub_reads (clubid, bookid, start_date, end_date, is_current) VALUES (211, 799, '2025-05-27', '2025-06-26', FALSE);
INSERT INTO bookclub_reads (clubid, bookid, start_date, end_date, is_current) VALUES (211, 987, '2025-03-01', '2025-03-31', FALSE);
INSERT INTO bookclub_reads (clubid, bookid, start_date, end_date, is_current) VALUES (211, 423, '2025-05-14', '2025-06-13', FALSE);
INSERT INTO bookclub_reads (clubid, bookid, start_date, end_date, is_current) VALUES (211, 165, '2025-04-21', '2025-05-21', FALSE);
INSERT INTO bookclub_reads (clubid, bookid, start_date, end_date, is_current) VALUES (211, 787, '2024-12-27', '2025-01-26', FALSE);
INSERT INTO bookclub_reads (clubid, bookid, start_date, end_date, is_current) VALUES (211, 205, '2025-01-31', '2025-03-02', FALSE);
INSERT INTO bookclub_reads (clubid, bookid, start_date, end_date, is_current) VALUES (211, 619, '2025-05-03', '2025-06-02', FALSE);
INSERT INTO bookclub_reads (clubid, bookid, start_date, end_date, is_current) VALUES (211, 848, '2025-03-26', '2025-04-25', FALSE);

INSERT INTO bookclubs (clubid, name, description, creatorid) VALUES (212, 'Book Club 79', 'This is the description for Book Club 79.', 192);
INSERT INTO bookclub_creators (clubid, userid) VALUES (212, 192);
INSERT INTO bookclub_members (clubid, userid) VALUES (212, 192);
INSERT INTO bookclub_members (clubid, userid) VALUES (212, 194);
INSERT INTO bookclub_members (clubid, userid) VALUES (212, 260);
INSERT INTO bookclub_members (clubid, userid) VALUES (212, 104);
INSERT INTO bookclub_members (clubid, userid) VALUES (212, 361);
INSERT INTO bookclub_members (clubid, userid) VALUES (212, 74);
INSERT INTO bookclub_members (clubid, userid) VALUES (212, 170);
INSERT INTO bookclub_members (clubid, userid) VALUES (212, 268);
INSERT INTO bookclub_members (clubid, userid) VALUES (212, 337);
INSERT INTO bookclub_members (clubid, userid) VALUES (212, 81);
INSERT INTO bookclub_members (clubid, userid) VALUES (212, 274);
INSERT INTO bookclub_members (clubid, userid) VALUES (212, 180);
INSERT INTO bookclub_members (clubid, userid) VALUES (212, 415);
INSERT INTO bookclub_reads (clubid, bookid, start_date, end_date, is_current) VALUES (212, 397, '2025-06-08', '2025-07-29', TRUE);
INSERT INTO bookclub_reads (clubid, bookid, start_date, end_date, is_current) VALUES (212, 903, '2025-06-20', '2025-08-10', TRUE);
INSERT INTO bookclub_reads (clubid, bookid, start_date, end_date, is_current) VALUES (212, 890, '2025-06-13', '2025-07-30', TRUE);
INSERT INTO bookclub_reads (clubid, bookid, start_date, end_date, is_current) VALUES (212, 28, '2025-03-21', '2025-04-20', FALSE);
INSERT INTO bookclub_reads (clubid, bookid, start_date, end_date, is_current) VALUES (212, 230, '2025-02-23', '2025-03-25', FALSE);
INSERT INTO bookclub_reads (clubid, bookid, start_date, end_date, is_current) VALUES (212, 1097, '2024-12-21', '2025-01-20', FALSE);
INSERT INTO bookclub_reads (clubid, bookid, start_date, end_date, is_current) VALUES (212, 5, '2025-04-06', '2025-05-06', FALSE);
INSERT INTO bookclub_reads (clubid, bookid, start_date, end_date, is_current) VALUES (212, 484, '2025-02-26', '2025-03-28', FALSE);
INSERT INTO bookclub_reads (clubid, bookid, start_date, end_date, is_current) VALUES (212, 538, '2025-06-01', '2025-07-01', FALSE);
INSERT INTO bookclub_reads (clubid, bookid, start_date, end_date, is_current) VALUES (212, 285, '2025-02-01', '2025-03-03', FALSE);
INSERT INTO bookclub_reads (clubid, bookid, start_date, end_date, is_current) VALUES (212, 159, '2025-05-04', '2025-06-03', FALSE);
INSERT INTO bookclub_reads (clubid, bookid, start_date, end_date, is_current) VALUES (212, 662, '2025-01-01', '2025-01-31', FALSE);
INSERT INTO bookclub_reads (clubid, bookid, start_date, end_date, is_current) VALUES (212, 68, '2024-12-10', '2025-01-09', FALSE);
INSERT INTO bookclub_reads (clubid, bookid, start_date, end_date, is_current) VALUES (212, 821, '2025-05-08', '2025-06-07', FALSE);
INSERT INTO bookclub_reads (clubid, bookid, start_date, end_date, is_current) VALUES (212, 119, '2025-05-19', '2025-06-18', FALSE);

INSERT INTO bookclubs (clubid, name, description, creatorid) VALUES (213, 'Book Club 80', 'This is the description for Book Club 80.', 25);
INSERT INTO bookclub_creators (clubid, userid) VALUES (213, 25);
INSERT INTO bookclub_members (clubid, userid) VALUES (213, 32);
INSERT INTO bookclub_members (clubid, userid) VALUES (213, 194);
INSERT INTO bookclub_members (clubid, userid) VALUES (213, 419);
INSERT INTO bookclub_members (clubid, userid) VALUES (213, 2);
INSERT INTO bookclub_members (clubid, userid) VALUES (213, 294);
INSERT INTO bookclub_members (clubid, userid) VALUES (213, 7);
INSERT INTO bookclub_members (clubid, userid) VALUES (213, 236);
INSERT INTO bookclub_members (clubid, userid) VALUES (213, 211);
INSERT INTO bookclub_members (clubid, userid) VALUES (213, 85);
INSERT INTO bookclub_members (clubid, userid) VALUES (213, 149);
INSERT INTO bookclub_members (clubid, userid) VALUES (213, 280);
INSERT INTO bookclub_members (clubid, userid) VALUES (213, 57);
INSERT INTO bookclub_members (clubid, userid) VALUES (213, 25);
INSERT INTO bookclub_reads (clubid, bookid, start_date, end_date, is_current) VALUES (213, 58, '2025-06-29', '2025-07-27', TRUE);
INSERT INTO bookclub_reads (clubid, bookid, start_date, end_date, is_current) VALUES (213, 61, '2025-07-04', '2025-08-17', TRUE);
INSERT INTO bookclub_reads (clubid, bookid, start_date, end_date, is_current) VALUES (213, 998, '2025-06-26', '2025-08-03', TRUE);
INSERT INTO bookclub_reads (clubid, bookid, start_date, end_date, is_current) VALUES (213, 1073, '2025-05-04', '2025-06-03', FALSE);
INSERT INTO bookclub_reads (clubid, bookid, start_date, end_date, is_current) VALUES (213, 51, '2025-01-11', '2025-02-10', FALSE);
INSERT INTO bookclub_reads (clubid, bookid, start_date, end_date, is_current) VALUES (213, 348, '2025-02-08', '2025-03-10', FALSE);
INSERT INTO bookclub_reads (clubid, bookid, start_date, end_date, is_current) VALUES (213, 75, '2025-04-22', '2025-05-22', FALSE);
INSERT INTO bookclub_reads (clubid, bookid, start_date, end_date, is_current) VALUES (213, 14, '2025-05-21', '2025-06-20', FALSE);
INSERT INTO bookclub_reads (clubid, bookid, start_date, end_date, is_current) VALUES (213, 497, '2025-02-28', '2025-03-30', FALSE);
INSERT INTO bookclub_reads (clubid, bookid, start_date, end_date, is_current) VALUES (213, 131, '2025-05-15', '2025-06-14', FALSE);
INSERT INTO bookclub_reads (clubid, bookid, start_date, end_date, is_current) VALUES (213, 941, '2025-02-16', '2025-03-18', FALSE);

INSERT INTO bookclubs (clubid, name, description, creatorid) VALUES (214, 'Book Club 81', 'This is the description for Book Club 81.', 138);
INSERT INTO bookclub_creators (clubid, userid) VALUES (214, 138);
INSERT INTO bookclub_members (clubid, userid) VALUES (214, 224);
INSERT INTO bookclub_members (clubid, userid) VALUES (214, 138);
INSERT INTO bookclub_members (clubid, userid) VALUES (214, 43);
INSERT INTO bookclub_members (clubid, userid) VALUES (214, 333);
INSERT INTO bookclub_members (clubid, userid) VALUES (214, 109);
INSERT INTO bookclub_members (clubid, userid) VALUES (214, 271);
INSERT INTO bookclub_members (clubid, userid) VALUES (214, 400);
INSERT INTO bookclub_members (clubid, userid) VALUES (214, 47);
INSERT INTO bookclub_members (clubid, userid) VALUES (214, 336);
INSERT INTO bookclub_reads (clubid, bookid, start_date, end_date, is_current) VALUES (214, 424, '2025-06-10', '2025-08-11', TRUE);
INSERT INTO bookclub_reads (clubid, bookid, start_date, end_date, is_current) VALUES (214, 280, '2025-01-02', '2025-02-01', FALSE);
INSERT INTO bookclub_reads (clubid, bookid, start_date, end_date, is_current) VALUES (214, 79, '2024-12-21', '2025-01-20', FALSE);
INSERT INTO bookclub_reads (clubid, bookid, start_date, end_date, is_current) VALUES (214, 929, '2024-12-10', '2025-01-09', FALSE);
INSERT INTO bookclub_reads (clubid, bookid, start_date, end_date, is_current) VALUES (214, 412, '2025-03-10', '2025-04-09', FALSE);
INSERT INTO bookclub_reads (clubid, bookid, start_date, end_date, is_current) VALUES (214, 830, '2025-03-30', '2025-04-29', FALSE);
INSERT INTO bookclub_reads (clubid, bookid, start_date, end_date, is_current) VALUES (214, 763, '2025-04-30', '2025-05-30', FALSE);
INSERT INTO bookclub_reads (clubid, bookid, start_date, end_date, is_current) VALUES (214, 332, '2025-05-15', '2025-06-14', FALSE);
INSERT INTO bookclub_reads (clubid, bookid, start_date, end_date, is_current) VALUES (214, 277, '2025-06-07', '2025-07-07', FALSE);
INSERT INTO bookclub_reads (clubid, bookid, start_date, end_date, is_current) VALUES (214, 444, '2025-02-16', '2025-03-18', FALSE);
INSERT INTO bookclub_reads (clubid, bookid, start_date, end_date, is_current) VALUES (214, 840, '2025-05-14', '2025-06-13', FALSE);
INSERT INTO bookclub_reads (clubid, bookid, start_date, end_date, is_current) VALUES (214, 76, '2025-02-18', '2025-03-20', FALSE);

INSERT INTO bookclubs (clubid, name, description, creatorid) VALUES (215, 'Book Club 82', 'This is the description for Book Club 82.', 415);
INSERT INTO bookclub_creators (clubid, userid) VALUES (215, 415);
INSERT INTO bookclub_members (clubid, userid) VALUES (215, 417);
INSERT INTO bookclub_members (clubid, userid) VALUES (215, 99);
INSERT INTO bookclub_members (clubid, userid) VALUES (215, 198);
INSERT INTO bookclub_members (clubid, userid) VALUES (215, 415);
INSERT INTO bookclub_members (clubid, userid) VALUES (215, 370);
INSERT INTO bookclub_members (clubid, userid) VALUES (215, 88);
INSERT INTO bookclub_members (clubid, userid) VALUES (215, 121);
INSERT INTO bookclub_members (clubid, userid) VALUES (215, 282);
INSERT INTO bookclub_members (clubid, userid) VALUES (215, 283);
INSERT INTO bookclub_members (clubid, userid) VALUES (215, 24);
INSERT INTO bookclub_members (clubid, userid) VALUES (215, 95);
INSERT INTO bookclub_reads (clubid, bookid, start_date, end_date, is_current) VALUES (215, 142, '2025-06-08', '2025-07-26', TRUE);
INSERT INTO bookclub_reads (clubid, bookid, start_date, end_date, is_current) VALUES (215, 385, '2025-06-27', '2025-08-20', TRUE);
INSERT INTO bookclub_reads (clubid, bookid, start_date, end_date, is_current) VALUES (215, 840, '2024-12-30', '2025-01-29', FALSE);
INSERT INTO bookclub_reads (clubid, bookid, start_date, end_date, is_current) VALUES (215, 511, '2025-04-02', '2025-05-02', FALSE);
INSERT INTO bookclub_reads (clubid, bookid, start_date, end_date, is_current) VALUES (215, 77, '2025-01-25', '2025-02-24', FALSE);
INSERT INTO bookclub_reads (clubid, bookid, start_date, end_date, is_current) VALUES (215, 131, '2025-03-12', '2025-04-11', FALSE);
INSERT INTO bookclub_reads (clubid, bookid, start_date, end_date, is_current) VALUES (215, 639, '2025-06-05', '2025-07-05', FALSE);
INSERT INTO bookclub_reads (clubid, bookid, start_date, end_date, is_current) VALUES (215, 665, '2025-05-19', '2025-06-18', FALSE);
INSERT INTO bookclub_reads (clubid, bookid, start_date, end_date, is_current) VALUES (215, 163, '2024-12-25', '2025-01-24', FALSE);
INSERT INTO bookclub_reads (clubid, bookid, start_date, end_date, is_current) VALUES (215, 30, '2025-02-28', '2025-03-30', FALSE);
INSERT INTO bookclub_reads (clubid, bookid, start_date, end_date, is_current) VALUES (215, 107, '2025-05-06', '2025-06-05', FALSE);

INSERT INTO bookclubs (clubid, name, description, creatorid) VALUES (216, 'Book Club 83', 'This is the description for Book Club 83.', 294);
INSERT INTO bookclub_creators (clubid, userid) VALUES (216, 294);
INSERT INTO bookclub_members (clubid, userid) VALUES (216, 132);
INSERT INTO bookclub_members (clubid, userid) VALUES (216, 294);
INSERT INTO bookclub_members (clubid, userid) VALUES (216, 391);
INSERT INTO bookclub_members (clubid, userid) VALUES (216, 263);
INSERT INTO bookclub_members (clubid, userid) VALUES (216, 10);
INSERT INTO bookclub_members (clubid, userid) VALUES (216, 75);
INSERT INTO bookclub_members (clubid, userid) VALUES (216, 76);
INSERT INTO bookclub_members (clubid, userid) VALUES (216, 181);
INSERT INTO bookclub_members (clubid, userid) VALUES (216, 28);
INSERT INTO bookclub_members (clubid, userid) VALUES (216, 189);
INSERT INTO bookclub_reads (clubid, bookid, start_date, end_date, is_current) VALUES (216, 1078, '2025-06-18', '2025-07-30', TRUE);
INSERT INTO bookclub_reads (clubid, bookid, start_date, end_date, is_current) VALUES (216, 1099, '2025-07-08', '2025-08-20', TRUE);
INSERT INTO bookclub_reads (clubid, bookid, start_date, end_date, is_current) VALUES (216, 655, '2025-07-06', '2025-08-04', TRUE);
INSERT INTO bookclub_reads (clubid, bookid, start_date, end_date, is_current) VALUES (216, 367, '2025-04-22', '2025-05-22', FALSE);
INSERT INTO bookclub_reads (clubid, bookid, start_date, end_date, is_current) VALUES (216, 840, '2025-04-03', '2025-05-03', FALSE);
INSERT INTO bookclub_reads (clubid, bookid, start_date, end_date, is_current) VALUES (216, 295, '2025-03-29', '2025-04-28', FALSE);
INSERT INTO bookclub_reads (clubid, bookid, start_date, end_date, is_current) VALUES (216, 333, '2025-05-30', '2025-06-29', FALSE);
INSERT INTO bookclub_reads (clubid, bookid, start_date, end_date, is_current) VALUES (216, 67, '2025-04-04', '2025-05-04', FALSE);
INSERT INTO bookclub_reads (clubid, bookid, start_date, end_date, is_current) VALUES (216, 27, '2025-04-13', '2025-05-13', FALSE);
INSERT INTO bookclub_reads (clubid, bookid, start_date, end_date, is_current) VALUES (216, 117, '2025-02-02', '2025-03-04', FALSE);
INSERT INTO bookclub_reads (clubid, bookid, start_date, end_date, is_current) VALUES (216, 144, '2025-05-19', '2025-06-18', FALSE);
INSERT INTO bookclub_reads (clubid, bookid, start_date, end_date, is_current) VALUES (216, 10, '2025-03-30', '2025-04-29', FALSE);
INSERT INTO bookclub_reads (clubid, bookid, start_date, end_date, is_current) VALUES (216, 94, '2025-03-31', '2025-04-30', FALSE);
INSERT INTO bookclub_reads (clubid, bookid, start_date, end_date, is_current) VALUES (216, 18, '2024-12-19', '2025-01-18', FALSE);

INSERT INTO bookclubs (clubid, name, description, creatorid) VALUES (217, 'Book Club 84', 'This is the description for Book Club 84.', 391);
INSERT INTO bookclub_creators (clubid, userid) VALUES (217, 391);
INSERT INTO bookclub_members (clubid, userid) VALUES (217, 160);
INSERT INTO bookclub_members (clubid, userid) VALUES (217, 194);
INSERT INTO bookclub_members (clubid, userid) VALUES (217, 67);
INSERT INTO bookclub_members (clubid, userid) VALUES (217, 68);
INSERT INTO bookclub_members (clubid, userid) VALUES (217, 165);
INSERT INTO bookclub_members (clubid, userid) VALUES (217, 133);
INSERT INTO bookclub_members (clubid, userid) VALUES (217, 391);
INSERT INTO bookclub_members (clubid, userid) VALUES (217, 266);
INSERT INTO bookclub_members (clubid, userid) VALUES (217, 170);
INSERT INTO bookclub_members (clubid, userid) VALUES (217, 107);
INSERT INTO bookclub_members (clubid, userid) VALUES (217, 14);
INSERT INTO bookclub_members (clubid, userid) VALUES (217, 113);
INSERT INTO bookclub_members (clubid, userid) VALUES (217, 338);
INSERT INTO bookclub_members (clubid, userid) VALUES (217, 403);
INSERT INTO bookclub_members (clubid, userid) VALUES (217, 372);
INSERT INTO bookclub_members (clubid, userid) VALUES (217, 242);
INSERT INTO bookclub_members (clubid, userid) VALUES (217, 183);
INSERT INTO bookclub_reads (clubid, bookid, start_date, end_date, is_current) VALUES (217, 296, '2025-06-25', '2025-07-31', TRUE);
INSERT INTO bookclub_reads (clubid, bookid, start_date, end_date, is_current) VALUES (217, 1099, '2025-06-15', '2025-07-23', TRUE);
INSERT INTO bookclub_reads (clubid, bookid, start_date, end_date, is_current) VALUES (217, 103, '2025-06-10', '2025-08-08', TRUE);
INSERT INTO bookclub_reads (clubid, bookid, start_date, end_date, is_current) VALUES (217, 762, '2025-01-22', '2025-02-21', FALSE);
INSERT INTO bookclub_reads (clubid, bookid, start_date, end_date, is_current) VALUES (217, 669, '2025-05-26', '2025-06-25', FALSE);
INSERT INTO bookclub_reads (clubid, bookid, start_date, end_date, is_current) VALUES (217, 968, '2025-01-23', '2025-02-22', FALSE);
INSERT INTO bookclub_reads (clubid, bookid, start_date, end_date, is_current) VALUES (217, 998, '2025-05-23', '2025-06-22', FALSE);
INSERT INTO bookclub_reads (clubid, bookid, start_date, end_date, is_current) VALUES (217, 830, '2025-02-23', '2025-03-25', FALSE);
INSERT INTO bookclub_reads (clubid, bookid, start_date, end_date, is_current) VALUES (217, 565, '2025-05-25', '2025-06-24', FALSE);
INSERT INTO bookclub_reads (clubid, bookid, start_date, end_date, is_current) VALUES (217, 434, '2024-12-28', '2025-01-27', FALSE);
INSERT INTO bookclub_reads (clubid, bookid, start_date, end_date, is_current) VALUES (217, 765, '2025-01-31', '2025-03-02', FALSE);

INSERT INTO bookclubs (clubid, name, description, creatorid) VALUES (218, 'Book Club 85', 'This is the description for Book Club 85.', 273);
INSERT INTO bookclub_creators (clubid, userid) VALUES (218, 273);
INSERT INTO bookclub_members (clubid, userid) VALUES (218, 355);
INSERT INTO bookclub_members (clubid, userid) VALUES (218, 230);
INSERT INTO bookclub_members (clubid, userid) VALUES (218, 167);
INSERT INTO bookclub_members (clubid, userid) VALUES (218, 345);
INSERT INTO bookclub_members (clubid, userid) VALUES (218, 59);
INSERT INTO bookclub_members (clubid, userid) VALUES (218, 393);
INSERT INTO bookclub_members (clubid, userid) VALUES (218, 13);
INSERT INTO bookclub_members (clubid, userid) VALUES (218, 48);
INSERT INTO bookclub_members (clubid, userid) VALUES (218, 273);
INSERT INTO bookclub_members (clubid, userid) VALUES (218, 88);
INSERT INTO bookclub_members (clubid, userid) VALUES (218, 185);
INSERT INTO bookclub_members (clubid, userid) VALUES (218, 250);
INSERT INTO bookclub_members (clubid, userid) VALUES (218, 251);
INSERT INTO bookclub_members (clubid, userid) VALUES (218, 223);
INSERT INTO bookclub_reads (clubid, bookid, start_date, end_date, is_current) VALUES (218, 297, '2025-06-21', '2025-08-17', TRUE);
INSERT INTO bookclub_reads (clubid, bookid, start_date, end_date, is_current) VALUES (218, 493, '2025-07-08', '2025-08-04', TRUE);
INSERT INTO bookclub_reads (clubid, bookid, start_date, end_date, is_current) VALUES (218, 154, '2025-04-06', '2025-05-06', FALSE);
INSERT INTO bookclub_reads (clubid, bookid, start_date, end_date, is_current) VALUES (218, 107, '2025-01-31', '2025-03-02', FALSE);
INSERT INTO bookclub_reads (clubid, bookid, start_date, end_date, is_current) VALUES (218, 841, '2025-01-24', '2025-02-23', FALSE);
INSERT INTO bookclub_reads (clubid, bookid, start_date, end_date, is_current) VALUES (218, 463, '2025-04-13', '2025-05-13', FALSE);
INSERT INTO bookclub_reads (clubid, bookid, start_date, end_date, is_current) VALUES (218, 656, '2025-03-26', '2025-04-25', FALSE);
INSERT INTO bookclub_reads (clubid, bookid, start_date, end_date, is_current) VALUES (218, 414, '2025-03-29', '2025-04-28', FALSE);
INSERT INTO bookclub_reads (clubid, bookid, start_date, end_date, is_current) VALUES (218, 250, '2025-05-10', '2025-06-09', FALSE);
INSERT INTO bookclub_reads (clubid, bookid, start_date, end_date, is_current) VALUES (218, 888, '2025-03-26', '2025-04-25', FALSE);
INSERT INTO bookclub_reads (clubid, bookid, start_date, end_date, is_current) VALUES (218, 830, '2025-01-15', '2025-02-14', FALSE);

INSERT INTO bookclubs (clubid, name, description, creatorid) VALUES (219, 'Book Club 86', 'This is the description for Book Club 86.', 322);
INSERT INTO bookclub_creators (clubid, userid) VALUES (219, 322);
INSERT INTO bookclub_members (clubid, userid) VALUES (219, 322);
INSERT INTO bookclub_members (clubid, userid) VALUES (219, 163);
INSERT INTO bookclub_members (clubid, userid) VALUES (219, 207);
INSERT INTO bookclub_members (clubid, userid) VALUES (219, 20);
INSERT INTO bookclub_members (clubid, userid) VALUES (219, 281);
INSERT INTO bookclub_reads (clubid, bookid, start_date, end_date, is_current) VALUES (219, 903, '2025-06-11', '2025-08-12', TRUE);
INSERT INTO bookclub_reads (clubid, bookid, start_date, end_date, is_current) VALUES (219, 68, '2024-12-18', '2025-01-17', FALSE);
INSERT INTO bookclub_reads (clubid, bookid, start_date, end_date, is_current) VALUES (219, 872, '2025-03-18', '2025-04-17', FALSE);
INSERT INTO bookclub_reads (clubid, bookid, start_date, end_date, is_current) VALUES (219, 681, '2025-04-11', '2025-05-11', FALSE);
INSERT INTO bookclub_reads (clubid, bookid, start_date, end_date, is_current) VALUES (219, 51, '2025-06-04', '2025-07-04', FALSE);
INSERT INTO bookclub_reads (clubid, bookid, start_date, end_date, is_current) VALUES (219, 835, '2025-05-26', '2025-06-25', FALSE);
INSERT INTO bookclub_reads (clubid, bookid, start_date, end_date, is_current) VALUES (219, 478, '2025-04-23', '2025-05-23', FALSE);
INSERT INTO bookclub_reads (clubid, bookid, start_date, end_date, is_current) VALUES (219, 866, '2025-04-13', '2025-05-13', FALSE);
INSERT INTO bookclub_reads (clubid, bookid, start_date, end_date, is_current) VALUES (219, 119, '2025-01-11', '2025-02-10', FALSE);
INSERT INTO bookclub_reads (clubid, bookid, start_date, end_date, is_current) VALUES (219, 650, '2025-02-12', '2025-03-14', FALSE);
INSERT INTO bookclub_reads (clubid, bookid, start_date, end_date, is_current) VALUES (219, 385, '2025-01-12', '2025-02-11', FALSE);
INSERT INTO bookclub_reads (clubid, bookid, start_date, end_date, is_current) VALUES (219, 36, '2025-04-24', '2025-05-24', FALSE);
INSERT INTO bookclub_reads (clubid, bookid, start_date, end_date, is_current) VALUES (219, 787, '2025-03-02', '2025-04-01', FALSE);

INSERT INTO bookclubs (clubid, name, description, creatorid) VALUES (220, 'Book Club 87', 'This is the description for Book Club 87.', 433);
INSERT INTO bookclub_creators (clubid, userid) VALUES (220, 433);
INSERT INTO bookclub_members (clubid, userid) VALUES (220, 32);
INSERT INTO bookclub_members (clubid, userid) VALUES (220, 34);
INSERT INTO bookclub_members (clubid, userid) VALUES (220, 37);
INSERT INTO bookclub_members (clubid, userid) VALUES (220, 38);
INSERT INTO bookclub_members (clubid, userid) VALUES (220, 362);
INSERT INTO bookclub_members (clubid, userid) VALUES (220, 239);
INSERT INTO bookclub_members (clubid, userid) VALUES (220, 176);
INSERT INTO bookclub_members (clubid, userid) VALUES (220, 113);
INSERT INTO bookclub_members (clubid, userid) VALUES (220, 433);
INSERT INTO bookclub_members (clubid, userid) VALUES (220, 246);
INSERT INTO bookclub_members (clubid, userid) VALUES (220, 125);
INSERT INTO bookclub_members (clubid, userid) VALUES (220, 127);
INSERT INTO bookclub_reads (clubid, bookid, start_date, end_date, is_current) VALUES (220, 799, '2025-07-08', '2025-08-11', TRUE);
INSERT INTO bookclub_reads (clubid, bookid, start_date, end_date, is_current) VALUES (220, 332, '2025-07-01', '2025-07-26', TRUE);
INSERT INTO bookclub_reads (clubid, bookid, start_date, end_date, is_current) VALUES (220, 435, '2025-06-20', '2025-08-17', TRUE);
INSERT INTO bookclub_reads (clubid, bookid, start_date, end_date, is_current) VALUES (220, 357, '2025-05-28', '2025-06-27', FALSE);
INSERT INTO bookclub_reads (clubid, bookid, start_date, end_date, is_current) VALUES (220, 207, '2025-03-07', '2025-04-06', FALSE);
INSERT INTO bookclub_reads (clubid, bookid, start_date, end_date, is_current) VALUES (220, 37, '2025-04-05', '2025-05-05', FALSE);
INSERT INTO bookclub_reads (clubid, bookid, start_date, end_date, is_current) VALUES (220, 903, '2025-02-27', '2025-03-29', FALSE);
INSERT INTO bookclub_reads (clubid, bookid, start_date, end_date, is_current) VALUES (220, 66, '2025-01-04', '2025-02-03', FALSE);
INSERT INTO bookclub_reads (clubid, bookid, start_date, end_date, is_current) VALUES (220, 667, '2025-04-25', '2025-05-25', FALSE);
INSERT INTO bookclub_reads (clubid, bookid, start_date, end_date, is_current) VALUES (220, 828, '2025-01-09', '2025-02-08', FALSE);
INSERT INTO bookclub_reads (clubid, bookid, start_date, end_date, is_current) VALUES (220, 669, '2025-02-21', '2025-03-23', FALSE);
INSERT INTO bookclub_reads (clubid, bookid, start_date, end_date, is_current) VALUES (220, 759, '2025-06-01', '2025-07-01', FALSE);
INSERT INTO bookclub_reads (clubid, bookid, start_date, end_date, is_current) VALUES (220, 1068, '2025-03-07', '2025-04-06', FALSE);
INSERT INTO bookclub_reads (clubid, bookid, start_date, end_date, is_current) VALUES (220, 599, '2024-12-22', '2025-01-21', FALSE);
INSERT INTO bookclub_reads (clubid, bookid, start_date, end_date, is_current) VALUES (220, 676, '2025-05-21', '2025-06-20', FALSE);
INSERT INTO bookclub_reads (clubid, bookid, start_date, end_date, is_current) VALUES (220, 153, '2025-06-04', '2025-07-04', FALSE);

INSERT INTO bookclubs (clubid, name, description, creatorid) VALUES (221, 'Book Club 88', 'This is the description for Book Club 88.', 154);
INSERT INTO bookclub_creators (clubid, userid) VALUES (221, 154);
INSERT INTO bookclub_members (clubid, userid) VALUES (221, 291);
INSERT INTO bookclub_members (clubid, userid) VALUES (221, 111);
INSERT INTO bookclub_members (clubid, userid) VALUES (221, 244);
INSERT INTO bookclub_members (clubid, userid) VALUES (221, 278);
INSERT INTO bookclub_members (clubid, userid) VALUES (221, 154);
INSERT INTO bookclub_reads (clubid, bookid, start_date, end_date, is_current) VALUES (221, 166, '2025-07-05', '2025-08-05', TRUE);
INSERT INTO bookclub_reads (clubid, bookid, start_date, end_date, is_current) VALUES (221, 816, '2025-03-12', '2025-04-11', FALSE);
INSERT INTO bookclub_reads (clubid, bookid, start_date, end_date, is_current) VALUES (221, 478, '2024-12-26', '2025-01-25', FALSE);
INSERT INTO bookclub_reads (clubid, bookid, start_date, end_date, is_current) VALUES (221, 765, '2025-06-01', '2025-07-01', FALSE);
INSERT INTO bookclub_reads (clubid, bookid, start_date, end_date, is_current) VALUES (221, 975, '2025-01-01', '2025-01-31', FALSE);
INSERT INTO bookclub_reads (clubid, bookid, start_date, end_date, is_current) VALUES (221, 99, '2024-12-13', '2025-01-12', FALSE);
INSERT INTO bookclub_reads (clubid, bookid, start_date, end_date, is_current) VALUES (221, 570, '2025-05-08', '2025-06-07', FALSE);
INSERT INTO bookclub_reads (clubid, bookid, start_date, end_date, is_current) VALUES (221, 154, '2025-05-25', '2025-06-24', FALSE);
INSERT INTO bookclub_reads (clubid, bookid, start_date, end_date, is_current) VALUES (221, 109, '2025-03-15', '2025-04-14', FALSE);
INSERT INTO bookclub_reads (clubid, bookid, start_date, end_date, is_current) VALUES (221, 656, '2024-12-23', '2025-01-22', FALSE);
INSERT INTO bookclub_reads (clubid, bookid, start_date, end_date, is_current) VALUES (221, 933, '2025-04-18', '2025-05-18', FALSE);
INSERT INTO bookclub_reads (clubid, bookid, start_date, end_date, is_current) VALUES (221, 873, '2025-02-12', '2025-03-14', FALSE);

INSERT INTO bookclubs (clubid, name, description, creatorid) VALUES (222, 'Book Club 89', 'This is the description for Book Club 89.', 405);
INSERT INTO bookclub_creators (clubid, userid) VALUES (222, 405);
INSERT INTO bookclub_members (clubid, userid) VALUES (222, 407);
INSERT INTO bookclub_members (clubid, userid) VALUES (222, 193);
INSERT INTO bookclub_members (clubid, userid) VALUES (222, 419);
INSERT INTO bookclub_members (clubid, userid) VALUES (222, 168);
INSERT INTO bookclub_members (clubid, userid) VALUES (222, 201);
INSERT INTO bookclub_members (clubid, userid) VALUES (222, 106);
INSERT INTO bookclub_members (clubid, userid) VALUES (222, 44);
INSERT INTO bookclub_members (clubid, userid) VALUES (222, 13);
INSERT INTO bookclub_members (clubid, userid) VALUES (222, 173);
INSERT INTO bookclub_members (clubid, userid) VALUES (222, 405);
INSERT INTO bookclub_members (clubid, userid) VALUES (222, 22);
INSERT INTO bookclub_members (clubid, userid) VALUES (222, 183);
INSERT INTO bookclub_members (clubid, userid) VALUES (222, 377);
INSERT INTO bookclub_members (clubid, userid) VALUES (222, 59);
INSERT INTO bookclub_members (clubid, userid) VALUES (222, 319);
INSERT INTO bookclub_reads (clubid, bookid, start_date, end_date, is_current) VALUES (222, 944, '2025-06-13', '2025-08-08', TRUE);
INSERT INTO bookclub_reads (clubid, bookid, start_date, end_date, is_current) VALUES (222, 140, '2025-07-05', '2025-08-20', TRUE);
INSERT INTO bookclub_reads (clubid, bookid, start_date, end_date, is_current) VALUES (222, 160, '2025-05-15', '2025-06-14', FALSE);
INSERT INTO bookclub_reads (clubid, bookid, start_date, end_date, is_current) VALUES (222, 930, '2024-12-29', '2025-01-28', FALSE);
INSERT INTO bookclub_reads (clubid, bookid, start_date, end_date, is_current) VALUES (222, 426, '2025-03-02', '2025-04-01', FALSE);
INSERT INTO bookclub_reads (clubid, bookid, start_date, end_date, is_current) VALUES (222, 413, '2025-04-15', '2025-05-15', FALSE);
INSERT INTO bookclub_reads (clubid, bookid, start_date, end_date, is_current) VALUES (222, 903, '2025-06-01', '2025-07-01', FALSE);

INSERT INTO bookclubs (clubid, name, description, creatorid) VALUES (223, 'Book Club 90', 'This is the description for Book Club 90.', 416);
INSERT INTO bookclub_creators (clubid, userid) VALUES (223, 416);
INSERT INTO bookclub_members (clubid, userid) VALUES (223, 64);
INSERT INTO bookclub_members (clubid, userid) VALUES (223, 129);
INSERT INTO bookclub_members (clubid, userid) VALUES (223, 416);
INSERT INTO bookclub_members (clubid, userid) VALUES (223, 197);
INSERT INTO bookclub_members (clubid, userid) VALUES (223, 198);
INSERT INTO bookclub_members (clubid, userid) VALUES (223, 48);
INSERT INTO bookclub_members (clubid, userid) VALUES (223, 112);
INSERT INTO bookclub_members (clubid, userid) VALUES (223, 242);
INSERT INTO bookclub_members (clubid, userid) VALUES (223, 307);
INSERT INTO bookclub_members (clubid, userid) VALUES (223, 181);
INSERT INTO bookclub_members (clubid, userid) VALUES (223, 278);
INSERT INTO bookclub_members (clubid, userid) VALUES (223, 377);
INSERT INTO bookclub_members (clubid, userid) VALUES (223, 122);
INSERT INTO bookclub_members (clubid, userid) VALUES (223, 155);
INSERT INTO bookclub_members (clubid, userid) VALUES (223, 29);
INSERT INTO bookclub_members (clubid, userid) VALUES (223, 255);
INSERT INTO bookclub_reads (clubid, bookid, start_date, end_date, is_current) VALUES (223, 888, '2025-07-04', '2025-08-06', TRUE);
INSERT INTO bookclub_reads (clubid, bookid, start_date, end_date, is_current) VALUES (223, 131, '2025-07-03', '2025-08-19', TRUE);
INSERT INTO bookclub_reads (clubid, bookid, start_date, end_date, is_current) VALUES (223, 531, '2025-07-03', '2025-07-27', TRUE);
INSERT INTO bookclub_reads (clubid, bookid, start_date, end_date, is_current) VALUES (223, 367, '2025-03-15', '2025-04-14', FALSE);
INSERT INTO bookclub_reads (clubid, bookid, start_date, end_date, is_current) VALUES (223, 960, '2025-05-27', '2025-06-26', FALSE);
INSERT INTO bookclub_reads (clubid, bookid, start_date, end_date, is_current) VALUES (223, 89, '2025-02-02', '2025-03-04', FALSE);
INSERT INTO bookclub_reads (clubid, bookid, start_date, end_date, is_current) VALUES (223, 665, '2024-12-10', '2025-01-09', FALSE);
INSERT INTO bookclub_reads (clubid, bookid, start_date, end_date, is_current) VALUES (223, 534, '2025-02-22', '2025-03-24', FALSE);
INSERT INTO bookclub_reads (clubid, bookid, start_date, end_date, is_current) VALUES (223, 523, '2024-12-15', '2025-01-14', FALSE);
INSERT INTO bookclub_reads (clubid, bookid, start_date, end_date, is_current) VALUES (223, 277, '2025-04-09', '2025-05-09', FALSE);
INSERT INTO bookclub_reads (clubid, bookid, start_date, end_date, is_current) VALUES (223, 1073, '2025-01-16', '2025-02-15', FALSE);
INSERT INTO bookclub_reads (clubid, bookid, start_date, end_date, is_current) VALUES (223, 650, '2025-02-01', '2025-03-03', FALSE);
INSERT INTO bookclub_reads (clubid, bookid, start_date, end_date, is_current) VALUES (223, 93, '2024-12-20', '2025-01-19', FALSE);
INSERT INTO bookclub_reads (clubid, bookid, start_date, end_date, is_current) VALUES (223, 900, '2025-03-31', '2025-04-30', FALSE);

INSERT INTO bookclubs (clubid, name, description, creatorid) VALUES (224, 'Book Club 91', 'This is the description for Book Club 91.', 233);
INSERT INTO bookclub_creators (clubid, userid) VALUES (224, 233);
INSERT INTO bookclub_members (clubid, userid) VALUES (224, 312);
INSERT INTO bookclub_members (clubid, userid) VALUES (224, 419);
INSERT INTO bookclub_members (clubid, userid) VALUES (224, 229);
INSERT INTO bookclub_members (clubid, userid) VALUES (224, 200);
INSERT INTO bookclub_members (clubid, userid) VALUES (224, 233);
INSERT INTO bookclub_members (clubid, userid) VALUES (224, 362);
INSERT INTO bookclub_members (clubid, userid) VALUES (224, 109);
INSERT INTO bookclub_members (clubid, userid) VALUES (224, 111);
INSERT INTO bookclub_members (clubid, userid) VALUES (224, 403);
INSERT INTO bookclub_members (clubid, userid) VALUES (224, 148);
INSERT INTO bookclub_members (clubid, userid) VALUES (224, 406);
INSERT INTO bookclub_members (clubid, userid) VALUES (224, 344);
INSERT INTO bookclub_members (clubid, userid) VALUES (224, 313);
INSERT INTO bookclub_members (clubid, userid) VALUES (224, 318);
INSERT INTO bookclub_reads (clubid, bookid, start_date, end_date, is_current) VALUES (224, 122, '2025-06-11', '2025-07-26', TRUE);
INSERT INTO bookclub_reads (clubid, bookid, start_date, end_date, is_current) VALUES (224, 703, '2025-06-20', '2025-08-01', TRUE);
INSERT INTO bookclub_reads (clubid, bookid, start_date, end_date, is_current) VALUES (224, 420, '2025-07-01', '2025-07-25', TRUE);
INSERT INTO bookclub_reads (clubid, bookid, start_date, end_date, is_current) VALUES (224, 658, '2025-05-24', '2025-06-23', FALSE);
INSERT INTO bookclub_reads (clubid, bookid, start_date, end_date, is_current) VALUES (224, 681, '2025-04-27', '2025-05-27', FALSE);
INSERT INTO bookclub_reads (clubid, bookid, start_date, end_date, is_current) VALUES (224, 771, '2025-02-07', '2025-03-09', FALSE);
INSERT INTO bookclub_reads (clubid, bookid, start_date, end_date, is_current) VALUES (224, 153, '2025-03-13', '2025-04-12', FALSE);
INSERT INTO bookclub_reads (clubid, bookid, start_date, end_date, is_current) VALUES (224, 476, '2024-12-12', '2025-01-11', FALSE);
INSERT INTO bookclub_reads (clubid, bookid, start_date, end_date, is_current) VALUES (224, 873, '2025-04-08', '2025-05-08', FALSE);
INSERT INTO bookclub_reads (clubid, bookid, start_date, end_date, is_current) VALUES (224, 264, '2025-02-26', '2025-03-28', FALSE);
INSERT INTO bookclub_reads (clubid, bookid, start_date, end_date, is_current) VALUES (224, 13, '2025-05-01', '2025-05-31', FALSE);
INSERT INTO bookclub_reads (clubid, bookid, start_date, end_date, is_current) VALUES (224, 362, '2025-02-06', '2025-03-08', FALSE);

INSERT INTO bookclubs (clubid, name, description, creatorid) VALUES (225, 'Book Club 92', 'This is the description for Book Club 92.', 53);
INSERT INTO bookclub_creators (clubid, userid) VALUES (225, 53);
INSERT INTO bookclub_members (clubid, userid) VALUES (225, 64);
INSERT INTO bookclub_members (clubid, userid) VALUES (225, 289);
INSERT INTO bookclub_members (clubid, userid) VALUES (225, 36);
INSERT INTO bookclub_members (clubid, userid) VALUES (225, 293);
INSERT INTO bookclub_members (clubid, userid) VALUES (225, 70);
INSERT INTO bookclub_members (clubid, userid) VALUES (225, 166);
INSERT INTO bookclub_members (clubid, userid) VALUES (225, 300);
INSERT INTO bookclub_members (clubid, userid) VALUES (225, 314);
INSERT INTO bookclub_members (clubid, userid) VALUES (225, 44);
INSERT INTO bookclub_members (clubid, userid) VALUES (225, 396);
INSERT INTO bookclub_members (clubid, userid) VALUES (225, 16);
INSERT INTO bookclub_members (clubid, userid) VALUES (225, 211);
INSERT INTO bookclub_members (clubid, userid) VALUES (225, 53);
INSERT INTO bookclub_members (clubid, userid) VALUES (225, 248);
INSERT INTO bookclub_members (clubid, userid) VALUES (225, 90);
INSERT INTO bookclub_members (clubid, userid) VALUES (225, 216);
INSERT INTO bookclub_reads (clubid, bookid, start_date, end_date, is_current) VALUES (225, 447, '2025-06-11', '2025-08-10', TRUE);
INSERT INTO bookclub_reads (clubid, bookid, start_date, end_date, is_current) VALUES (225, 639, '2025-02-25', '2025-03-27', FALSE);
INSERT INTO bookclub_reads (clubid, bookid, start_date, end_date, is_current) VALUES (225, 888, '2025-05-16', '2025-06-15', FALSE);
INSERT INTO bookclub_reads (clubid, bookid, start_date, end_date, is_current) VALUES (225, 463, '2025-05-18', '2025-06-17', FALSE);
INSERT INTO bookclub_reads (clubid, bookid, start_date, end_date, is_current) VALUES (225, 91, '2025-02-13', '2025-03-15', FALSE);
INSERT INTO bookclub_reads (clubid, bookid, start_date, end_date, is_current) VALUES (225, 297, '2025-02-03', '2025-03-05', FALSE);
INSERT INTO bookclub_reads (clubid, bookid, start_date, end_date, is_current) VALUES (225, 289, '2025-04-29', '2025-05-29', FALSE);
INSERT INTO bookclub_reads (clubid, bookid, start_date, end_date, is_current) VALUES (225, 570, '2025-04-24', '2025-05-24', FALSE);
INSERT INTO bookclub_reads (clubid, bookid, start_date, end_date, is_current) VALUES (225, 835, '2024-12-23', '2025-01-22', FALSE);
INSERT INTO bookclub_reads (clubid, bookid, start_date, end_date, is_current) VALUES (225, 830, '2025-04-29', '2025-05-29', FALSE);
INSERT INTO bookclub_reads (clubid, bookid, start_date, end_date, is_current) VALUES (225, 1005, '2025-04-20', '2025-05-20', FALSE);
INSERT INTO bookclub_reads (clubid, bookid, start_date, end_date, is_current) VALUES (225, 117, '2025-01-23', '2025-02-22', FALSE);
INSERT INTO bookclub_reads (clubid, bookid, start_date, end_date, is_current) VALUES (225, 86, '2025-04-11', '2025-05-11', FALSE);
INSERT INTO bookclub_reads (clubid, bookid, start_date, end_date, is_current) VALUES (225, 162, '2024-12-13', '2025-01-12', FALSE);
INSERT INTO bookclub_reads (clubid, bookid, start_date, end_date, is_current) VALUES (225, 428, '2025-03-14', '2025-04-13', FALSE);

INSERT INTO bookclubs (clubid, name, description, creatorid) VALUES (226, 'Book Club 93', 'This is the description for Book Club 93.', 295);
INSERT INTO bookclub_creators (clubid, userid) VALUES (226, 295);
INSERT INTO bookclub_members (clubid, userid) VALUES (226, 416);
INSERT INTO bookclub_members (clubid, userid) VALUES (226, 321);
INSERT INTO bookclub_members (clubid, userid) VALUES (226, 7);
INSERT INTO bookclub_members (clubid, userid) VALUES (226, 391);
INSERT INTO bookclub_members (clubid, userid) VALUES (226, 169);
INSERT INTO bookclub_members (clubid, userid) VALUES (226, 10);
INSERT INTO bookclub_members (clubid, userid) VALUES (226, 139);
INSERT INTO bookclub_members (clubid, userid) VALUES (226, 168);
INSERT INTO bookclub_members (clubid, userid) VALUES (226, 269);
INSERT INTO bookclub_members (clubid, userid) VALUES (226, 295);
INSERT INTO bookclub_members (clubid, userid) VALUES (226, 114);
INSERT INTO bookclub_members (clubid, userid) VALUES (226, 18);
INSERT INTO bookclub_members (clubid, userid) VALUES (226, 402);
INSERT INTO bookclub_members (clubid, userid) VALUES (226, 341);
INSERT INTO bookclub_members (clubid, userid) VALUES (226, 255);
INSERT INTO bookclub_reads (clubid, bookid, start_date, end_date, is_current) VALUES (226, 29, '2025-06-19', '2025-08-08', TRUE);
INSERT INTO bookclub_reads (clubid, bookid, start_date, end_date, is_current) VALUES (226, 36, '2025-07-08', '2025-08-14', TRUE);
INSERT INTO bookclub_reads (clubid, bookid, start_date, end_date, is_current) VALUES (226, 77, '2025-03-23', '2025-04-22', FALSE);
INSERT INTO bookclub_reads (clubid, bookid, start_date, end_date, is_current) VALUES (226, 902, '2025-04-04', '2025-05-04', FALSE);
INSERT INTO bookclub_reads (clubid, bookid, start_date, end_date, is_current) VALUES (226, 4, '2025-05-13', '2025-06-12', FALSE);
INSERT INTO bookclub_reads (clubid, bookid, start_date, end_date, is_current) VALUES (226, 665, '2025-05-07', '2025-06-06', FALSE);
INSERT INTO bookclub_reads (clubid, bookid, start_date, end_date, is_current) VALUES (226, 534, '2025-05-17', '2025-06-16', FALSE);

INSERT INTO bookclubs (clubid, name, description, creatorid) VALUES (227, 'Book Club 94', 'This is the description for Book Club 94.', 205);
INSERT INTO bookclub_creators (clubid, userid) VALUES (227, 205);
INSERT INTO bookclub_members (clubid, userid) VALUES (227, 385);
INSERT INTO bookclub_members (clubid, userid) VALUES (227, 3);
INSERT INTO bookclub_members (clubid, userid) VALUES (227, 414);
INSERT INTO bookclub_members (clubid, userid) VALUES (227, 69);
INSERT INTO bookclub_members (clubid, userid) VALUES (227, 134);
INSERT INTO bookclub_members (clubid, userid) VALUES (227, 170);
INSERT INTO bookclub_members (clubid, userid) VALUES (227, 395);
INSERT INTO bookclub_members (clubid, userid) VALUES (227, 300);
INSERT INTO bookclub_members (clubid, userid) VALUES (227, 428);
INSERT INTO bookclub_members (clubid, userid) VALUES (227, 366);
INSERT INTO bookclub_members (clubid, userid) VALUES (227, 205);
INSERT INTO bookclub_members (clubid, userid) VALUES (227, 158);
INSERT INTO bookclub_members (clubid, userid) VALUES (227, 60);
INSERT INTO bookclub_members (clubid, userid) VALUES (227, 222);
INSERT INTO bookclub_reads (clubid, bookid, start_date, end_date, is_current) VALUES (227, 409, '2025-06-12', '2025-07-24', TRUE);
INSERT INTO bookclub_reads (clubid, bookid, start_date, end_date, is_current) VALUES (227, 292, '2025-06-18', '2025-08-19', TRUE);
INSERT INTO bookclub_reads (clubid, bookid, start_date, end_date, is_current) VALUES (227, 79, '2025-05-11', '2025-06-10', FALSE);
INSERT INTO bookclub_reads (clubid, bookid, start_date, end_date, is_current) VALUES (227, 182, '2025-04-08', '2025-05-08', FALSE);
INSERT INTO bookclub_reads (clubid, bookid, start_date, end_date, is_current) VALUES (227, 141, '2025-02-03', '2025-03-05', FALSE);
INSERT INTO bookclub_reads (clubid, bookid, start_date, end_date, is_current) VALUES (227, 702, '2025-04-05', '2025-05-05', FALSE);
INSERT INTO bookclub_reads (clubid, bookid, start_date, end_date, is_current) VALUES (227, 793, '2025-05-20', '2025-06-19', FALSE);
INSERT INTO bookclub_reads (clubid, bookid, start_date, end_date, is_current) VALUES (227, 332, '2025-01-29', '2025-02-28', FALSE);
INSERT INTO bookclub_reads (clubid, bookid, start_date, end_date, is_current) VALUES (227, 302, '2025-02-14', '2025-03-16', FALSE);
INSERT INTO bookclub_reads (clubid, bookid, start_date, end_date, is_current) VALUES (227, 166, '2025-05-26', '2025-06-25', FALSE);
INSERT INTO bookclub_reads (clubid, bookid, start_date, end_date, is_current) VALUES (227, 494, '2025-03-17', '2025-04-16', FALSE);
INSERT INTO bookclub_reads (clubid, bookid, start_date, end_date, is_current) VALUES (227, 250, '2025-01-17', '2025-02-16', FALSE);
INSERT INTO bookclub_reads (clubid, bookid, start_date, end_date, is_current) VALUES (227, 151, '2025-03-22', '2025-04-21', FALSE);

INSERT INTO bookclubs (clubid, name, description, creatorid) VALUES (228, 'Book Club 95', 'This is the description for Book Club 95.', 209);
INSERT INTO bookclub_creators (clubid, userid) VALUES (228, 209);
INSERT INTO bookclub_members (clubid, userid) VALUES (228, 418);
INSERT INTO bookclub_members (clubid, userid) VALUES (228, 66);
INSERT INTO bookclub_members (clubid, userid) VALUES (228, 139);
INSERT INTO bookclub_members (clubid, userid) VALUES (228, 331);
INSERT INTO bookclub_members (clubid, userid) VALUES (228, 269);
INSERT INTO bookclub_members (clubid, userid) VALUES (228, 430);
INSERT INTO bookclub_members (clubid, userid) VALUES (228, 209);
INSERT INTO bookclub_members (clubid, userid) VALUES (228, 402);
INSERT INTO bookclub_members (clubid, userid) VALUES (228, 180);
INSERT INTO bookclub_members (clubid, userid) VALUES (228, 246);
INSERT INTO bookclub_members (clubid, userid) VALUES (228, 343);
INSERT INTO bookclub_members (clubid, userid) VALUES (228, 56);
INSERT INTO bookclub_members (clubid, userid) VALUES (228, 217);
INSERT INTO bookclub_members (clubid, userid) VALUES (228, 124);
INSERT INTO bookclub_reads (clubid, bookid, start_date, end_date, is_current) VALUES (228, 828, '2025-06-18', '2025-08-20', TRUE);
INSERT INTO bookclub_reads (clubid, bookid, start_date, end_date, is_current) VALUES (228, 13, '2025-06-18', '2025-08-01', TRUE);
INSERT INTO bookclub_reads (clubid, bookid, start_date, end_date, is_current) VALUES (228, 655, '2025-02-26', '2025-03-28', FALSE);
INSERT INTO bookclub_reads (clubid, bookid, start_date, end_date, is_current) VALUES (228, 515, '2025-01-16', '2025-02-15', FALSE);
INSERT INTO bookclub_reads (clubid, bookid, start_date, end_date, is_current) VALUES (228, 420, '2025-03-21', '2025-04-20', FALSE);
INSERT INTO bookclub_reads (clubid, bookid, start_date, end_date, is_current) VALUES (228, 93, '2025-04-10', '2025-05-10', FALSE);
INSERT INTO bookclub_reads (clubid, bookid, start_date, end_date, is_current) VALUES (228, 81, '2025-05-05', '2025-06-04', FALSE);
INSERT INTO bookclub_reads (clubid, bookid, start_date, end_date, is_current) VALUES (228, 765, '2025-05-19', '2025-06-18', FALSE);
INSERT INTO bookclub_reads (clubid, bookid, start_date, end_date, is_current) VALUES (228, 869, '2024-12-17', '2025-01-16', FALSE);
INSERT INTO bookclub_reads (clubid, bookid, start_date, end_date, is_current) VALUES (228, 8, '2025-01-06', '2025-02-05', FALSE);
INSERT INTO bookclub_reads (clubid, bookid, start_date, end_date, is_current) VALUES (228, 702, '2024-12-15', '2025-01-14', FALSE);
INSERT INTO bookclub_reads (clubid, bookid, start_date, end_date, is_current) VALUES (228, 842, '2025-01-09', '2025-02-08', FALSE);
INSERT INTO bookclub_reads (clubid, bookid, start_date, end_date, is_current) VALUES (228, 45, '2025-01-12', '2025-02-11', FALSE);

INSERT INTO bookclubs (clubid, name, description, creatorid) VALUES (229, 'Book Club 96', 'This is the description for Book Club 96.', 57);
INSERT INTO bookclub_creators (clubid, userid) VALUES (229, 57);
INSERT INTO bookclub_members (clubid, userid) VALUES (229, 1);
INSERT INTO bookclub_members (clubid, userid) VALUES (229, 97);
INSERT INTO bookclub_members (clubid, userid) VALUES (229, 99);
INSERT INTO bookclub_members (clubid, userid) VALUES (229, 196);
INSERT INTO bookclub_members (clubid, userid) VALUES (229, 101);
INSERT INTO bookclub_members (clubid, userid) VALUES (229, 166);
INSERT INTO bookclub_members (clubid, userid) VALUES (229, 167);
INSERT INTO bookclub_members (clubid, userid) VALUES (229, 197);
INSERT INTO bookclub_members (clubid, userid) VALUES (229, 306);
INSERT INTO bookclub_members (clubid, userid) VALUES (229, 338);
INSERT INTO bookclub_members (clubid, userid) VALUES (229, 341);
INSERT INTO bookclub_members (clubid, userid) VALUES (229, 214);
INSERT INTO bookclub_members (clubid, userid) VALUES (229, 151);
INSERT INTO bookclub_members (clubid, userid) VALUES (229, 280);
INSERT INTO bookclub_members (clubid, userid) VALUES (229, 441);
INSERT INTO bookclub_members (clubid, userid) VALUES (229, 57);
INSERT INTO bookclub_members (clubid, userid) VALUES (229, 30);
INSERT INTO bookclub_members (clubid, userid) VALUES (229, 159);
INSERT INTO bookclub_reads (clubid, bookid, start_date, end_date, is_current) VALUES (229, 28, '2025-06-12', '2025-08-21', TRUE);
INSERT INTO bookclub_reads (clubid, bookid, start_date, end_date, is_current) VALUES (229, 357, '2025-06-27', '2025-08-05', TRUE);
INSERT INTO bookclub_reads (clubid, bookid, start_date, end_date, is_current) VALUES (229, 968, '2025-06-11', '2025-07-25', TRUE);
INSERT INTO bookclub_reads (clubid, bookid, start_date, end_date, is_current) VALUES (229, 100, '2025-02-24', '2025-03-26', FALSE);
INSERT INTO bookclub_reads (clubid, bookid, start_date, end_date, is_current) VALUES (229, 1067, '2025-03-16', '2025-04-15', FALSE);
INSERT INTO bookclub_reads (clubid, bookid, start_date, end_date, is_current) VALUES (229, 1078, '2025-01-19', '2025-02-18', FALSE);
INSERT INTO bookclub_reads (clubid, bookid, start_date, end_date, is_current) VALUES (229, 74, '2025-05-14', '2025-06-13', FALSE);
INSERT INTO bookclub_reads (clubid, bookid, start_date, end_date, is_current) VALUES (229, 135, '2025-03-01', '2025-03-31', FALSE);
INSERT INTO bookclub_reads (clubid, bookid, start_date, end_date, is_current) VALUES (229, 411, '2025-05-13', '2025-06-12', FALSE);
INSERT INTO bookclub_reads (clubid, bookid, start_date, end_date, is_current) VALUES (229, 763, '2025-03-29', '2025-04-28', FALSE);
INSERT INTO bookclub_reads (clubid, bookid, start_date, end_date, is_current) VALUES (229, 493, '2024-12-23', '2025-01-22', FALSE);
INSERT INTO bookclub_reads (clubid, bookid, start_date, end_date, is_current) VALUES (229, 826, '2025-02-01', '2025-03-03', FALSE);

INSERT INTO bookclubs (clubid, name, description, creatorid) VALUES (230, 'Book Club 97', 'This is the description for Book Club 97.', 62);
INSERT INTO bookclub_creators (clubid, userid) VALUES (230, 62);
INSERT INTO bookclub_members (clubid, userid) VALUES (230, 66);
INSERT INTO bookclub_members (clubid, userid) VALUES (230, 325);
INSERT INTO bookclub_members (clubid, userid) VALUES (230, 106);
INSERT INTO bookclub_members (clubid, userid) VALUES (230, 394);
INSERT INTO bookclub_members (clubid, userid) VALUES (230, 203);
INSERT INTO bookclub_members (clubid, userid) VALUES (230, 144);
INSERT INTO bookclub_members (clubid, userid) VALUES (230, 114);
INSERT INTO bookclub_members (clubid, userid) VALUES (230, 442);
INSERT INTO bookclub_members (clubid, userid) VALUES (230, 252);
INSERT INTO bookclub_members (clubid, userid) VALUES (230, 62);
INSERT INTO bookclub_reads (clubid, bookid, start_date, end_date, is_current) VALUES (230, 650, '2025-06-20', '2025-07-29', TRUE);
INSERT INTO bookclub_reads (clubid, bookid, start_date, end_date, is_current) VALUES (230, 841, '2025-07-03', '2025-08-03', TRUE);
INSERT INTO bookclub_reads (clubid, bookid, start_date, end_date, is_current) VALUES (230, 872, '2025-07-02', '2025-07-24', TRUE);
INSERT INTO bookclub_reads (clubid, bookid, start_date, end_date, is_current) VALUES (230, 413, '2025-05-29', '2025-06-28', FALSE);
INSERT INTO bookclub_reads (clubid, bookid, start_date, end_date, is_current) VALUES (230, 68, '2025-02-20', '2025-03-22', FALSE);
INSERT INTO bookclub_reads (clubid, bookid, start_date, end_date, is_current) VALUES (230, 1022, '2025-05-22', '2025-06-21', FALSE);
INSERT INTO bookclub_reads (clubid, bookid, start_date, end_date, is_current) VALUES (230, 539, '2025-02-17', '2025-03-19', FALSE);
INSERT INTO bookclub_reads (clubid, bookid, start_date, end_date, is_current) VALUES (230, 12, '2025-01-10', '2025-02-09', FALSE);
INSERT INTO bookclub_reads (clubid, bookid, start_date, end_date, is_current) VALUES (230, 703, '2025-05-24', '2025-06-23', FALSE);
INSERT INTO bookclub_reads (clubid, bookid, start_date, end_date, is_current) VALUES (230, 21, '2025-02-05', '2025-03-07', FALSE);
INSERT INTO bookclub_reads (clubid, bookid, start_date, end_date, is_current) VALUES (230, 292, '2025-01-03', '2025-02-02', FALSE);

INSERT INTO bookclubs (clubid, name, description, creatorid) VALUES (231, 'Book Club 98', 'This is the description for Book Club 98.', 55);
INSERT INTO bookclub_creators (clubid, userid) VALUES (231, 55);
INSERT INTO bookclub_members (clubid, userid) VALUES (231, 167);
INSERT INTO bookclub_members (clubid, userid) VALUES (231, 42);
INSERT INTO bookclub_members (clubid, userid) VALUES (231, 202);
INSERT INTO bookclub_members (clubid, userid) VALUES (231, 173);
INSERT INTO bookclub_members (clubid, userid) VALUES (231, 205);
INSERT INTO bookclub_members (clubid, userid) VALUES (231, 209);
INSERT INTO bookclub_members (clubid, userid) VALUES (231, 374);
INSERT INTO bookclub_members (clubid, userid) VALUES (231, 55);
INSERT INTO bookclub_members (clubid, userid) VALUES (231, 249);
INSERT INTO bookclub_members (clubid, userid) VALUES (231, 285);
INSERT INTO bookclub_members (clubid, userid) VALUES (231, 157);
INSERT INTO bookclub_reads (clubid, bookid, start_date, end_date, is_current) VALUES (231, 251, '2025-07-06', '2025-07-23', TRUE);
INSERT INTO bookclub_reads (clubid, bookid, start_date, end_date, is_current) VALUES (231, 597, '2025-05-08', '2025-06-07', FALSE);
INSERT INTO bookclub_reads (clubid, bookid, start_date, end_date, is_current) VALUES (231, 140, '2025-05-03', '2025-06-02', FALSE);
INSERT INTO bookclub_reads (clubid, bookid, start_date, end_date, is_current) VALUES (231, 399, '2025-01-17', '2025-02-16', FALSE);
INSERT INTO bookclub_reads (clubid, bookid, start_date, end_date, is_current) VALUES (231, 629, '2024-12-23', '2025-01-22', FALSE);
INSERT INTO bookclub_reads (clubid, bookid, start_date, end_date, is_current) VALUES (231, 208, '2025-02-10', '2025-03-12', FALSE);
INSERT INTO bookclub_reads (clubid, bookid, start_date, end_date, is_current) VALUES (231, 30, '2025-06-01', '2025-07-01', FALSE);
INSERT INTO bookclub_reads (clubid, bookid, start_date, end_date, is_current) VALUES (231, 92, '2025-04-12', '2025-05-12', FALSE);
INSERT INTO bookclub_reads (clubid, bookid, start_date, end_date, is_current) VALUES (231, 406, '2025-01-11', '2025-02-10', FALSE);
INSERT INTO bookclub_reads (clubid, bookid, start_date, end_date, is_current) VALUES (231, 75, '2024-12-26', '2025-01-25', FALSE);

INSERT INTO bookclubs (clubid, name, description, creatorid) VALUES (232, 'Book Club 99', 'This is the description for Book Club 99.', 150);
INSERT INTO bookclub_creators (clubid, userid) VALUES (232, 150);
INSERT INTO bookclub_members (clubid, userid) VALUES (232, 320);
INSERT INTO bookclub_members (clubid, userid) VALUES (232, 323);
INSERT INTO bookclub_members (clubid, userid) VALUES (232, 259);
INSERT INTO bookclub_members (clubid, userid) VALUES (232, 390);
INSERT INTO bookclub_members (clubid, userid) VALUES (232, 70);
INSERT INTO bookclub_members (clubid, userid) VALUES (232, 200);
INSERT INTO bookclub_members (clubid, userid) VALUES (232, 295);
INSERT INTO bookclub_members (clubid, userid) VALUES (232, 138);
INSERT INTO bookclub_members (clubid, userid) VALUES (232, 12);
INSERT INTO bookclub_members (clubid, userid) VALUES (232, 172);
INSERT INTO bookclub_members (clubid, userid) VALUES (232, 112);
INSERT INTO bookclub_members (clubid, userid) VALUES (232, 177);
INSERT INTO bookclub_members (clubid, userid) VALUES (232, 150);
INSERT INTO bookclub_members (clubid, userid) VALUES (232, 312);
INSERT INTO bookclub_members (clubid, userid) VALUES (232, 254);
INSERT INTO bookclub_members (clubid, userid) VALUES (232, 95);
INSERT INTO bookclub_reads (clubid, bookid, start_date, end_date, is_current) VALUES (232, 426, '2025-06-08', '2025-08-13', TRUE);
INSERT INTO bookclub_reads (clubid, bookid, start_date, end_date, is_current) VALUES (232, 1097, '2025-06-26', '2025-08-05', TRUE);
INSERT INTO bookclub_reads (clubid, bookid, start_date, end_date, is_current) VALUES (232, 34, '2025-06-17', '2025-08-21', TRUE);
INSERT INTO bookclub_reads (clubid, bookid, start_date, end_date, is_current) VALUES (232, 955, '2025-04-24', '2025-05-24', FALSE);
INSERT INTO bookclub_reads (clubid, bookid, start_date, end_date, is_current) VALUES (232, 668, '2025-04-12', '2025-05-12', FALSE);
INSERT INTO bookclub_reads (clubid, bookid, start_date, end_date, is_current) VALUES (232, 434, '2025-02-24', '2025-03-26', FALSE);
INSERT INTO bookclub_reads (clubid, bookid, start_date, end_date, is_current) VALUES (232, 295, '2025-02-23', '2025-03-25', FALSE);
INSERT INTO bookclub_reads (clubid, bookid, start_date, end_date, is_current) VALUES (232, 941, '2025-02-23', '2025-03-25', FALSE);
INSERT INTO bookclub_reads (clubid, bookid, start_date, end_date, is_current) VALUES (232, 454, '2025-03-22', '2025-04-21', FALSE);
INSERT INTO bookclub_reads (clubid, bookid, start_date, end_date, is_current) VALUES (232, 99, '2025-04-24', '2025-05-24', FALSE);
INSERT INTO bookclub_reads (clubid, bookid, start_date, end_date, is_current) VALUES (232, 534, '2025-01-16', '2025-02-15', FALSE);
INSERT INTO bookclub_reads (clubid, bookid, start_date, end_date, is_current) VALUES (232, 478, '2025-04-19', '2025-05-19', FALSE);
INSERT INTO bookclub_reads (clubid, bookid, start_date, end_date, is_current) VALUES (232, 290, '2025-01-12', '2025-02-11', FALSE);
INSERT INTO bookclub_reads (clubid, bookid, start_date, end_date, is_current) VALUES (232, 816, '2025-02-21', '2025-03-23', FALSE);
INSERT INTO bookclub_reads (clubid, bookid, start_date, end_date, is_current) VALUES (232, 799, '2024-12-14', '2025-01-13', FALSE);
INSERT INTO bookclub_reads (clubid, bookid, start_date, end_date, is_current) VALUES (232, 1052, '2025-01-29', '2025-02-28', FALSE);
INSERT INTO bookclub_reads (clubid, bookid, start_date, end_date, is_current) VALUES (232, 835, '2024-12-27', '2025-01-26', FALSE);

INSERT INTO bookclubs (clubid, name, description, creatorid) VALUES (233, 'Book Club 100', 'This is the description for Book Club 100.', 327);
INSERT INTO bookclub_creators (clubid, userid) VALUES (233, 327);
INSERT INTO bookclub_members (clubid, userid) VALUES (233, 419);
INSERT INTO bookclub_members (clubid, userid) VALUES (233, 327);
INSERT INTO bookclub_members (clubid, userid) VALUES (233, 338);
INSERT INTO bookclub_members (clubid, userid) VALUES (233, 52);
INSERT INTO bookclub_members (clubid, userid) VALUES (233, 56);
INSERT INTO bookclub_members (clubid, userid) VALUES (233, 122);
INSERT INTO bookclub_members (clubid, userid) VALUES (233, 158);
INSERT INTO bookclub_reads (clubid, bookid, start_date, end_date, is_current) VALUES (233, 900, '2025-06-12', '2025-07-27', TRUE);
INSERT INTO bookclub_reads (clubid, bookid, start_date, end_date, is_current) VALUES (233, 78, '2025-06-24', '2025-08-08', TRUE);
INSERT INTO bookclub_reads (clubid, bookid, start_date, end_date, is_current) VALUES (233, 367, '2025-02-17', '2025-03-19', FALSE);
INSERT INTO bookclub_reads (clubid, bookid, start_date, end_date, is_current) VALUES (233, 81, '2025-05-31', '2025-06-30', FALSE);
INSERT INTO bookclub_reads (clubid, bookid, start_date, end_date, is_current) VALUES (233, 100, '2025-02-01', '2025-03-03', FALSE);
INSERT INTO bookclub_reads (clubid, bookid, start_date, end_date, is_current) VALUES (233, 987, '2024-12-21', '2025-01-20', FALSE);
INSERT INTO bookclub_reads (clubid, bookid, start_date, end_date, is_current) VALUES (233, 664, '2025-04-18', '2025-05-18', FALSE);
INSERT INTO bookclub_reads (clubid, bookid, start_date, end_date, is_current) VALUES (233, 5, '2025-04-26', '2025-05-26', FALSE);
INSERT INTO bookclub_reads (clubid, bookid, start_date, end_date, is_current) VALUES (233, 1099, '2025-01-18', '2025-02-17', FALSE);
INSERT INTO bookclub_reads (clubid, bookid, start_date, end_date, is_current) VALUES (233, 144, '2025-03-11', '2025-04-10', FALSE);
INSERT INTO bookclub_reads (clubid, bookid, start_date, end_date, is_current) VALUES (233, 249, '2025-02-01', '2025-03-03', FALSE);
INSERT INTO bookclub_reads (clubid, bookid, start_date, end_date, is_current) VALUES (233, 421, '2025-02-25', '2025-03-27', FALSE);
INSERT INTO bookclub_reads (clubid, bookid, start_date, end_date, is_current) VALUES (233, 406, '2025-04-23', '2025-05-23', FALSE);
INSERT INTO bookclub_reads (clubid, bookid, start_date, end_date, is_current) VALUES (233, 670, '2025-03-10', '2025-04-09', FALSE);
INSERT INTO bookclub_reads (clubid, bookid, start_date, end_date, is_current) VALUES (233, 824, '2025-02-07', '2025-03-09', FALSE);
INSERT INTO bookclub_reads (clubid, bookid, start_date, end_date, is_current) VALUES (233, 151, '2025-03-22', '2025-04-21', FALSE);

INSERT INTO bookclubs (clubid, name, description, creatorid) VALUES (234, 'Book Club 101', 'This is the description for Book Club 101.', 40);
INSERT INTO bookclub_creators (clubid, userid) VALUES (234, 40);
INSERT INTO bookclub_members (clubid, userid) VALUES (234, 161);
INSERT INTO bookclub_members (clubid, userid) VALUES (234, 296);
INSERT INTO bookclub_members (clubid, userid) VALUES (234, 40);
INSERT INTO bookclub_members (clubid, userid) VALUES (234, 91);
INSERT INTO bookclub_members (clubid, userid) VALUES (234, 242);
INSERT INTO bookclub_members (clubid, userid) VALUES (234, 307);
INSERT INTO bookclub_members (clubid, userid) VALUES (234, 276);
INSERT INTO bookclub_members (clubid, userid) VALUES (234, 187);
INSERT INTO bookclub_reads (clubid, bookid, start_date, end_date, is_current) VALUES (234, 869, '2025-06-20', '2025-08-18', TRUE);
INSERT INTO bookclub_reads (clubid, bookid, start_date, end_date, is_current) VALUES (234, 397, '2025-06-11', '2025-08-10', TRUE);
INSERT INTO bookclub_reads (clubid, bookid, start_date, end_date, is_current) VALUES (234, 57, '2025-06-20', '2025-08-01', TRUE);
INSERT INTO bookclub_reads (clubid, bookid, start_date, end_date, is_current) VALUES (234, 157, '2025-05-14', '2025-06-13', FALSE);
INSERT INTO bookclub_reads (clubid, bookid, start_date, end_date, is_current) VALUES (234, 117, '2025-03-06', '2025-04-05', FALSE);
INSERT INTO bookclub_reads (clubid, bookid, start_date, end_date, is_current) VALUES (234, 404, '2025-05-03', '2025-06-02', FALSE);
INSERT INTO bookclub_reads (clubid, bookid, start_date, end_date, is_current) VALUES (234, 132, '2025-01-04', '2025-02-03', FALSE);
INSERT INTO bookclub_reads (clubid, bookid, start_date, end_date, is_current) VALUES (234, 295, '2025-04-15', '2025-05-15', FALSE);
INSERT INTO bookclub_reads (clubid, bookid, start_date, end_date, is_current) VALUES (234, 420, '2025-02-18', '2025-03-20', FALSE);
INSERT INTO bookclub_reads (clubid, bookid, start_date, end_date, is_current) VALUES (234, 110, '2025-02-02', '2025-03-04', FALSE);
INSERT INTO bookclub_reads (clubid, bookid, start_date, end_date, is_current) VALUES (234, 476, '2025-03-23', '2025-04-22', FALSE);
INSERT INTO bookclub_reads (clubid, bookid, start_date, end_date, is_current) VALUES (234, 434, '2025-02-24', '2025-03-26', FALSE);

INSERT INTO bookclubs (clubid, name, description, creatorid) VALUES (235, 'Book Club 102', 'This is the description for Book Club 102.', 348);
INSERT INTO bookclub_creators (clubid, userid) VALUES (235, 348);
INSERT INTO bookclub_members (clubid, userid) VALUES (235, 4);
INSERT INTO bookclub_members (clubid, userid) VALUES (235, 101);
INSERT INTO bookclub_members (clubid, userid) VALUES (235, 331);
INSERT INTO bookclub_members (clubid, userid) VALUES (235, 109);
INSERT INTO bookclub_members (clubid, userid) VALUES (235, 378);
INSERT INTO bookclub_members (clubid, userid) VALUES (235, 174);
INSERT INTO bookclub_members (clubid, userid) VALUES (235, 434);
INSERT INTO bookclub_members (clubid, userid) VALUES (235, 437);
INSERT INTO bookclub_members (clubid, userid) VALUES (235, 186);
INSERT INTO bookclub_members (clubid, userid) VALUES (235, 348);
INSERT INTO bookclub_reads (clubid, bookid, start_date, end_date, is_current) VALUES (235, 98, '2025-06-12', '2025-08-01', TRUE);
INSERT INTO bookclub_reads (clubid, bookid, start_date, end_date, is_current) VALUES (235, 987, '2025-07-08', '2025-07-31', TRUE);
INSERT INTO bookclub_reads (clubid, bookid, start_date, end_date, is_current) VALUES (235, 538, '2025-02-14', '2025-03-16', FALSE);
INSERT INTO bookclub_reads (clubid, bookid, start_date, end_date, is_current) VALUES (235, 944, '2024-12-30', '2025-01-29', FALSE);
INSERT INTO bookclub_reads (clubid, bookid, start_date, end_date, is_current) VALUES (235, 288, '2025-01-03', '2025-02-02', FALSE);
INSERT INTO bookclub_reads (clubid, bookid, start_date, end_date, is_current) VALUES (235, 570, '2025-01-29', '2025-02-28', FALSE);
INSERT INTO bookclub_reads (clubid, bookid, start_date, end_date, is_current) VALUES (235, 599, '2025-02-28', '2025-03-30', FALSE);
INSERT INTO bookclub_reads (clubid, bookid, start_date, end_date, is_current) VALUES (235, 74, '2024-12-26', '2025-01-25', FALSE);
INSERT INTO bookclub_reads (clubid, bookid, start_date, end_date, is_current) VALUES (235, 435, '2025-01-08', '2025-02-07', FALSE);
INSERT INTO bookclub_reads (clubid, bookid, start_date, end_date, is_current) VALUES (235, 481, '2025-05-26', '2025-06-25', FALSE);
INSERT INTO bookclub_reads (clubid, bookid, start_date, end_date, is_current) VALUES (235, 493, '2025-05-10', '2025-06-09', FALSE);
INSERT INTO bookclub_reads (clubid, bookid, start_date, end_date, is_current) VALUES (235, 444, '2025-03-02', '2025-04-01', FALSE);
INSERT INTO bookclub_reads (clubid, bookid, start_date, end_date, is_current) VALUES (235, 965, '2025-04-10', '2025-05-10', FALSE);
INSERT INTO bookclub_reads (clubid, bookid, start_date, end_date, is_current) VALUES (235, 5, '2025-04-03', '2025-05-03', FALSE);

INSERT INTO bookclubs (clubid, name, description, creatorid) VALUES (236, 'Book Club 103', 'This is the description for Book Club 103.', 441);
INSERT INTO bookclub_creators (clubid, userid) VALUES (236, 441);
INSERT INTO bookclub_members (clubid, userid) VALUES (236, 259);
INSERT INTO bookclub_members (clubid, userid) VALUES (236, 217);
INSERT INTO bookclub_members (clubid, userid) VALUES (236, 387);
INSERT INTO bookclub_members (clubid, userid) VALUES (236, 425);
INSERT INTO bookclub_members (clubid, userid) VALUES (236, 441);
INSERT INTO bookclub_members (clubid, userid) VALUES (236, 219);
INSERT INTO bookclub_reads (clubid, bookid, start_date, end_date, is_current) VALUES (236, 619, '2025-06-23', '2025-07-23', TRUE);
INSERT INTO bookclub_reads (clubid, bookid, start_date, end_date, is_current) VALUES (236, 35, '2025-06-16', '2025-08-16', TRUE);
INSERT INTO bookclub_reads (clubid, bookid, start_date, end_date, is_current) VALUES (236, 399, '2025-07-02', '2025-08-17', TRUE);
INSERT INTO bookclub_reads (clubid, bookid, start_date, end_date, is_current) VALUES (236, 1068, '2025-03-22', '2025-04-21', FALSE);
INSERT INTO bookclub_reads (clubid, bookid, start_date, end_date, is_current) VALUES (236, 822, '2025-01-04', '2025-02-03', FALSE);
INSERT INTO bookclub_reads (clubid, bookid, start_date, end_date, is_current) VALUES (236, 972, '2025-04-12', '2025-05-12', FALSE);
INSERT INTO bookclub_reads (clubid, bookid, start_date, end_date, is_current) VALUES (236, 122, '2025-04-13', '2025-05-13', FALSE);
INSERT INTO bookclub_reads (clubid, bookid, start_date, end_date, is_current) VALUES (236, 166, '2025-03-25', '2025-04-24', FALSE);
INSERT INTO bookclub_reads (clubid, bookid, start_date, end_date, is_current) VALUES (236, 160, '2025-01-21', '2025-02-20', FALSE);
INSERT INTO bookclub_reads (clubid, bookid, start_date, end_date, is_current) VALUES (236, 890, '2025-06-02', '2025-07-02', FALSE);
INSERT INTO bookclub_reads (clubid, bookid, start_date, end_date, is_current) VALUES (236, 280, '2025-05-23', '2025-06-22', FALSE);
INSERT INTO bookclub_reads (clubid, bookid, start_date, end_date, is_current) VALUES (236, 454, '2025-05-24', '2025-06-23', FALSE);

INSERT INTO bookclubs (clubid, name, description, creatorid) VALUES (237, 'Book Club 104', 'This is the description for Book Club 104.', 14);
INSERT INTO bookclub_creators (clubid, userid) VALUES (237, 14);
INSERT INTO bookclub_members (clubid, userid) VALUES (237, 352);
INSERT INTO bookclub_members (clubid, userid) VALUES (237, 225);
INSERT INTO bookclub_members (clubid, userid) VALUES (237, 224);
INSERT INTO bookclub_members (clubid, userid) VALUES (237, 360);
INSERT INTO bookclub_members (clubid, userid) VALUES (237, 430);
INSERT INTO bookclub_members (clubid, userid) VALUES (237, 14);
INSERT INTO bookclub_members (clubid, userid) VALUES (237, 49);
INSERT INTO bookclub_members (clubid, userid) VALUES (237, 347);
INSERT INTO bookclub_members (clubid, userid) VALUES (237, 59);
INSERT INTO bookclub_members (clubid, userid) VALUES (237, 444);
INSERT INTO bookclub_members (clubid, userid) VALUES (237, 349);
INSERT INTO bookclub_reads (clubid, bookid, start_date, end_date, is_current) VALUES (237, 16, '2025-07-08', '2025-08-04', TRUE);
INSERT INTO bookclub_reads (clubid, bookid, start_date, end_date, is_current) VALUES (237, 59, '2025-06-08', '2025-07-31', TRUE);
INSERT INTO bookclub_reads (clubid, bookid, start_date, end_date, is_current) VALUES (237, 180, '2025-06-13', '2025-08-04', TRUE);
INSERT INTO bookclub_reads (clubid, bookid, start_date, end_date, is_current) VALUES (237, 511, '2025-03-26', '2025-04-25', FALSE);
INSERT INTO bookclub_reads (clubid, bookid, start_date, end_date, is_current) VALUES (237, 960, '2025-05-14', '2025-06-13', FALSE);
INSERT INTO bookclub_reads (clubid, bookid, start_date, end_date, is_current) VALUES (237, 86, '2025-03-29', '2025-04-28', FALSE);
INSERT INTO bookclub_reads (clubid, bookid, start_date, end_date, is_current) VALUES (237, 89, '2025-02-12', '2025-03-14', FALSE);
INSERT INTO bookclub_reads (clubid, bookid, start_date, end_date, is_current) VALUES (237, 685, '2025-03-05', '2025-04-04', FALSE);
INSERT INTO bookclub_reads (clubid, bookid, start_date, end_date, is_current) VALUES (237, 27, '2024-12-26', '2025-01-25', FALSE);
INSERT INTO bookclub_reads (clubid, bookid, start_date, end_date, is_current) VALUES (237, 1005, '2025-02-10', '2025-03-12', FALSE);
INSERT INTO bookclub_reads (clubid, bookid, start_date, end_date, is_current) VALUES (237, 642, '2025-01-28', '2025-02-27', FALSE);
INSERT INTO bookclub_reads (clubid, bookid, start_date, end_date, is_current) VALUES (237, 629, '2025-03-28', '2025-04-27', FALSE);
INSERT INTO bookclub_reads (clubid, bookid, start_date, end_date, is_current) VALUES (237, 870, '2025-03-09', '2025-04-08', FALSE);
INSERT INTO bookclub_reads (clubid, bookid, start_date, end_date, is_current) VALUES (237, 840, '2024-12-27', '2025-01-26', FALSE);

INSERT INTO bookclubs (clubid, name, description, creatorid) VALUES (238, 'Book Club 105', 'This is the description for Book Club 105.', 363);
INSERT INTO bookclub_creators (clubid, userid) VALUES (238, 363);
INSERT INTO bookclub_members (clubid, userid) VALUES (238, 193);
INSERT INTO bookclub_members (clubid, userid) VALUES (238, 260);
INSERT INTO bookclub_members (clubid, userid) VALUES (238, 422);
INSERT INTO bookclub_members (clubid, userid) VALUES (238, 198);
INSERT INTO bookclub_members (clubid, userid) VALUES (238, 358);
INSERT INTO bookclub_members (clubid, userid) VALUES (238, 363);
INSERT INTO bookclub_members (clubid, userid) VALUES (238, 428);
INSERT INTO bookclub_members (clubid, userid) VALUES (238, 269);
INSERT INTO bookclub_members (clubid, userid) VALUES (238, 270);
INSERT INTO bookclub_members (clubid, userid) VALUES (238, 78);
INSERT INTO bookclub_members (clubid, userid) VALUES (238, 145);
INSERT INTO bookclub_members (clubid, userid) VALUES (238, 53);
INSERT INTO bookclub_members (clubid, userid) VALUES (238, 374);
INSERT INTO bookclub_members (clubid, userid) VALUES (238, 375);
INSERT INTO bookclub_members (clubid, userid) VALUES (238, 309);
INSERT INTO bookclub_members (clubid, userid) VALUES (238, 254);
INSERT INTO bookclub_reads (clubid, bookid, start_date, end_date, is_current) VALUES (238, 929, '2025-07-08', '2025-08-11', TRUE);
INSERT INTO bookclub_reads (clubid, bookid, start_date, end_date, is_current) VALUES (238, 28, '2025-07-04', '2025-08-14', TRUE);
INSERT INTO bookclub_reads (clubid, bookid, start_date, end_date, is_current) VALUES (238, 92, '2025-06-22', '2025-08-22', TRUE);
INSERT INTO bookclub_reads (clubid, bookid, start_date, end_date, is_current) VALUES (238, 866, '2025-05-14', '2025-06-13', FALSE);
INSERT INTO bookclub_reads (clubid, bookid, start_date, end_date, is_current) VALUES (238, 160, '2025-04-16', '2025-05-16', FALSE);
INSERT INTO bookclub_reads (clubid, bookid, start_date, end_date, is_current) VALUES (238, 650, '2025-05-23', '2025-06-22', FALSE);
INSERT INTO bookclub_reads (clubid, bookid, start_date, end_date, is_current) VALUES (238, 54, '2025-04-21', '2025-05-21', FALSE);
INSERT INTO bookclub_reads (clubid, bookid, start_date, end_date, is_current) VALUES (238, 830, '2025-05-21', '2025-06-20', FALSE);
INSERT INTO bookclub_reads (clubid, bookid, start_date, end_date, is_current) VALUES (238, 665, '2025-02-14', '2025-03-16', FALSE);
INSERT INTO bookclub_reads (clubid, bookid, start_date, end_date, is_current) VALUES (238, 816, '2025-01-13', '2025-02-12', FALSE);

INSERT INTO bookclubs (clubid, name, description, creatorid) VALUES (239, 'Book Club 106', 'This is the description for Book Club 106.', 264);
INSERT INTO bookclub_creators (clubid, userid) VALUES (239, 264);
INSERT INTO bookclub_members (clubid, userid) VALUES (239, 161);
INSERT INTO bookclub_members (clubid, userid) VALUES (239, 35);
INSERT INTO bookclub_members (clubid, userid) VALUES (239, 259);
INSERT INTO bookclub_members (clubid, userid) VALUES (239, 72);
INSERT INTO bookclub_members (clubid, userid) VALUES (239, 264);
INSERT INTO bookclub_members (clubid, userid) VALUES (239, 10);
INSERT INTO bookclub_members (clubid, userid) VALUES (239, 337);
INSERT INTO bookclub_members (clubid, userid) VALUES (239, 436);
INSERT INTO bookclub_members (clubid, userid) VALUES (239, 158);
INSERT INTO bookclub_reads (clubid, bookid, start_date, end_date, is_current) VALUES (239, 90, '2025-06-19', '2025-08-10', TRUE);
INSERT INTO bookclub_reads (clubid, bookid, start_date, end_date, is_current) VALUES (239, 815, '2025-07-02', '2025-08-11', TRUE);
INSERT INTO bookclub_reads (clubid, bookid, start_date, end_date, is_current) VALUES (239, 201, '2024-12-15', '2025-01-14', FALSE);
INSERT INTO bookclub_reads (clubid, bookid, start_date, end_date, is_current) VALUES (239, 35, '2025-02-11', '2025-03-13', FALSE);
INSERT INTO bookclub_reads (clubid, bookid, start_date, end_date, is_current) VALUES (239, 658, '2025-05-30', '2025-06-29', FALSE);
INSERT INTO bookclub_reads (clubid, bookid, start_date, end_date, is_current) VALUES (239, 141, '2025-05-01', '2025-05-31', FALSE);
INSERT INTO bookclub_reads (clubid, bookid, start_date, end_date, is_current) VALUES (239, 966, '2025-01-26', '2025-02-25', FALSE);
INSERT INTO bookclub_reads (clubid, bookid, start_date, end_date, is_current) VALUES (239, 463, '2025-04-27', '2025-05-27', FALSE);
INSERT INTO bookclub_reads (clubid, bookid, start_date, end_date, is_current) VALUES (239, 152, '2024-12-28', '2025-01-27', FALSE);
INSERT INTO bookclub_reads (clubid, bookid, start_date, end_date, is_current) VALUES (239, 929, '2025-01-18', '2025-02-17', FALSE);
INSERT INTO bookclub_reads (clubid, bookid, start_date, end_date, is_current) VALUES (239, 1032, '2025-01-18', '2025-02-17', FALSE);
INSERT INTO bookclub_reads (clubid, bookid, start_date, end_date, is_current) VALUES (239, 1068, '2025-01-10', '2025-02-09', FALSE);
INSERT INTO bookclub_reads (clubid, bookid, start_date, end_date, is_current) VALUES (239, 428, '2025-05-05', '2025-06-04', FALSE);
INSERT INTO bookclub_reads (clubid, bookid, start_date, end_date, is_current) VALUES (239, 156, '2025-01-10', '2025-02-09', FALSE);
INSERT INTO bookclub_reads (clubid, bookid, start_date, end_date, is_current) VALUES (239, 85, '2025-01-22', '2025-02-21', FALSE);

INSERT INTO bookclubs (clubid, name, description, creatorid) VALUES (240, 'Book Club 107', 'This is the description for Book Club 107.', 341);
INSERT INTO bookclub_creators (clubid, userid) VALUES (240, 341);
INSERT INTO bookclub_members (clubid, userid) VALUES (240, 132);
INSERT INTO bookclub_members (clubid, userid) VALUES (240, 135);
INSERT INTO bookclub_members (clubid, userid) VALUES (240, 170);
INSERT INTO bookclub_members (clubid, userid) VALUES (240, 144);
INSERT INTO bookclub_members (clubid, userid) VALUES (240, 435);
INSERT INTO bookclub_members (clubid, userid) VALUES (240, 404);
INSERT INTO bookclub_members (clubid, userid) VALUES (240, 341);
INSERT INTO bookclub_members (clubid, userid) VALUES (240, 311);
INSERT INTO bookclub_members (clubid, userid) VALUES (240, 58);
INSERT INTO bookclub_members (clubid, userid) VALUES (240, 247);
INSERT INTO bookclub_members (clubid, userid) VALUES (240, 381);
INSERT INTO bookclub_reads (clubid, bookid, start_date, end_date, is_current) VALUES (240, 1032, '2025-06-08', '2025-07-29', TRUE);
INSERT INTO bookclub_reads (clubid, bookid, start_date, end_date, is_current) VALUES (240, 14, '2025-06-30', '2025-08-03', TRUE);
INSERT INTO bookclub_reads (clubid, bookid, start_date, end_date, is_current) VALUES (240, 362, '2025-01-31', '2025-03-02', FALSE);
INSERT INTO bookclub_reads (clubid, bookid, start_date, end_date, is_current) VALUES (240, 51, '2025-02-11', '2025-03-13', FALSE);
INSERT INTO bookclub_reads (clubid, bookid, start_date, end_date, is_current) VALUES (240, 816, '2024-12-24', '2025-01-23', FALSE);
INSERT INTO bookclub_reads (clubid, bookid, start_date, end_date, is_current) VALUES (240, 28, '2025-04-17', '2025-05-17', FALSE);
INSERT INTO bookclub_reads (clubid, bookid, start_date, end_date, is_current) VALUES (240, 826, '2025-02-05', '2025-03-07', FALSE);
INSERT INTO bookclub_reads (clubid, bookid, start_date, end_date, is_current) VALUES (240, 868, '2025-03-15', '2025-04-14', FALSE);
INSERT INTO bookclub_reads (clubid, bookid, start_date, end_date, is_current) VALUES (240, 900, '2025-06-05', '2025-07-05', FALSE);
INSERT INTO bookclub_reads (clubid, bookid, start_date, end_date, is_current) VALUES (240, 426, '2025-02-11', '2025-03-13', FALSE);
INSERT INTO bookclub_reads (clubid, bookid, start_date, end_date, is_current) VALUES (240, 34, '2025-01-03', '2025-02-02', FALSE);
INSERT INTO bookclub_reads (clubid, bookid, start_date, end_date, is_current) VALUES (240, 4, '2025-01-30', '2025-03-01', FALSE);
INSERT INTO bookclub_reads (clubid, bookid, start_date, end_date, is_current) VALUES (240, 539, '2025-03-15', '2025-04-14', FALSE);
INSERT INTO bookclub_reads (clubid, bookid, start_date, end_date, is_current) VALUES (240, 531, '2025-03-30', '2025-04-29', FALSE);
INSERT INTO bookclub_reads (clubid, bookid, start_date, end_date, is_current) VALUES (240, 298, '2025-05-15', '2025-06-14', FALSE);
INSERT INTO bookclub_reads (clubid, bookid, start_date, end_date, is_current) VALUES (240, 771, '2025-03-19', '2025-04-18', FALSE);

INSERT INTO bookclubs (clubid, name, description, creatorid) VALUES (241, 'Book Club 108', 'This is the description for Book Club 108.', 220);
INSERT INTO bookclub_creators (clubid, userid) VALUES (241, 220);
INSERT INTO bookclub_members (clubid, userid) VALUES (241, 416);
INSERT INTO bookclub_members (clubid, userid) VALUES (241, 290);
INSERT INTO bookclub_members (clubid, userid) VALUES (241, 420);
INSERT INTO bookclub_members (clubid, userid) VALUES (241, 201);
INSERT INTO bookclub_members (clubid, userid) VALUES (241, 173);
INSERT INTO bookclub_members (clubid, userid) VALUES (241, 19);
INSERT INTO bookclub_members (clubid, userid) VALUES (241, 372);
INSERT INTO bookclub_members (clubid, userid) VALUES (241, 220);
INSERT INTO bookclub_members (clubid, userid) VALUES (241, 343);
INSERT INTO bookclub_members (clubid, userid) VALUES (241, 411);
INSERT INTO bookclub_members (clubid, userid) VALUES (241, 444);
INSERT INTO bookclub_reads (clubid, bookid, start_date, end_date, is_current) VALUES (241, 163, '2025-07-06', '2025-07-26', TRUE);
INSERT INTO bookclub_reads (clubid, bookid, start_date, end_date, is_current) VALUES (241, 122, '2025-02-16', '2025-03-18', FALSE);
INSERT INTO bookclub_reads (clubid, bookid, start_date, end_date, is_current) VALUES (241, 155, '2025-05-16', '2025-06-15', FALSE);
INSERT INTO bookclub_reads (clubid, bookid, start_date, end_date, is_current) VALUES (241, 420, '2025-03-23', '2025-04-22', FALSE);
INSERT INTO bookclub_reads (clubid, bookid, start_date, end_date, is_current) VALUES (241, 404, '2025-01-02', '2025-02-01', FALSE);
INSERT INTO bookclub_reads (clubid, bookid, start_date, end_date, is_current) VALUES (241, 597, '2025-05-29', '2025-06-28', FALSE);
INSERT INTO bookclub_reads (clubid, bookid, start_date, end_date, is_current) VALUES (241, 841, '2025-03-03', '2025-04-02', FALSE);
INSERT INTO bookclub_reads (clubid, bookid, start_date, end_date, is_current) VALUES (241, 403, '2024-12-29', '2025-01-28', FALSE);
INSERT INTO bookclub_reads (clubid, bookid, start_date, end_date, is_current) VALUES (241, 230, '2024-12-24', '2025-01-23', FALSE);
INSERT INTO bookclub_reads (clubid, bookid, start_date, end_date, is_current) VALUES (241, 655, '2025-06-01', '2025-07-01', FALSE);
INSERT INTO bookclub_reads (clubid, bookid, start_date, end_date, is_current) VALUES (241, 764, '2025-03-22', '2025-04-21', FALSE);
INSERT INTO bookclub_reads (clubid, bookid, start_date, end_date, is_current) VALUES (241, 105, '2025-03-17', '2025-04-16', FALSE);
INSERT INTO bookclub_reads (clubid, bookid, start_date, end_date, is_current) VALUES (241, 24, '2024-12-11', '2025-01-10', FALSE);
INSERT INTO bookclub_reads (clubid, bookid, start_date, end_date, is_current) VALUES (241, 642, '2025-02-17', '2025-03-19', FALSE);

INSERT INTO bookclubs (clubid, name, description, creatorid) VALUES (242, 'Book Club 109', 'This is the description for Book Club 109.', 367);
INSERT INTO bookclub_creators (clubid, userid) VALUES (242, 367);
INSERT INTO bookclub_members (clubid, userid) VALUES (242, 38);
INSERT INTO bookclub_members (clubid, userid) VALUES (242, 202);
INSERT INTO bookclub_members (clubid, userid) VALUES (242, 109);
INSERT INTO bookclub_members (clubid, userid) VALUES (242, 367);
INSERT INTO bookclub_members (clubid, userid) VALUES (242, 81);
INSERT INTO bookclub_members (clubid, userid) VALUES (242, 343);
INSERT INTO bookclub_members (clubid, userid) VALUES (242, 86);
INSERT INTO bookclub_members (clubid, userid) VALUES (242, 23);
INSERT INTO bookclub_members (clubid, userid) VALUES (242, 414);
INSERT INTO bookclub_members (clubid, userid) VALUES (242, 223);
INSERT INTO bookclub_reads (clubid, bookid, start_date, end_date, is_current) VALUES (242, 619, '2025-07-06', '2025-07-28', TRUE);
INSERT INTO bookclub_reads (clubid, bookid, start_date, end_date, is_current) VALUES (242, 105, '2025-04-27', '2025-05-27', FALSE);
INSERT INTO bookclub_reads (clubid, bookid, start_date, end_date, is_current) VALUES (242, 123, '2025-03-05', '2025-04-04', FALSE);
INSERT INTO bookclub_reads (clubid, bookid, start_date, end_date, is_current) VALUES (242, 4, '2025-02-23', '2025-03-25', FALSE);
INSERT INTO bookclub_reads (clubid, bookid, start_date, end_date, is_current) VALUES (242, 135, '2024-12-13', '2025-01-12', FALSE);
INSERT INTO bookclub_reads (clubid, bookid, start_date, end_date, is_current) VALUES (242, 5, '2024-12-25', '2025-01-24', FALSE);
INSERT INTO bookclub_reads (clubid, bookid, start_date, end_date, is_current) VALUES (242, 107, '2025-05-13', '2025-06-12', FALSE);
INSERT INTO bookclub_reads (clubid, bookid, start_date, end_date, is_current) VALUES (242, 251, '2025-01-18', '2025-02-17', FALSE);
INSERT INTO bookclub_reads (clubid, bookid, start_date, end_date, is_current) VALUES (242, 668, '2025-04-06', '2025-05-06', FALSE);
INSERT INTO bookclub_reads (clubid, bookid, start_date, end_date, is_current) VALUES (242, 816, '2024-12-12', '2025-01-11', FALSE);
INSERT INTO bookclub_reads (clubid, bookid, start_date, end_date, is_current) VALUES (242, 144, '2025-04-27', '2025-05-27', FALSE);

INSERT INTO bookclubs (clubid, name, description, creatorid) VALUES (243, 'Book Club 110', 'This is the description for Book Club 110.', 423);
INSERT INTO bookclub_creators (clubid, userid) VALUES (243, 423);
INSERT INTO bookclub_members (clubid, userid) VALUES (243, 256);
INSERT INTO bookclub_members (clubid, userid) VALUES (243, 260);
INSERT INTO bookclub_members (clubid, userid) VALUES (243, 16);
INSERT INTO bookclub_members (clubid, userid) VALUES (243, 403);
INSERT INTO bookclub_members (clubid, userid) VALUES (243, 148);
INSERT INTO bookclub_members (clubid, userid) VALUES (243, 287);
INSERT INTO bookclub_members (clubid, userid) VALUES (243, 423);
INSERT INTO bookclub_members (clubid, userid) VALUES (243, 438);
INSERT INTO bookclub_members (clubid, userid) VALUES (243, 322);
INSERT INTO bookclub_members (clubid, userid) VALUES (243, 68);
INSERT INTO bookclub_members (clubid, userid) VALUES (243, 325);
INSERT INTO bookclub_members (clubid, userid) VALUES (243, 199);
INSERT INTO bookclub_members (clubid, userid) VALUES (243, 202);
INSERT INTO bookclub_members (clubid, userid) VALUES (243, 339);
INSERT INTO bookclub_members (clubid, userid) VALUES (243, 120);
INSERT INTO bookclub_members (clubid, userid) VALUES (243, 351);
INSERT INTO bookclub_members (clubid, userid) VALUES (243, 358);
INSERT INTO bookclub_members (clubid, userid) VALUES (243, 116);
INSERT INTO bookclub_members (clubid, userid) VALUES (243, 247);
INSERT INTO bookclub_members (clubid, userid) VALUES (243, 248);
INSERT INTO bookclub_reads (clubid, bookid, start_date, end_date, is_current) VALUES (243, 409, '2025-07-02', '2025-07-24', TRUE);
INSERT INTO bookclub_reads (clubid, bookid, start_date, end_date, is_current) VALUES (243, 1053, '2025-02-20', '2025-03-22', FALSE);
INSERT INTO bookclub_reads (clubid, bookid, start_date, end_date, is_current) VALUES (243, 975, '2025-01-26', '2025-02-25', FALSE);
INSERT INTO bookclub_reads (clubid, bookid, start_date, end_date, is_current) VALUES (243, 297, '2025-05-07', '2025-06-06', FALSE);
INSERT INTO bookclub_reads (clubid, bookid, start_date, end_date, is_current) VALUES (243, 89, '2024-12-24', '2025-01-23', FALSE);
INSERT INTO bookclub_reads (clubid, bookid, start_date, end_date, is_current) VALUES (243, 58, '2025-02-18', '2025-03-20', FALSE);
INSERT INTO bookclub_reads (clubid, bookid, start_date, end_date, is_current) VALUES (243, 426, '2025-04-09', '2025-05-09', FALSE);
INSERT INTO bookclub_reads (clubid, bookid, start_date, end_date, is_current) VALUES (243, 511, '2025-03-05', '2025-04-04', FALSE);
INSERT INTO bookclub_reads (clubid, bookid, start_date, end_date, is_current) VALUES (243, 252, '2025-02-15', '2025-03-17', FALSE);
INSERT INTO bookclub_reads (clubid, bookid, start_date, end_date, is_current) VALUES (243, 944, '2025-01-04', '2025-02-03', FALSE);
INSERT INTO bookclub_reads (clubid, bookid, start_date, end_date, is_current) VALUES (243, 425, '2025-01-09', '2025-02-08', FALSE);
INSERT INTO bookclub_reads (clubid, bookid, start_date, end_date, is_current) VALUES (243, 302, '2025-01-06', '2025-02-05', FALSE);
INSERT INTO bookclub_reads (clubid, bookid, start_date, end_date, is_current) VALUES (243, 153, '2025-05-30', '2025-06-29', FALSE);
INSERT INTO bookclub_reads (clubid, bookid, start_date, end_date, is_current) VALUES (243, 332, '2025-01-13', '2025-02-12', FALSE);
INSERT INTO bookclub_reads (clubid, bookid, start_date, end_date, is_current) VALUES (243, 53, '2024-12-28', '2025-01-27', FALSE);

INSERT INTO bookclubs (clubid, name, description, creatorid) VALUES (244, 'Book Club 111', 'This is the description for Book Club 111.', 31);
INSERT INTO bookclub_creators (clubid, userid) VALUES (244, 31);
INSERT INTO bookclub_members (clubid, userid) VALUES (244, 417);
INSERT INTO bookclub_members (clubid, userid) VALUES (244, 323);
INSERT INTO bookclub_members (clubid, userid) VALUES (244, 164);
INSERT INTO bookclub_members (clubid, userid) VALUES (244, 197);
INSERT INTO bookclub_members (clubid, userid) VALUES (244, 135);
INSERT INTO bookclub_members (clubid, userid) VALUES (244, 391);
INSERT INTO bookclub_members (clubid, userid) VALUES (244, 393);
INSERT INTO bookclub_members (clubid, userid) VALUES (244, 234);
INSERT INTO bookclub_members (clubid, userid) VALUES (244, 203);
INSERT INTO bookclub_members (clubid, userid) VALUES (244, 432);
INSERT INTO bookclub_members (clubid, userid) VALUES (244, 17);
INSERT INTO bookclub_members (clubid, userid) VALUES (244, 82);
INSERT INTO bookclub_members (clubid, userid) VALUES (244, 182);
INSERT INTO bookclub_members (clubid, userid) VALUES (244, 219);
INSERT INTO bookclub_members (clubid, userid) VALUES (244, 61);
INSERT INTO bookclub_members (clubid, userid) VALUES (244, 31);
INSERT INTO bookclub_reads (clubid, bookid, start_date, end_date, is_current) VALUES (244, 92, '2025-07-03', '2025-08-13', TRUE);
INSERT INTO bookclub_reads (clubid, bookid, start_date, end_date, is_current) VALUES (244, 25, '2025-07-05', '2025-08-15', TRUE);
INSERT INTO bookclub_reads (clubid, bookid, start_date, end_date, is_current) VALUES (244, 599, '2024-12-11', '2025-01-10', FALSE);
INSERT INTO bookclub_reads (clubid, bookid, start_date, end_date, is_current) VALUES (244, 698, '2025-02-09', '2025-03-11', FALSE);
INSERT INTO bookclub_reads (clubid, bookid, start_date, end_date, is_current) VALUES (244, 935, '2025-03-07', '2025-04-06', FALSE);
INSERT INTO bookclub_reads (clubid, bookid, start_date, end_date, is_current) VALUES (244, 34, '2025-05-09', '2025-06-08', FALSE);
INSERT INTO bookclub_reads (clubid, bookid, start_date, end_date, is_current) VALUES (244, 933, '2025-05-13', '2025-06-12', FALSE);
INSERT INTO bookclub_reads (clubid, bookid, start_date, end_date, is_current) VALUES (244, 280, '2025-05-02', '2025-06-01', FALSE);
INSERT INTO bookclub_reads (clubid, bookid, start_date, end_date, is_current) VALUES (244, 182, '2025-02-18', '2025-03-20', FALSE);
INSERT INTO bookclub_reads (clubid, bookid, start_date, end_date, is_current) VALUES (244, 249, '2025-05-10', '2025-06-09', FALSE);
INSERT INTO bookclub_reads (clubid, bookid, start_date, end_date, is_current) VALUES (244, 463, '2025-05-11', '2025-06-10', FALSE);

INSERT INTO bookclubs (clubid, name, description, creatorid) VALUES (245, 'Book Club 112', 'This is the description for Book Club 112.', 194);
INSERT INTO bookclub_creators (clubid, userid) VALUES (245, 194);
INSERT INTO bookclub_members (clubid, userid) VALUES (245, 194);
INSERT INTO bookclub_members (clubid, userid) VALUES (245, 332);
INSERT INTO bookclub_members (clubid, userid) VALUES (245, 337);
INSERT INTO bookclub_members (clubid, userid) VALUES (245, 339);
INSERT INTO bookclub_members (clubid, userid) VALUES (245, 21);
INSERT INTO bookclub_members (clubid, userid) VALUES (245, 152);
INSERT INTO bookclub_members (clubid, userid) VALUES (245, 383);
INSERT INTO bookclub_reads (clubid, bookid, start_date, end_date, is_current) VALUES (245, 463, '2025-07-08', '2025-07-30', TRUE);
INSERT INTO bookclub_reads (clubid, bookid, start_date, end_date, is_current) VALUES (245, 53, '2025-06-22', '2025-08-21', TRUE);
INSERT INTO bookclub_reads (clubid, bookid, start_date, end_date, is_current) VALUES (245, 171, '2024-12-23', '2025-01-22', FALSE);
INSERT INTO bookclub_reads (clubid, bookid, start_date, end_date, is_current) VALUES (245, 359, '2025-02-17', '2025-03-19', FALSE);
INSERT INTO bookclub_reads (clubid, bookid, start_date, end_date, is_current) VALUES (245, 597, '2025-04-03', '2025-05-03', FALSE);
INSERT INTO bookclub_reads (clubid, bookid, start_date, end_date, is_current) VALUES (245, 432, '2025-03-12', '2025-04-11', FALSE);
INSERT INTO bookclub_reads (clubid, bookid, start_date, end_date, is_current) VALUES (245, 698, '2025-06-05', '2025-07-05', FALSE);
INSERT INTO bookclub_reads (clubid, bookid, start_date, end_date, is_current) VALUES (245, 86, '2025-05-03', '2025-06-02', FALSE);
INSERT INTO bookclub_reads (clubid, bookid, start_date, end_date, is_current) VALUES (245, 37, '2025-04-20', '2025-05-20', FALSE);
INSERT INTO bookclub_reads (clubid, bookid, start_date, end_date, is_current) VALUES (245, 932, '2025-01-05', '2025-02-04', FALSE);
INSERT INTO bookclub_reads (clubid, bookid, start_date, end_date, is_current) VALUES (245, 4, '2024-12-30', '2025-01-29', FALSE);

INSERT INTO bookclubs (clubid, name, description, creatorid) VALUES (246, 'Book Club 113', 'This is the description for Book Club 113.', 326);
INSERT INTO bookclub_creators (clubid, userid) VALUES (246, 326);
INSERT INTO bookclub_members (clubid, userid) VALUES (246, 223);
INSERT INTO bookclub_members (clubid, userid) VALUES (246, 259);
INSERT INTO bookclub_members (clubid, userid) VALUES (246, 419);
INSERT INTO bookclub_members (clubid, userid) VALUES (246, 197);
INSERT INTO bookclub_members (clubid, userid) VALUES (246, 326);
INSERT INTO bookclub_members (clubid, userid) VALUES (246, 7);
INSERT INTO bookclub_members (clubid, userid) VALUES (246, 398);
INSERT INTO bookclub_members (clubid, userid) VALUES (246, 206);
INSERT INTO bookclub_members (clubid, userid) VALUES (246, 304);
INSERT INTO bookclub_members (clubid, userid) VALUES (246, 432);
INSERT INTO bookclub_members (clubid, userid) VALUES (246, 51);
INSERT INTO bookclub_members (clubid, userid) VALUES (246, 440);
INSERT INTO bookclub_members (clubid, userid) VALUES (246, 409);
INSERT INTO bookclub_members (clubid, userid) VALUES (246, 158);
INSERT INTO bookclub_members (clubid, userid) VALUES (246, 159);
INSERT INTO bookclub_reads (clubid, bookid, start_date, end_date, is_current) VALUES (246, 642, '2025-06-28', '2025-08-01', TRUE);
INSERT INTO bookclub_reads (clubid, bookid, start_date, end_date, is_current) VALUES (246, 494, '2025-01-18', '2025-02-17', FALSE);
INSERT INTO bookclub_reads (clubid, bookid, start_date, end_date, is_current) VALUES (246, 639, '2024-12-22', '2025-01-21', FALSE);
INSERT INTO bookclub_reads (clubid, bookid, start_date, end_date, is_current) VALUES (246, 144, '2024-12-14', '2025-01-13', FALSE);
INSERT INTO bookclub_reads (clubid, bookid, start_date, end_date, is_current) VALUES (246, 888, '2024-12-19', '2025-01-18', FALSE);
INSERT INTO bookclub_reads (clubid, bookid, start_date, end_date, is_current) VALUES (246, 207, '2025-06-04', '2025-07-04', FALSE);
INSERT INTO bookclub_reads (clubid, bookid, start_date, end_date, is_current) VALUES (246, 362, '2025-05-09', '2025-06-08', FALSE);
INSERT INTO bookclub_reads (clubid, bookid, start_date, end_date, is_current) VALUES (246, 394, '2024-12-19', '2025-01-18', FALSE);
INSERT INTO bookclub_reads (clubid, bookid, start_date, end_date, is_current) VALUES (246, 264, '2025-06-04', '2025-07-04', FALSE);
INSERT INTO bookclub_reads (clubid, bookid, start_date, end_date, is_current) VALUES (246, 707, '2025-01-08', '2025-02-07', FALSE);
INSERT INTO bookclub_reads (clubid, bookid, start_date, end_date, is_current) VALUES (246, 933, '2025-01-07', '2025-02-06', FALSE);
INSERT INTO bookclub_reads (clubid, bookid, start_date, end_date, is_current) VALUES (246, 69, '2024-12-30', '2025-01-29', FALSE);

INSERT INTO bookclubs (clubid, name, description, creatorid) VALUES (247, 'Book Club 114', 'This is the description for Book Club 114.', 127);
INSERT INTO bookclub_creators (clubid, userid) VALUES (247, 127);
INSERT INTO bookclub_members (clubid, userid) VALUES (247, 2);
INSERT INTO bookclub_members (clubid, userid) VALUES (247, 100);
INSERT INTO bookclub_members (clubid, userid) VALUES (247, 229);
INSERT INTO bookclub_members (clubid, userid) VALUES (247, 197);
INSERT INTO bookclub_members (clubid, userid) VALUES (247, 136);
INSERT INTO bookclub_members (clubid, userid) VALUES (247, 42);
INSERT INTO bookclub_members (clubid, userid) VALUES (247, 305);
INSERT INTO bookclub_members (clubid, userid) VALUES (247, 407);
INSERT INTO bookclub_members (clubid, userid) VALUES (247, 188);
INSERT INTO bookclub_members (clubid, userid) VALUES (247, 285);
INSERT INTO bookclub_members (clubid, userid) VALUES (247, 127);
INSERT INTO bookclub_reads (clubid, bookid, start_date, end_date, is_current) VALUES (247, 54, '2025-06-09', '2025-08-13', TRUE);
INSERT INTO bookclub_reads (clubid, bookid, start_date, end_date, is_current) VALUES (247, 155, '2025-07-06', '2025-08-20', TRUE);
INSERT INTO bookclub_reads (clubid, bookid, start_date, end_date, is_current) VALUES (247, 933, '2025-01-05', '2025-02-04', FALSE);
INSERT INTO bookclub_reads (clubid, bookid, start_date, end_date, is_current) VALUES (247, 297, '2025-02-06', '2025-03-08', FALSE);
INSERT INTO bookclub_reads (clubid, bookid, start_date, end_date, is_current) VALUES (247, 1052, '2025-04-25', '2025-05-25', FALSE);
INSERT INTO bookclub_reads (clubid, bookid, start_date, end_date, is_current) VALUES (247, 425, '2025-04-02', '2025-05-02', FALSE);
INSERT INTO bookclub_reads (clubid, bookid, start_date, end_date, is_current) VALUES (247, 78, '2025-04-25', '2025-05-25', FALSE);

INSERT INTO bookclubs (clubid, name, description, creatorid) VALUES (248, 'Book Club 115', 'This is the description for Book Club 115.', 202);
INSERT INTO bookclub_creators (clubid, userid) VALUES (248, 202);
INSERT INTO bookclub_members (clubid, userid) VALUES (248, 422);
INSERT INTO bookclub_members (clubid, userid) VALUES (248, 425);
INSERT INTO bookclub_members (clubid, userid) VALUES (248, 202);
INSERT INTO bookclub_members (clubid, userid) VALUES (248, 299);
INSERT INTO bookclub_members (clubid, userid) VALUES (248, 80);
INSERT INTO bookclub_members (clubid, userid) VALUES (248, 436);
INSERT INTO bookclub_members (clubid, userid) VALUES (248, 405);
INSERT INTO bookclub_members (clubid, userid) VALUES (248, 351);
INSERT INTO bookclub_reads (clubid, bookid, start_date, end_date, is_current) VALUES (248, 929, '2025-06-16', '2025-08-12', TRUE);
INSERT INTO bookclub_reads (clubid, bookid, start_date, end_date, is_current) VALUES (248, 144, '2025-07-01', '2025-08-19', TRUE);
INSERT INTO bookclub_reads (clubid, bookid, start_date, end_date, is_current) VALUES (248, 92, '2025-02-11', '2025-03-13', FALSE);
INSERT INTO bookclub_reads (clubid, bookid, start_date, end_date, is_current) VALUES (248, 431, '2024-12-17', '2025-01-16', FALSE);
INSERT INTO bookclub_reads (clubid, bookid, start_date, end_date, is_current) VALUES (248, 1090, '2025-03-28', '2025-04-27', FALSE);
INSERT INTO bookclub_reads (clubid, bookid, start_date, end_date, is_current) VALUES (248, 830, '2025-03-09', '2025-04-08', FALSE);
INSERT INTO bookclub_reads (clubid, bookid, start_date, end_date, is_current) VALUES (248, 8, '2025-02-05', '2025-03-07', FALSE);
INSERT INTO bookclub_reads (clubid, bookid, start_date, end_date, is_current) VALUES (248, 355, '2025-02-10', '2025-03-12', FALSE);
INSERT INTO bookclub_reads (clubid, bookid, start_date, end_date, is_current) VALUES (248, 400, '2025-06-01', '2025-07-01', FALSE);
INSERT INTO bookclub_reads (clubid, bookid, start_date, end_date, is_current) VALUES (248, 297, '2025-04-18', '2025-05-18', FALSE);
INSERT INTO bookclub_reads (clubid, bookid, start_date, end_date, is_current) VALUES (248, 377, '2024-12-18', '2025-01-17', FALSE);
INSERT INTO bookclub_reads (clubid, bookid, start_date, end_date, is_current) VALUES (248, 597, '2025-05-10', '2025-06-09', FALSE);
INSERT INTO bookclub_reads (clubid, bookid, start_date, end_date, is_current) VALUES (248, 171, '2025-01-23', '2025-02-22', FALSE);
INSERT INTO bookclub_reads (clubid, bookid, start_date, end_date, is_current) VALUES (248, 140, '2025-01-16', '2025-02-15', FALSE);

INSERT INTO bookclubs (clubid, name, description, creatorid) VALUES (249, 'Book Club 116', 'This is the description for Book Club 116.', 104);
INSERT INTO bookclub_creators (clubid, userid) VALUES (249, 104);
INSERT INTO bookclub_members (clubid, userid) VALUES (249, 225);
INSERT INTO bookclub_members (clubid, userid) VALUES (249, 161);
INSERT INTO bookclub_members (clubid, userid) VALUES (249, 327);
INSERT INTO bookclub_members (clubid, userid) VALUES (249, 104);
INSERT INTO bookclub_members (clubid, userid) VALUES (249, 146);
INSERT INTO bookclub_members (clubid, userid) VALUES (249, 223);
INSERT INTO bookclub_reads (clubid, bookid, start_date, end_date, is_current) VALUES (249, 707, '2025-06-17', '2025-08-17', TRUE);
INSERT INTO bookclub_reads (clubid, bookid, start_date, end_date, is_current) VALUES (249, 155, '2025-07-03', '2025-08-17', TRUE);
INSERT INTO bookclub_reads (clubid, bookid, start_date, end_date, is_current) VALUES (249, 515, '2025-06-16', '2025-07-23', TRUE);
INSERT INTO bookclub_reads (clubid, bookid, start_date, end_date, is_current) VALUES (249, 665, '2025-04-07', '2025-05-07', FALSE);
INSERT INTO bookclub_reads (clubid, bookid, start_date, end_date, is_current) VALUES (249, 787, '2025-05-18', '2025-06-17', FALSE);
INSERT INTO bookclub_reads (clubid, bookid, start_date, end_date, is_current) VALUES (249, 290, '2025-03-06', '2025-04-05', FALSE);
INSERT INTO bookclub_reads (clubid, bookid, start_date, end_date, is_current) VALUES (249, 977, '2025-05-14', '2025-06-13', FALSE);
INSERT INTO bookclub_reads (clubid, bookid, start_date, end_date, is_current) VALUES (249, 72, '2025-01-04', '2025-02-03', FALSE);
INSERT INTO bookclub_reads (clubid, bookid, start_date, end_date, is_current) VALUES (249, 888, '2025-06-03', '2025-07-03', FALSE);
INSERT INTO bookclub_reads (clubid, bookid, start_date, end_date, is_current) VALUES (249, 132, '2025-05-24', '2025-06-23', FALSE);
INSERT INTO bookclub_reads (clubid, bookid, start_date, end_date, is_current) VALUES (249, 208, '2025-03-15', '2025-04-14', FALSE);
INSERT INTO bookclub_reads (clubid, bookid, start_date, end_date, is_current) VALUES (249, 51, '2025-04-11', '2025-05-11', FALSE);

INSERT INTO bookclubs (clubid, name, description, creatorid) VALUES (250, 'Book Club 117', 'This is the description for Book Club 117.', 207);
INSERT INTO bookclub_creators (clubid, userid) VALUES (250, 207);
INSERT INTO bookclub_members (clubid, userid) VALUES (250, 165);
INSERT INTO bookclub_members (clubid, userid) VALUES (250, 207);
INSERT INTO bookclub_members (clubid, userid) VALUES (250, 47);
INSERT INTO bookclub_members (clubid, userid) VALUES (250, 50);
INSERT INTO bookclub_members (clubid, userid) VALUES (250, 30);
INSERT INTO bookclub_reads (clubid, bookid, start_date, end_date, is_current) VALUES (250, 180, '2025-07-08', '2025-08-08', TRUE);
INSERT INTO bookclub_reads (clubid, bookid, start_date, end_date, is_current) VALUES (250, 944, '2025-06-28', '2025-07-31', TRUE);
INSERT INTO bookclub_reads (clubid, bookid, start_date, end_date, is_current) VALUES (250, 4, '2025-01-03', '2025-02-02', FALSE);
INSERT INTO bookclub_reads (clubid, bookid, start_date, end_date, is_current) VALUES (250, 171, '2025-04-19', '2025-05-19', FALSE);
INSERT INTO bookclub_reads (clubid, bookid, start_date, end_date, is_current) VALUES (250, 698, '2025-01-28', '2025-02-27', FALSE);
INSERT INTO bookclub_reads (clubid, bookid, start_date, end_date, is_current) VALUES (250, 484, '2025-01-26', '2025-02-25', FALSE);
INSERT INTO bookclub_reads (clubid, bookid, start_date, end_date, is_current) VALUES (250, 182, '2025-01-05', '2025-02-04', FALSE);
INSERT INTO bookclub_reads (clubid, bookid, start_date, end_date, is_current) VALUES (250, 880, '2025-02-12', '2025-03-14', FALSE);
INSERT INTO bookclub_reads (clubid, bookid, start_date, end_date, is_current) VALUES (250, 426, '2025-04-01', '2025-05-01', FALSE);
INSERT INTO bookclub_reads (clubid, bookid, start_date, end_date, is_current) VALUES (250, 933, '2025-05-13', '2025-06-12', FALSE);
INSERT INTO bookclub_reads (clubid, bookid, start_date, end_date, is_current) VALUES (250, 866, '2025-05-13', '2025-06-12', FALSE);
INSERT INTO bookclub_reads (clubid, bookid, start_date, end_date, is_current) VALUES (250, 524, '2024-12-14', '2025-01-13', FALSE);
INSERT INTO bookclub_reads (clubid, bookid, start_date, end_date, is_current) VALUES (250, 422, '2025-04-23', '2025-05-23', FALSE);
INSERT INTO bookclub_reads (clubid, bookid, start_date, end_date, is_current) VALUES (250, 313, '2025-05-13', '2025-06-12', FALSE);

