CREATE TABLE bookclubs (
    clubid      SERIAL PRIMARY KEY,
    name        VARCHAR(255),
    description TEXT,
    max_members INT NOT NULL
);

CREATE TABLE bookclub_creators (
    clubid    INT PRIMARY KEY,
    userid    INT,
    created_at TIMESTAMP DEFAULT CURRENT_TIMESTAMP,
    FOREIGN KEY (clubid) REFERENCES bookclubs(clubid) ON DELETE CASCADE,
    FOREIGN KEY (userid) REFERENCES users(userid)     ON DELETE CASCADE
);

CREATE TABLE bookclub_members (
    clubid    INT,
    userid    INT,
    joined_at TIMESTAMP DEFAULT CURRENT_TIMESTAMP,
    PRIMARY KEY (clubid, userid),
    FOREIGN KEY (clubid) REFERENCES bookclubs(clubid) ON DELETE CASCADE,
    FOREIGN KEY (userid) REFERENCES users(userid)     ON DELETE CASCADE
);

CREATE TABLE bookclub_reads (
    clubid     INT,
    bookid     INT,
    start_date DATE,
    end_date   DATE,
    is_current BOOLEAN DEFAULT TRUE,
    PRIMARY KEY (clubid, bookid),
    FOREIGN KEY (clubid) REFERENCES bookclubs(clubid) ON DELETE CASCADE,
    FOREIGN KEY (bookid) REFERENCES books(bookid)     ON DELETE CASCADE
);

INSERT INTO bookclubs (clubid, name, description, max_members) VALUES (368, 'Book Club 1', 'This is the description for Book Club 1.', 10);
INSERT INTO bookclub_creators (clubid, userid) VALUES (368, 42);
INSERT INTO bookclub_members (clubid, userid) VALUES (368, 225);
INSERT INTO bookclub_members (clubid, userid) VALUES (368, 100);
INSERT INTO bookclub_members (clubid, userid) VALUES (368, 42);
INSERT INTO bookclub_members (clubid, userid) VALUES (368, 364);
INSERT INTO bookclub_members (clubid, userid) VALUES (368, 335);
INSERT INTO bookclub_members (clubid, userid) VALUES (368, 304);
INSERT INTO bookclub_members (clubid, userid) VALUES (368, 340);
INSERT INTO bookclub_members (clubid, userid) VALUES (368, 88);
INSERT INTO bookclub_members (clubid, userid) VALUES (368, 223);
INSERT INTO bookclub_reads (clubid, bookid, start_date, end_date, is_current) VALUES (368, 935, '2025-07-08', '2025-08-17', TRUE);
INSERT INTO bookclub_reads (clubid, bookid, start_date, end_date, is_current) VALUES (368, 933, '2025-02-24', '2025-03-26', FALSE);
INSERT INTO bookclub_reads (clubid, bookid, start_date, end_date, is_current) VALUES (368, 424, '2025-03-04', '2025-04-03', FALSE);
INSERT INTO bookclub_reads (clubid, bookid, start_date, end_date, is_current) VALUES (368, 28, '2025-04-17', '2025-05-17', FALSE);
INSERT INTO bookclub_reads (clubid, bookid, start_date, end_date, is_current) VALUES (368, 105, '2025-02-01', '2025-03-03', FALSE);
INSERT INTO bookclub_reads (clubid, bookid, start_date, end_date, is_current) VALUES (368, 1053, '2025-06-10', '2025-07-10', FALSE);

INSERT INTO bookclubs (clubid, name, description, max_members) VALUES (369, 'Book Club 2', 'This is the description for Book Club 2.', 5);
INSERT INTO bookclub_creators (clubid, userid) VALUES (369, 416);
INSERT INTO bookclub_members (clubid, userid) VALUES (369, 416);
INSERT INTO bookclub_members (clubid, userid) VALUES (369, 249);
INSERT INTO bookclub_members (clubid, userid) VALUES (369, 87);
INSERT INTO bookclub_reads (clubid, bookid, start_date, end_date, is_current) VALUES (369, 975, '2025-07-10', '2025-08-15', TRUE);
INSERT INTO bookclub_reads (clubid, bookid, start_date, end_date, is_current) VALUES (369, 67, '2025-01-17', '2025-02-16', FALSE);
INSERT INTO bookclub_reads (clubid, bookid, start_date, end_date, is_current) VALUES (369, 394, '2025-02-11', '2025-03-13', FALSE);
INSERT INTO bookclub_reads (clubid, bookid, start_date, end_date, is_current) VALUES (369, 133, '2025-04-14', '2025-05-14', FALSE);
INSERT INTO bookclub_reads (clubid, bookid, start_date, end_date, is_current) VALUES (369, 299, '2025-01-08', '2025-02-07', FALSE);
INSERT INTO bookclub_reads (clubid, bookid, start_date, end_date, is_current) VALUES (369, 357, '2025-04-03', '2025-05-03', FALSE);
INSERT INTO bookclub_reads (clubid, bookid, start_date, end_date, is_current) VALUES (369, 494, '2024-12-19', '2025-01-18', FALSE);
INSERT INTO bookclub_reads (clubid, bookid, start_date, end_date, is_current) VALUES (369, 204, '2025-01-14', '2025-02-13', FALSE);
INSERT INTO bookclub_reads (clubid, bookid, start_date, end_date, is_current) VALUES (369, 253, '2025-04-19', '2025-05-19', FALSE);
INSERT INTO bookclub_reads (clubid, bookid, start_date, end_date, is_current) VALUES (369, 418, '2025-05-17', '2025-06-16', FALSE);
INSERT INTO bookclub_reads (clubid, bookid, start_date, end_date, is_current) VALUES (369, 269, '2025-05-24', '2025-06-23', FALSE);
INSERT INTO bookclub_reads (clubid, bookid, start_date, end_date, is_current) VALUES (369, 2, '2025-05-21', '2025-06-20', FALSE);
INSERT INTO bookclub_reads (clubid, bookid, start_date, end_date, is_current) VALUES (369, 157, '2025-05-10', '2025-06-09', FALSE);
INSERT INTO bookclub_reads (clubid, bookid, start_date, end_date, is_current) VALUES (369, 511, '2025-01-26', '2025-02-25', FALSE);
INSERT INTO bookclub_reads (clubid, bookid, start_date, end_date, is_current) VALUES (369, 75, '2025-04-09', '2025-05-09', FALSE);
INSERT INTO bookclub_reads (clubid, bookid, start_date, end_date, is_current) VALUES (369, 669, '2025-02-22', '2025-03-24', FALSE);

INSERT INTO bookclubs (clubid, name, description, max_members) VALUES (370, 'Book Club 3', 'This is the description for Book Club 3.', 16);
INSERT INTO bookclub_creators (clubid, userid) VALUES (370, 294);
INSERT INTO bookclub_members (clubid, userid) VALUES (370, 69);
INSERT INTO bookclub_members (clubid, userid) VALUES (370, 101);
INSERT INTO bookclub_members (clubid, userid) VALUES (370, 294);
INSERT INTO bookclub_members (clubid, userid) VALUES (370, 394);
INSERT INTO bookclub_members (clubid, userid) VALUES (370, 143);
INSERT INTO bookclub_members (clubid, userid) VALUES (370, 54);
INSERT INTO bookclub_members (clubid, userid) VALUES (370, 380);
INSERT INTO bookclub_members (clubid, userid) VALUES (370, 190);
INSERT INTO bookclub_reads (clubid, bookid, start_date, end_date, is_current) VALUES (370, 1052, '2025-07-11', '2025-08-10', TRUE);
INSERT INTO bookclub_reads (clubid, bookid, start_date, end_date, is_current) VALUES (370, 159, '2025-06-25', '2025-08-27', TRUE);
INSERT INTO bookclub_reads (clubid, bookid, start_date, end_date, is_current) VALUES (370, 476, '2025-05-30', '2025-06-29', FALSE);
INSERT INTO bookclub_reads (clubid, bookid, start_date, end_date, is_current) VALUES (370, 133, '2025-02-18', '2025-03-20', FALSE);
INSERT INTO bookclub_reads (clubid, bookid, start_date, end_date, is_current) VALUES (370, 297, '2025-05-24', '2025-06-23', FALSE);
INSERT INTO bookclub_reads (clubid, bookid, start_date, end_date, is_current) VALUES (370, 35, '2025-05-07', '2025-06-06', FALSE);
INSERT INTO bookclub_reads (clubid, bookid, start_date, end_date, is_current) VALUES (370, 397, '2025-05-29', '2025-06-28', FALSE);
INSERT INTO bookclub_reads (clubid, bookid, start_date, end_date, is_current) VALUES (370, 180, '2025-05-18', '2025-06-17', FALSE);
INSERT INTO bookclub_reads (clubid, bookid, start_date, end_date, is_current) VALUES (370, 237, '2025-04-21', '2025-05-21', FALSE);
INSERT INTO bookclub_reads (clubid, bookid, start_date, end_date, is_current) VALUES (370, 63, '2025-03-20', '2025-04-19', FALSE);
INSERT INTO bookclub_reads (clubid, bookid, start_date, end_date, is_current) VALUES (370, 932, '2025-01-18', '2025-02-17', FALSE);

INSERT INTO bookclubs (clubid, name, description, max_members) VALUES (371, 'Book Club 4', 'This is the description for Book Club 4.', 14);
INSERT INTO bookclub_creators (clubid, userid) VALUES (371, 414);
INSERT INTO bookclub_members (clubid, userid) VALUES (371, 400);
INSERT INTO bookclub_members (clubid, userid) VALUES (371, 332);
INSERT INTO bookclub_members (clubid, userid) VALUES (371, 414);
INSERT INTO bookclub_reads (clubid, bookid, start_date, end_date, is_current) VALUES (371, 672, '2025-07-10', '2025-08-20', TRUE);
INSERT INTO bookclub_reads (clubid, bookid, start_date, end_date, is_current) VALUES (371, 50, '2025-06-22', '2025-08-01', TRUE);
INSERT INTO bookclub_reads (clubid, bookid, start_date, end_date, is_current) VALUES (371, 900, '2025-01-27', '2025-02-26', FALSE);
INSERT INTO bookclub_reads (clubid, bookid, start_date, end_date, is_current) VALUES (371, 96, '2025-04-20', '2025-05-20', FALSE);
INSERT INTO bookclub_reads (clubid, bookid, start_date, end_date, is_current) VALUES (371, 1005, '2025-01-15', '2025-02-14', FALSE);
INSERT INTO bookclub_reads (clubid, bookid, start_date, end_date, is_current) VALUES (371, 164, '2025-06-14', '2025-07-14', FALSE);
INSERT INTO bookclub_reads (clubid, bookid, start_date, end_date, is_current) VALUES (371, 269, '2025-04-12', '2025-05-12', FALSE);
INSERT INTO bookclub_reads (clubid, bookid, start_date, end_date, is_current) VALUES (371, 105, '2025-04-24', '2025-05-24', FALSE);

INSERT INTO bookclubs (clubid, name, description, max_members) VALUES (372, 'Book Club 5', 'This is the description for Book Club 5.', 8);
INSERT INTO bookclub_creators (clubid, userid) VALUES (372, 405);
INSERT INTO bookclub_members (clubid, userid) VALUES (372, 385);
INSERT INTO bookclub_members (clubid, userid) VALUES (372, 75);
INSERT INTO bookclub_members (clubid, userid) VALUES (372, 405);
INSERT INTO bookclub_members (clubid, userid) VALUES (372, 217);
INSERT INTO bookclub_members (clubid, userid) VALUES (372, 316);
INSERT INTO bookclub_reads (clubid, bookid, start_date, end_date, is_current) VALUES (372, 662, '2025-06-18', '2025-08-05', TRUE);
INSERT INTO bookclub_reads (clubid, bookid, start_date, end_date, is_current) VALUES (372, 511, '2025-06-17', '2025-08-02', TRUE);
INSERT INTO bookclub_reads (clubid, bookid, start_date, end_date, is_current) VALUES (372, 205, '2025-01-07', '2025-02-06', FALSE);
INSERT INTO bookclub_reads (clubid, bookid, start_date, end_date, is_current) VALUES (372, 133, '2025-01-05', '2025-02-04', FALSE);
INSERT INTO bookclub_reads (clubid, bookid, start_date, end_date, is_current) VALUES (372, 823, '2025-04-18', '2025-05-18', FALSE);
INSERT INTO bookclub_reads (clubid, bookid, start_date, end_date, is_current) VALUES (372, 291, '2025-04-23', '2025-05-23', FALSE);
INSERT INTO bookclub_reads (clubid, bookid, start_date, end_date, is_current) VALUES (372, 650, '2025-04-18', '2025-05-18', FALSE);

INSERT INTO bookclubs (clubid, name, description, max_members) VALUES (373, 'Book Club 6', 'This is the description for Book Club 6.', 19);
INSERT INTO bookclub_creators (clubid, userid) VALUES (373, 241);
INSERT INTO bookclub_members (clubid, userid) VALUES (373, 206);
INSERT INTO bookclub_members (clubid, userid) VALUES (373, 241);
INSERT INTO bookclub_members (clubid, userid) VALUES (373, 210);
INSERT INTO bookclub_members (clubid, userid) VALUES (373, 83);
INSERT INTO bookclub_members (clubid, userid) VALUES (373, 372);
INSERT INTO bookclub_reads (clubid, bookid, start_date, end_date, is_current) VALUES (373, 431, '2025-06-24', '2025-08-19', TRUE);
INSERT INTO bookclub_reads (clubid, bookid, start_date, end_date, is_current) VALUES (373, 119, '2025-07-11', '2025-08-04', TRUE);
INSERT INTO bookclub_reads (clubid, bookid, start_date, end_date, is_current) VALUES (373, 478, '2025-07-01', '2025-08-08', TRUE);
INSERT INTO bookclub_reads (clubid, bookid, start_date, end_date, is_current) VALUES (373, 929, '2025-03-13', '2025-04-12', FALSE);
INSERT INTO bookclub_reads (clubid, bookid, start_date, end_date, is_current) VALUES (373, 1097, '2025-04-01', '2025-05-01', FALSE);
INSERT INTO bookclub_reads (clubid, bookid, start_date, end_date, is_current) VALUES (373, 869, '2025-04-25', '2025-05-25', FALSE);
INSERT INTO bookclub_reads (clubid, bookid, start_date, end_date, is_current) VALUES (373, 702, '2025-04-15', '2025-05-15', FALSE);
INSERT INTO bookclub_reads (clubid, bookid, start_date, end_date, is_current) VALUES (373, 787, '2025-04-26', '2025-05-26', FALSE);
INSERT INTO bookclub_reads (clubid, bookid, start_date, end_date, is_current) VALUES (373, 1078, '2025-06-06', '2025-07-06', FALSE);
INSERT INTO bookclub_reads (clubid, bookid, start_date, end_date, is_current) VALUES (373, 14, '2025-02-16', '2025-03-18', FALSE);
INSERT INTO bookclub_reads (clubid, bookid, start_date, end_date, is_current) VALUES (373, 827, '2025-05-06', '2025-06-05', FALSE);
INSERT INTO bookclub_reads (clubid, bookid, start_date, end_date, is_current) VALUES (373, 639, '2025-06-05', '2025-07-05', FALSE);
INSERT INTO bookclub_reads (clubid, bookid, start_date, end_date, is_current) VALUES (373, 76, '2025-05-22', '2025-06-21', FALSE);
INSERT INTO bookclub_reads (clubid, bookid, start_date, end_date, is_current) VALUES (373, 28, '2025-04-07', '2025-05-07', FALSE);
INSERT INTO bookclub_reads (clubid, bookid, start_date, end_date, is_current) VALUES (373, 135, '2024-12-29', '2025-01-28', FALSE);
INSERT INTO bookclub_reads (clubid, bookid, start_date, end_date, is_current) VALUES (373, 81, '2025-05-25', '2025-06-24', FALSE);
INSERT INTO bookclub_reads (clubid, bookid, start_date, end_date, is_current) VALUES (373, 668, '2025-01-09', '2025-02-08', FALSE);
INSERT INTO bookclub_reads (clubid, bookid, start_date, end_date, is_current) VALUES (373, 25, '2025-02-03', '2025-03-05', FALSE);

INSERT INTO bookclubs (clubid, name, description, max_members) VALUES (374, 'Book Club 7', 'This is the description for Book Club 7.', 11);
INSERT INTO bookclub_creators (clubid, userid) VALUES (374, 162);
INSERT INTO bookclub_members (clubid, userid) VALUES (374, 162);
INSERT INTO bookclub_members (clubid, userid) VALUES (374, 228);
INSERT INTO bookclub_members (clubid, userid) VALUES (374, 135);
INSERT INTO bookclub_members (clubid, userid) VALUES (374, 359);
INSERT INTO bookclub_members (clubid, userid) VALUES (374, 106);
INSERT INTO bookclub_members (clubid, userid) VALUES (374, 12);
INSERT INTO bookclub_members (clubid, userid) VALUES (374, 142);
INSERT INTO bookclub_members (clubid, userid) VALUES (374, 78);
INSERT INTO bookclub_members (clubid, userid) VALUES (374, 403);
INSERT INTO bookclub_members (clubid, userid) VALUES (374, 342);
INSERT INTO bookclub_members (clubid, userid) VALUES (374, 183);
INSERT INTO bookclub_reads (clubid, bookid, start_date, end_date, is_current) VALUES (374, 213, '2025-07-07', '2025-08-05', TRUE);
INSERT INTO bookclub_reads (clubid, bookid, start_date, end_date, is_current) VALUES (374, 523, '2025-07-06', '2025-08-02', TRUE);
INSERT INTO bookclub_reads (clubid, bookid, start_date, end_date, is_current) VALUES (374, 54, '2025-07-17', '2025-08-28', TRUE);
INSERT INTO bookclub_reads (clubid, bookid, start_date, end_date, is_current) VALUES (374, 676, '2025-04-03', '2025-05-03', FALSE);
INSERT INTO bookclub_reads (clubid, bookid, start_date, end_date, is_current) VALUES (374, 90, '2025-02-12', '2025-03-14', FALSE);
INSERT INTO bookclub_reads (clubid, bookid, start_date, end_date, is_current) VALUES (374, 138, '2025-05-12', '2025-06-11', FALSE);
INSERT INTO bookclub_reads (clubid, bookid, start_date, end_date, is_current) VALUES (374, 355, '2025-03-27', '2025-04-26', FALSE);
INSERT INTO bookclub_reads (clubid, bookid, start_date, end_date, is_current) VALUES (374, 168, '2025-04-10', '2025-05-10', FALSE);
INSERT INTO bookclub_reads (clubid, bookid, start_date, end_date, is_current) VALUES (374, 848, '2025-05-14', '2025-06-13', FALSE);
INSERT INTO bookclub_reads (clubid, bookid, start_date, end_date, is_current) VALUES (374, 10, '2025-05-11', '2025-06-10', FALSE);
INSERT INTO bookclub_reads (clubid, bookid, start_date, end_date, is_current) VALUES (374, 159, '2025-03-08', '2025-04-07', FALSE);
INSERT INTO bookclub_reads (clubid, bookid, start_date, end_date, is_current) VALUES (374, 297, '2024-12-28', '2025-01-27', FALSE);
INSERT INTO bookclub_reads (clubid, bookid, start_date, end_date, is_current) VALUES (374, 515, '2025-04-10', '2025-05-10', FALSE);

INSERT INTO bookclubs (clubid, name, description, max_members) VALUES (375, 'Book Club 8', 'This is the description for Book Club 8.', 5);
INSERT INTO bookclub_creators (clubid, userid) VALUES (375, 393);
INSERT INTO bookclub_members (clubid, userid) VALUES (375, 258);
INSERT INTO bookclub_members (clubid, userid) VALUES (375, 103);
INSERT INTO bookclub_members (clubid, userid) VALUES (375, 73);
INSERT INTO bookclub_members (clubid, userid) VALUES (375, 393);
INSERT INTO bookclub_members (clubid, userid) VALUES (375, 407);
INSERT INTO bookclub_reads (clubid, bookid, start_date, end_date, is_current) VALUES (375, 98, '2025-06-18', '2025-08-24', TRUE);
INSERT INTO bookclub_reads (clubid, bookid, start_date, end_date, is_current) VALUES (375, 658, '2025-07-05', '2025-08-29', TRUE);
INSERT INTO bookclub_reads (clubid, bookid, start_date, end_date, is_current) VALUES (375, 333, '2025-01-16', '2025-02-15', FALSE);
INSERT INTO bookclub_reads (clubid, bookid, start_date, end_date, is_current) VALUES (375, 45, '2025-04-19', '2025-05-19', FALSE);
INSERT INTO bookclub_reads (clubid, bookid, start_date, end_date, is_current) VALUES (375, 299, '2025-04-01', '2025-05-01', FALSE);
INSERT INTO bookclub_reads (clubid, bookid, start_date, end_date, is_current) VALUES (375, 678, '2025-02-05', '2025-03-07', FALSE);
INSERT INTO bookclub_reads (clubid, bookid, start_date, end_date, is_current) VALUES (375, 55, '2025-05-08', '2025-06-07', FALSE);
INSERT INTO bookclub_reads (clubid, bookid, start_date, end_date, is_current) VALUES (375, 362, '2025-03-30', '2025-04-29', FALSE);
INSERT INTO bookclub_reads (clubid, bookid, start_date, end_date, is_current) VALUES (375, 570, '2025-04-09', '2025-05-09', FALSE);
INSERT INTO bookclub_reads (clubid, bookid, start_date, end_date, is_current) VALUES (375, 159, '2025-05-31', '2025-06-30', FALSE);
INSERT INTO bookclub_reads (clubid, bookid, start_date, end_date, is_current) VALUES (375, 289, '2025-05-09', '2025-06-08', FALSE);
INSERT INTO bookclub_reads (clubid, bookid, start_date, end_date, is_current) VALUES (375, 250, '2025-02-18', '2025-03-20', FALSE);

INSERT INTO bookclubs (clubid, name, description, max_members) VALUES (376, 'Book Club 9', 'This is the description for Book Club 9.', 16);
INSERT INTO bookclub_creators (clubid, userid) VALUES (376, 212);
INSERT INTO bookclub_members (clubid, userid) VALUES (376, 288);
INSERT INTO bookclub_members (clubid, userid) VALUES (376, 33);
INSERT INTO bookclub_members (clubid, userid) VALUES (376, 194);
INSERT INTO bookclub_members (clubid, userid) VALUES (376, 322);
INSERT INTO bookclub_members (clubid, userid) VALUES (376, 420);
INSERT INTO bookclub_members (clubid, userid) VALUES (376, 361);
INSERT INTO bookclub_members (clubid, userid) VALUES (376, 10);
INSERT INTO bookclub_members (clubid, userid) VALUES (376, 400);
INSERT INTO bookclub_members (clubid, userid) VALUES (376, 212);
INSERT INTO bookclub_members (clubid, userid) VALUES (376, 405);
INSERT INTO bookclub_members (clubid, userid) VALUES (376, 88);
INSERT INTO bookclub_members (clubid, userid) VALUES (376, 283);
INSERT INTO bookclub_reads (clubid, bookid, start_date, end_date, is_current) VALUES (376, 162, '2025-06-28', '2025-08-26', TRUE);
INSERT INTO bookclub_reads (clubid, bookid, start_date, end_date, is_current) VALUES (376, 759, '2025-06-26', '2025-08-02', TRUE);
INSERT INTO bookclub_reads (clubid, bookid, start_date, end_date, is_current) VALUES (376, 247, '2025-03-18', '2025-04-17', FALSE);
INSERT INTO bookclub_reads (clubid, bookid, start_date, end_date, is_current) VALUES (376, 931, '2025-04-09', '2025-05-09', FALSE);
INSERT INTO bookclub_reads (clubid, bookid, start_date, end_date, is_current) VALUES (376, 1007, '2025-05-06', '2025-06-05', FALSE);
INSERT INTO bookclub_reads (clubid, bookid, start_date, end_date, is_current) VALUES (376, 295, '2024-12-25', '2025-01-24', FALSE);
INSERT INTO bookclub_reads (clubid, bookid, start_date, end_date, is_current) VALUES (376, 85, '2025-03-25', '2025-04-24', FALSE);

INSERT INTO bookclubs (clubid, name, description, max_members) VALUES (377, 'Book Club 10', 'This is the description for Book Club 10.', 17);
INSERT INTO bookclub_creators (clubid, userid) VALUES (377, 156);
INSERT INTO bookclub_members (clubid, userid) VALUES (377, 160);
INSERT INTO bookclub_members (clubid, userid) VALUES (377, 129);
INSERT INTO bookclub_members (clubid, userid) VALUES (377, 98);
INSERT INTO bookclub_members (clubid, userid) VALUES (377, 226);
INSERT INTO bookclub_members (clubid, userid) VALUES (377, 327);
INSERT INTO bookclub_members (clubid, userid) VALUES (377, 364);
INSERT INTO bookclub_members (clubid, userid) VALUES (377, 173);
INSERT INTO bookclub_members (clubid, userid) VALUES (377, 20);
INSERT INTO bookclub_members (clubid, userid) VALUES (377, 21);
INSERT INTO bookclub_members (clubid, userid) VALUES (377, 375);
INSERT INTO bookclub_members (clubid, userid) VALUES (377, 280);
INSERT INTO bookclub_members (clubid, userid) VALUES (377, 251);
INSERT INTO bookclub_members (clubid, userid) VALUES (377, 156);
INSERT INTO bookclub_members (clubid, userid) VALUES (377, 157);
INSERT INTO bookclub_members (clubid, userid) VALUES (377, 191);
INSERT INTO bookclub_reads (clubid, bookid, start_date, end_date, is_current) VALUES (377, 406, '2025-07-02', '2025-08-14', TRUE);
INSERT INTO bookclub_reads (clubid, bookid, start_date, end_date, is_current) VALUES (377, 404, '2025-06-26', '2025-08-08', TRUE);
INSERT INTO bookclub_reads (clubid, bookid, start_date, end_date, is_current) VALUES (377, 151, '2025-04-07', '2025-05-07', FALSE);
INSERT INTO bookclub_reads (clubid, bookid, start_date, end_date, is_current) VALUES (377, 416, '2025-05-04', '2025-06-03', FALSE);
INSERT INTO bookclub_reads (clubid, bookid, start_date, end_date, is_current) VALUES (377, 418, '2025-01-03', '2025-02-02', FALSE);
INSERT INTO bookclub_reads (clubid, bookid, start_date, end_date, is_current) VALUES (377, 665, '2025-02-03', '2025-03-05', FALSE);
INSERT INTO bookclub_reads (clubid, bookid, start_date, end_date, is_current) VALUES (377, 138, '2025-03-31', '2025-04-30', FALSE);
INSERT INTO bookclub_reads (clubid, bookid, start_date, end_date, is_current) VALUES (377, 1059, '2025-05-06', '2025-06-05', FALSE);
INSERT INTO bookclub_reads (clubid, bookid, start_date, end_date, is_current) VALUES (377, 166, '2024-12-29', '2025-01-28', FALSE);
INSERT INTO bookclub_reads (clubid, bookid, start_date, end_date, is_current) VALUES (377, 871, '2024-12-30', '2025-01-29', FALSE);
INSERT INTO bookclub_reads (clubid, bookid, start_date, end_date, is_current) VALUES (377, 425, '2025-06-01', '2025-07-01', FALSE);
INSERT INTO bookclub_reads (clubid, bookid, start_date, end_date, is_current) VALUES (377, 94, '2025-02-04', '2025-03-06', FALSE);
INSERT INTO bookclub_reads (clubid, bookid, start_date, end_date, is_current) VALUES (377, 421, '2025-02-14', '2025-03-16', FALSE);
INSERT INTO bookclub_reads (clubid, bookid, start_date, end_date, is_current) VALUES (377, 797, '2025-04-06', '2025-05-06', FALSE);
INSERT INTO bookclub_reads (clubid, bookid, start_date, end_date, is_current) VALUES (377, 68, '2025-03-11', '2025-04-10', FALSE);
INSERT INTO bookclub_reads (clubid, bookid, start_date, end_date, is_current) VALUES (377, 822, '2025-03-22', '2025-04-21', FALSE);

INSERT INTO bookclubs (clubid, name, description, max_members) VALUES (378, 'Book Club 11', 'This is the description for Book Club 11.', 20);
INSERT INTO bookclub_creators (clubid, userid) VALUES (378, 88);
INSERT INTO bookclub_members (clubid, userid) VALUES (378, 439);
INSERT INTO bookclub_members (clubid, userid) VALUES (378, 193);
INSERT INTO bookclub_members (clubid, userid) VALUES (378, 358);
INSERT INTO bookclub_members (clubid, userid) VALUES (378, 296);
INSERT INTO bookclub_members (clubid, userid) VALUES (378, 88);
INSERT INTO bookclub_members (clubid, userid) VALUES (378, 235);
INSERT INTO bookclub_members (clubid, userid) VALUES (378, 48);
INSERT INTO bookclub_members (clubid, userid) VALUES (378, 307);
INSERT INTO bookclub_members (clubid, userid) VALUES (378, 276);
INSERT INTO bookclub_members (clubid, userid) VALUES (378, 149);
INSERT INTO bookclub_members (clubid, userid) VALUES (378, 404);
INSERT INTO bookclub_members (clubid, userid) VALUES (378, 375);
INSERT INTO bookclub_members (clubid, userid) VALUES (378, 152);
INSERT INTO bookclub_members (clubid, userid) VALUES (378, 26);
INSERT INTO bookclub_members (clubid, userid) VALUES (378, 59);
INSERT INTO bookclub_reads (clubid, bookid, start_date, end_date, is_current) VALUES (378, 410, '2025-06-28', '2025-08-04', TRUE);
INSERT INTO bookclub_reads (clubid, bookid, start_date, end_date, is_current) VALUES (378, 350, '2025-03-25', '2025-04-24', FALSE);
INSERT INTO bookclub_reads (clubid, bookid, start_date, end_date, is_current) VALUES (378, 31, '2025-02-28', '2025-03-30', FALSE);
INSERT INTO bookclub_reads (clubid, bookid, start_date, end_date, is_current) VALUES (378, 278, '2024-12-31', '2025-01-30', FALSE);
INSERT INTO bookclub_reads (clubid, bookid, start_date, end_date, is_current) VALUES (378, 969, '2025-04-30', '2025-05-30', FALSE);
INSERT INTO bookclub_reads (clubid, bookid, start_date, end_date, is_current) VALUES (378, 94, '2025-03-16', '2025-04-15', FALSE);
INSERT INTO bookclub_reads (clubid, bookid, start_date, end_date, is_current) VALUES (378, 1067, '2025-01-08', '2025-02-07', FALSE);
INSERT INTO bookclub_reads (clubid, bookid, start_date, end_date, is_current) VALUES (378, 201, '2025-02-03', '2025-03-05', FALSE);
INSERT INTO bookclub_reads (clubid, bookid, start_date, end_date, is_current) VALUES (378, 45, '2025-01-14', '2025-02-13', FALSE);

INSERT INTO bookclubs (clubid, name, description, max_members) VALUES (379, 'Book Club 12', 'This is the description for Book Club 12.', 19);
INSERT INTO bookclub_creators (clubid, userid) VALUES (379, 128);
INSERT INTO bookclub_members (clubid, userid) VALUES (379, 128);
INSERT INTO bookclub_members (clubid, userid) VALUES (379, 98);
INSERT INTO bookclub_members (clubid, userid) VALUES (379, 195);
INSERT INTO bookclub_members (clubid, userid) VALUES (379, 231);
INSERT INTO bookclub_members (clubid, userid) VALUES (379, 426);
INSERT INTO bookclub_members (clubid, userid) VALUES (379, 12);
INSERT INTO bookclub_members (clubid, userid) VALUES (379, 404);
INSERT INTO bookclub_members (clubid, userid) VALUES (379, 348);
INSERT INTO bookclub_reads (clubid, bookid, start_date, end_date, is_current) VALUES (379, 78, '2025-07-10', '2025-08-24', TRUE);
INSERT INTO bookclub_reads (clubid, bookid, start_date, end_date, is_current) VALUES (379, 91, '2025-06-27', '2025-08-16', TRUE);
INSERT INTO bookclub_reads (clubid, bookid, start_date, end_date, is_current) VALUES (379, 160, '2025-02-24', '2025-03-26', FALSE);
INSERT INTO bookclub_reads (clubid, bookid, start_date, end_date, is_current) VALUES (379, 869, '2025-04-18', '2025-05-18', FALSE);
INSERT INTO bookclub_reads (clubid, bookid, start_date, end_date, is_current) VALUES (379, 109, '2025-03-11', '2025-04-10', FALSE);
INSERT INTO bookclub_reads (clubid, bookid, start_date, end_date, is_current) VALUES (379, 5, '2025-01-23', '2025-02-22', FALSE);
INSERT INTO bookclub_reads (clubid, bookid, start_date, end_date, is_current) VALUES (379, 165, '2025-05-11', '2025-06-10', FALSE);
INSERT INTO bookclub_reads (clubid, bookid, start_date, end_date, is_current) VALUES (379, 481, '2025-04-30', '2025-05-30', FALSE);
INSERT INTO bookclub_reads (clubid, bookid, start_date, end_date, is_current) VALUES (379, 678, '2025-02-16', '2025-03-18', FALSE);
INSERT INTO bookclub_reads (clubid, bookid, start_date, end_date, is_current) VALUES (379, 418, '2025-04-27', '2025-05-27', FALSE);
INSERT INTO bookclub_reads (clubid, bookid, start_date, end_date, is_current) VALUES (379, 425, '2025-05-31', '2025-06-30', FALSE);
INSERT INTO bookclub_reads (clubid, bookid, start_date, end_date, is_current) VALUES (379, 177, '2025-03-10', '2025-04-09', FALSE);

INSERT INTO bookclubs (clubid, name, description, max_members) VALUES (380, 'Book Club 13', 'This is the description for Book Club 13.', 18);
INSERT INTO bookclub_creators (clubid, userid) VALUES (380, 356);
INSERT INTO bookclub_members (clubid, userid) VALUES (380, 67);
INSERT INTO bookclub_members (clubid, userid) VALUES (380, 356);
INSERT INTO bookclub_members (clubid, userid) VALUES (380, 294);
INSERT INTO bookclub_members (clubid, userid) VALUES (380, 327);
INSERT INTO bookclub_members (clubid, userid) VALUES (380, 135);
INSERT INTO bookclub_members (clubid, userid) VALUES (380, 266);
INSERT INTO bookclub_members (clubid, userid) VALUES (380, 203);
INSERT INTO bookclub_members (clubid, userid) VALUES (380, 306);
INSERT INTO bookclub_members (clubid, userid) VALUES (380, 441);
INSERT INTO bookclub_members (clubid, userid) VALUES (380, 155);
INSERT INTO bookclub_reads (clubid, bookid, start_date, end_date, is_current) VALUES (380, 330, '2025-07-13', '2025-08-03', TRUE);
INSERT INTO bookclub_reads (clubid, bookid, start_date, end_date, is_current) VALUES (380, 968, '2025-07-03', '2025-08-29', TRUE);
INSERT INTO bookclub_reads (clubid, bookid, start_date, end_date, is_current) VALUES (380, 79, '2025-07-11', '2025-08-29', TRUE);
INSERT INTO bookclub_reads (clubid, bookid, start_date, end_date, is_current) VALUES (380, 71, '2025-03-24', '2025-04-23', FALSE);
INSERT INTO bookclub_reads (clubid, bookid, start_date, end_date, is_current) VALUES (380, 12, '2025-02-06', '2025-03-08', FALSE);
INSERT INTO bookclub_reads (clubid, bookid, start_date, end_date, is_current) VALUES (380, 1090, '2024-12-23', '2025-01-22', FALSE);
INSERT INTO bookclub_reads (clubid, bookid, start_date, end_date, is_current) VALUES (380, 2, '2025-02-17', '2025-03-19', FALSE);
INSERT INTO bookclub_reads (clubid, bookid, start_date, end_date, is_current) VALUES (380, 413, '2025-06-02', '2025-07-02', FALSE);
INSERT INTO bookclub_reads (clubid, bookid, start_date, end_date, is_current) VALUES (380, 324, '2025-03-29', '2025-04-28', FALSE);
INSERT INTO bookclub_reads (clubid, bookid, start_date, end_date, is_current) VALUES (380, 466, '2025-04-05', '2025-05-05', FALSE);
INSERT INTO bookclub_reads (clubid, bookid, start_date, end_date, is_current) VALUES (380, 28, '2025-01-29', '2025-02-28', FALSE);
INSERT INTO bookclub_reads (clubid, bookid, start_date, end_date, is_current) VALUES (380, 707, '2025-03-31', '2025-04-30', FALSE);
INSERT INTO bookclub_reads (clubid, bookid, start_date, end_date, is_current) VALUES (380, 93, '2025-05-10', '2025-06-09', FALSE);
INSERT INTO bookclub_reads (clubid, bookid, start_date, end_date, is_current) VALUES (380, 68, '2025-04-10', '2025-05-10', FALSE);
INSERT INTO bookclub_reads (clubid, bookid, start_date, end_date, is_current) VALUES (380, 824, '2025-02-26', '2025-03-28', FALSE);
INSERT INTO bookclub_reads (clubid, bookid, start_date, end_date, is_current) VALUES (380, 787, '2025-04-11', '2025-05-11', FALSE);
INSERT INTO bookclub_reads (clubid, bookid, start_date, end_date, is_current) VALUES (380, 58, '2025-04-01', '2025-05-01', FALSE);

INSERT INTO bookclubs (clubid, name, description, max_members) VALUES (381, 'Book Club 14', 'This is the description for Book Club 14.', 11);
INSERT INTO bookclub_creators (clubid, userid) VALUES (381, 31);
INSERT INTO bookclub_members (clubid, userid) VALUES (381, 326);
INSERT INTO bookclub_members (clubid, userid) VALUES (381, 21);
INSERT INTO bookclub_members (clubid, userid) VALUES (381, 119);
INSERT INTO bookclub_members (clubid, userid) VALUES (381, 252);
INSERT INTO bookclub_members (clubid, userid) VALUES (381, 62);
INSERT INTO bookclub_members (clubid, userid) VALUES (381, 31);
INSERT INTO bookclub_reads (clubid, bookid, start_date, end_date, is_current) VALUES (381, 66, '2025-07-04', '2025-08-09', TRUE);
INSERT INTO bookclub_reads (clubid, bookid, start_date, end_date, is_current) VALUES (381, 96, '2025-01-29', '2025-02-28', FALSE);
INSERT INTO bookclub_reads (clubid, bookid, start_date, end_date, is_current) VALUES (381, 672, '2025-05-27', '2025-06-26', FALSE);
INSERT INTO bookclub_reads (clubid, bookid, start_date, end_date, is_current) VALUES (381, 463, '2025-02-08', '2025-03-10', FALSE);
INSERT INTO bookclub_reads (clubid, bookid, start_date, end_date, is_current) VALUES (381, 980, '2025-05-30', '2025-06-29', FALSE);
INSERT INTO bookclub_reads (clubid, bookid, start_date, end_date, is_current) VALUES (381, 288, '2025-03-15', '2025-04-14', FALSE);
INSERT INTO bookclub_reads (clubid, bookid, start_date, end_date, is_current) VALUES (381, 412, '2025-03-04', '2025-04-03', FALSE);
INSERT INTO bookclub_reads (clubid, bookid, start_date, end_date, is_current) VALUES (381, 650, '2025-04-09', '2025-05-09', FALSE);
INSERT INTO bookclub_reads (clubid, bookid, start_date, end_date, is_current) VALUES (381, 700, '2025-05-07', '2025-06-06', FALSE);
INSERT INTO bookclub_reads (clubid, bookid, start_date, end_date, is_current) VALUES (381, 539, '2025-05-23', '2025-06-22', FALSE);
INSERT INTO bookclub_reads (clubid, bookid, start_date, end_date, is_current) VALUES (381, 144, '2025-02-07', '2025-03-09', FALSE);

INSERT INTO bookclubs (clubid, name, description, max_members) VALUES (382, 'Book Club 15', 'This is the description for Book Club 15.', 9);
INSERT INTO bookclub_creators (clubid, userid) VALUES (382, 148);
INSERT INTO bookclub_members (clubid, userid) VALUES (382, 229);
INSERT INTO bookclub_members (clubid, userid) VALUES (382, 306);
INSERT INTO bookclub_members (clubid, userid) VALUES (382, 211);
INSERT INTO bookclub_members (clubid, userid) VALUES (382, 148);
INSERT INTO bookclub_members (clubid, userid) VALUES (382, 245);
INSERT INTO bookclub_members (clubid, userid) VALUES (382, 214);
INSERT INTO bookclub_members (clubid, userid) VALUES (382, 376);
INSERT INTO bookclub_reads (clubid, bookid, start_date, end_date, is_current) VALUES (382, 703, '2025-07-07', '2025-08-08', TRUE);
INSERT INTO bookclub_reads (clubid, bookid, start_date, end_date, is_current) VALUES (382, 10, '2025-07-16', '2025-08-24', TRUE);
INSERT INTO bookclub_reads (clubid, bookid, start_date, end_date, is_current) VALUES (382, 162, '2025-03-20', '2025-04-19', FALSE);
INSERT INTO bookclub_reads (clubid, bookid, start_date, end_date, is_current) VALUES (382, 409, '2025-06-06', '2025-07-06', FALSE);
INSERT INTO bookclub_reads (clubid, bookid, start_date, end_date, is_current) VALUES (382, 407, '2025-06-10', '2025-07-10', FALSE);
INSERT INTO bookclub_reads (clubid, bookid, start_date, end_date, is_current) VALUES (382, 135, '2025-01-31', '2025-03-02', FALSE);
INSERT INTO bookclub_reads (clubid, bookid, start_date, end_date, is_current) VALUES (382, 27, '2025-03-20', '2025-04-19', FALSE);
INSERT INTO bookclub_reads (clubid, bookid, start_date, end_date, is_current) VALUES (382, 420, '2025-04-13', '2025-05-13', FALSE);
INSERT INTO bookclub_reads (clubid, bookid, start_date, end_date, is_current) VALUES (382, 410, '2025-06-03', '2025-07-03', FALSE);
INSERT INTO bookclub_reads (clubid, bookid, start_date, end_date, is_current) VALUES (382, 763, '2025-03-01', '2025-03-31', FALSE);
INSERT INTO bookclub_reads (clubid, bookid, start_date, end_date, is_current) VALUES (382, 1068, '2025-06-12', '2025-07-12', FALSE);
INSERT INTO bookclub_reads (clubid, bookid, start_date, end_date, is_current) VALUES (382, 902, '2025-05-02', '2025-06-01', FALSE);
INSERT INTO bookclub_reads (clubid, bookid, start_date, end_date, is_current) VALUES (382, 249, '2025-04-17', '2025-05-17', FALSE);
INSERT INTO bookclub_reads (clubid, bookid, start_date, end_date, is_current) VALUES (382, 998, '2025-06-02', '2025-07-02', FALSE);

INSERT INTO bookclubs (clubid, name, description, max_members) VALUES (383, 'Book Club 16', 'This is the description for Book Club 16.', 5);
INSERT INTO bookclub_creators (clubid, userid) VALUES (383, 40);
INSERT INTO bookclub_members (clubid, userid) VALUES (383, 40);
INSERT INTO bookclub_members (clubid, userid) VALUES (383, 290);
INSERT INTO bookclub_members (clubid, userid) VALUES (383, 171);
INSERT INTO bookclub_members (clubid, userid) VALUES (383, 397);
INSERT INTO bookclub_reads (clubid, bookid, start_date, end_date, is_current) VALUES (383, 444, '2025-07-04', '2025-08-23', TRUE);
INSERT INTO bookclub_reads (clubid, bookid, start_date, end_date, is_current) VALUES (383, 642, '2025-06-22', '2025-08-03', TRUE);
INSERT INTO bookclub_reads (clubid, bookid, start_date, end_date, is_current) VALUES (383, 231, '2025-06-29', '2025-08-21', TRUE);
INSERT INTO bookclub_reads (clubid, bookid, start_date, end_date, is_current) VALUES (383, 759, '2025-06-09', '2025-07-09', FALSE);
INSERT INTO bookclub_reads (clubid, bookid, start_date, end_date, is_current) VALUES (383, 960, '2025-05-24', '2025-06-23', FALSE);
INSERT INTO bookclub_reads (clubid, bookid, start_date, end_date, is_current) VALUES (383, 385, '2025-01-12', '2025-02-11', FALSE);
INSERT INTO bookclub_reads (clubid, bookid, start_date, end_date, is_current) VALUES (383, 35, '2025-05-14', '2025-06-13', FALSE);
INSERT INTO bookclub_reads (clubid, bookid, start_date, end_date, is_current) VALUES (383, 2, '2024-12-21', '2025-01-20', FALSE);
INSERT INTO bookclub_reads (clubid, bookid, start_date, end_date, is_current) VALUES (383, 151, '2025-06-07', '2025-07-07', FALSE);
INSERT INTO bookclub_reads (clubid, bookid, start_date, end_date, is_current) VALUES (383, 643, '2025-02-15', '2025-03-17', FALSE);
INSERT INTO bookclub_reads (clubid, bookid, start_date, end_date, is_current) VALUES (383, 1073, '2025-03-18', '2025-04-17', FALSE);
INSERT INTO bookclub_reads (clubid, bookid, start_date, end_date, is_current) VALUES (383, 830, '2025-06-06', '2025-07-06', FALSE);

INSERT INTO bookclubs (clubid, name, description, max_members) VALUES (384, 'Book Club 17', 'This is the description for Book Club 17.', 6);
INSERT INTO bookclub_creators (clubid, userid) VALUES (384, 155);
INSERT INTO bookclub_members (clubid, userid) VALUES (384, 425);
INSERT INTO bookclub_members (clubid, userid) VALUES (384, 347);
INSERT INTO bookclub_members (clubid, userid) VALUES (384, 155);
INSERT INTO bookclub_members (clubid, userid) VALUES (384, 30);
INSERT INTO bookclub_reads (clubid, bookid, start_date, end_date, is_current) VALUES (384, 399, '2025-06-28', '2025-08-09', TRUE);
INSERT INTO bookclub_reads (clubid, bookid, start_date, end_date, is_current) VALUES (384, 292, '2025-02-10', '2025-03-12', FALSE);
INSERT INTO bookclub_reads (clubid, bookid, start_date, end_date, is_current) VALUES (384, 848, '2025-01-03', '2025-02-02', FALSE);
INSERT INTO bookclub_reads (clubid, bookid, start_date, end_date, is_current) VALUES (384, 670, '2025-06-09', '2025-07-09', FALSE);
INSERT INTO bookclub_reads (clubid, bookid, start_date, end_date, is_current) VALUES (384, 665, '2025-02-15', '2025-03-17', FALSE);
INSERT INTO bookclub_reads (clubid, bookid, start_date, end_date, is_current) VALUES (384, 154, '2025-03-15', '2025-04-14', FALSE);

INSERT INTO bookclubs (clubid, name, description, max_members) VALUES (385, 'Book Club 18', 'This is the description for Book Club 18.', 12);
INSERT INTO bookclub_creators (clubid, userid) VALUES (385, 138);
INSERT INTO bookclub_members (clubid, userid) VALUES (385, 425);
INSERT INTO bookclub_members (clubid, userid) VALUES (385, 138);
INSERT INTO bookclub_members (clubid, userid) VALUES (385, 205);
INSERT INTO bookclub_members (clubid, userid) VALUES (385, 411);
INSERT INTO bookclub_members (clubid, userid) VALUES (385, 191);
INSERT INTO bookclub_reads (clubid, bookid, start_date, end_date, is_current) VALUES (385, 58, '2025-07-13', '2025-08-30', TRUE);
INSERT INTO bookclub_reads (clubid, bookid, start_date, end_date, is_current) VALUES (385, 357, '2025-07-15', '2025-08-18', TRUE);
INSERT INTO bookclub_reads (clubid, bookid, start_date, end_date, is_current) VALUES (385, 237, '2025-03-25', '2025-04-24', FALSE);
INSERT INTO bookclub_reads (clubid, bookid, start_date, end_date, is_current) VALUES (385, 168, '2025-01-03', '2025-02-02', FALSE);
INSERT INTO bookclub_reads (clubid, bookid, start_date, end_date, is_current) VALUES (385, 1052, '2025-01-21', '2025-02-20', FALSE);
INSERT INTO bookclub_reads (clubid, bookid, start_date, end_date, is_current) VALUES (385, 117, '2025-02-10', '2025-03-12', FALSE);
INSERT INTO bookclub_reads (clubid, bookid, start_date, end_date, is_current) VALUES (385, 775, '2025-02-15', '2025-03-17', FALSE);

INSERT INTO bookclubs (clubid, name, description, max_members) VALUES (386, 'Book Club 19', 'This is the description for Book Club 19.', 6);
INSERT INTO bookclub_creators (clubid, userid) VALUES (386, 406);
INSERT INTO bookclub_members (clubid, userid) VALUES (386, 37);
INSERT INTO bookclub_members (clubid, userid) VALUES (386, 267);
INSERT INTO bookclub_members (clubid, userid) VALUES (386, 333);
INSERT INTO bookclub_members (clubid, userid) VALUES (386, 366);
INSERT INTO bookclub_members (clubid, userid) VALUES (386, 48);
INSERT INTO bookclub_members (clubid, userid) VALUES (386, 406);
INSERT INTO bookclub_reads (clubid, bookid, start_date, end_date, is_current) VALUES (386, 866, '2025-06-29', '2025-08-17', TRUE);
INSERT INTO bookclub_reads (clubid, bookid, start_date, end_date, is_current) VALUES (386, 987, '2025-07-07', '2025-08-11', TRUE);
INSERT INTO bookclub_reads (clubid, bookid, start_date, end_date, is_current) VALUES (386, 94, '2025-07-03', '2025-08-28', TRUE);
INSERT INTO bookclub_reads (clubid, bookid, start_date, end_date, is_current) VALUES (386, 245, '2025-02-09', '2025-03-11', FALSE);
INSERT INTO bookclub_reads (clubid, bookid, start_date, end_date, is_current) VALUES (386, 107, '2025-05-18', '2025-06-17', FALSE);
INSERT INTO bookclub_reads (clubid, bookid, start_date, end_date, is_current) VALUES (386, 27, '2025-01-01', '2025-01-31', FALSE);
INSERT INTO bookclub_reads (clubid, bookid, start_date, end_date, is_current) VALUES (386, 416, '2025-06-11', '2025-07-11', FALSE);
INSERT INTO bookclub_reads (clubid, bookid, start_date, end_date, is_current) VALUES (386, 929, '2025-01-31', '2025-03-02', FALSE);
INSERT INTO bookclub_reads (clubid, bookid, start_date, end_date, is_current) VALUES (386, 966, '2025-05-26', '2025-06-25', FALSE);
INSERT INTO bookclub_reads (clubid, bookid, start_date, end_date, is_current) VALUES (386, 864, '2025-04-04', '2025-05-04', FALSE);
INSERT INTO bookclub_reads (clubid, bookid, start_date, end_date, is_current) VALUES (386, 476, '2025-04-18', '2025-05-18', FALSE);
INSERT INTO bookclub_reads (clubid, bookid, start_date, end_date, is_current) VALUES (386, 539, '2025-01-23', '2025-02-22', FALSE);
INSERT INTO bookclub_reads (clubid, bookid, start_date, end_date, is_current) VALUES (386, 298, '2025-02-07', '2025-03-09', FALSE);
INSERT INTO bookclub_reads (clubid, bookid, start_date, end_date, is_current) VALUES (386, 367, '2024-12-23', '2025-01-22', FALSE);
INSERT INTO bookclub_reads (clubid, bookid, start_date, end_date, is_current) VALUES (386, 656, '2025-05-23', '2025-06-22', FALSE);

INSERT INTO bookclubs (clubid, name, description, max_members) VALUES (387, 'Book Club 20', 'This is the description for Book Club 20.', 12);
INSERT INTO bookclub_creators (clubid, userid) VALUES (387, 219);
INSERT INTO bookclub_members (clubid, userid) VALUES (387, 418);
INSERT INTO bookclub_members (clubid, userid) VALUES (387, 168);
INSERT INTO bookclub_members (clubid, userid) VALUES (387, 332);
INSERT INTO bookclub_members (clubid, userid) VALUES (387, 57);
INSERT INTO bookclub_members (clubid, userid) VALUES (387, 275);
INSERT INTO bookclub_members (clubid, userid) VALUES (387, 23);
INSERT INTO bookclub_members (clubid, userid) VALUES (387, 89);
INSERT INTO bookclub_members (clubid, userid) VALUES (387, 219);
INSERT INTO bookclub_members (clubid, userid) VALUES (387, 156);
INSERT INTO bookclub_members (clubid, userid) VALUES (387, 351);
INSERT INTO bookclub_reads (clubid, bookid, start_date, end_date, is_current) VALUES (387, 902, '2025-07-13', '2025-08-02', TRUE);
INSERT INTO bookclub_reads (clubid, bookid, start_date, end_date, is_current) VALUES (387, 871, '2025-07-11', '2025-08-28', TRUE);
INSERT INTO bookclub_reads (clubid, bookid, start_date, end_date, is_current) VALUES (387, 181, '2025-01-30', '2025-03-01', FALSE);
INSERT INTO bookclub_reads (clubid, bookid, start_date, end_date, is_current) VALUES (387, 650, '2025-02-15', '2025-03-17', FALSE);
INSERT INTO bookclub_reads (clubid, bookid, start_date, end_date, is_current) VALUES (387, 826, '2025-04-03', '2025-05-03', FALSE);
INSERT INTO bookclub_reads (clubid, bookid, start_date, end_date, is_current) VALUES (387, 333, '2025-05-16', '2025-06-15', FALSE);
INSERT INTO bookclub_reads (clubid, bookid, start_date, end_date, is_current) VALUES (387, 350, '2025-01-17', '2025-02-16', FALSE);
INSERT INTO bookclub_reads (clubid, bookid, start_date, end_date, is_current) VALUES (387, 100, '2025-04-06', '2025-05-06', FALSE);
INSERT INTO bookclub_reads (clubid, bookid, start_date, end_date, is_current) VALUES (387, 280, '2025-06-08', '2025-07-08', FALSE);
INSERT INTO bookclub_reads (clubid, bookid, start_date, end_date, is_current) VALUES (387, 816, '2025-01-01', '2025-01-31', FALSE);
INSERT INTO bookclub_reads (clubid, bookid, start_date, end_date, is_current) VALUES (387, 670, '2025-06-15', '2025-07-15', FALSE);

INSERT INTO bookclubs (clubid, name, description, max_members) VALUES (388, 'Book Club 21', 'This is the description for Book Club 21.', 17);
INSERT INTO bookclub_creators (clubid, userid) VALUES (388, 270);
INSERT INTO bookclub_members (clubid, userid) VALUES (388, 354);
INSERT INTO bookclub_members (clubid, userid) VALUES (388, 71);
INSERT INTO bookclub_members (clubid, userid) VALUES (388, 360);
INSERT INTO bookclub_members (clubid, userid) VALUES (388, 137);
INSERT INTO bookclub_members (clubid, userid) VALUES (388, 299);
INSERT INTO bookclub_members (clubid, userid) VALUES (388, 236);
INSERT INTO bookclub_members (clubid, userid) VALUES (388, 237);
INSERT INTO bookclub_members (clubid, userid) VALUES (388, 44);
INSERT INTO bookclub_members (clubid, userid) VALUES (388, 270);
INSERT INTO bookclub_members (clubid, userid) VALUES (388, 432);
INSERT INTO bookclub_members (clubid, userid) VALUES (388, 81);
INSERT INTO bookclub_members (clubid, userid) VALUES (388, 150);
INSERT INTO bookclub_members (clubid, userid) VALUES (388, 408);
INSERT INTO bookclub_members (clubid, userid) VALUES (388, 185);
INSERT INTO bookclub_members (clubid, userid) VALUES (388, 218);
INSERT INTO bookclub_members (clubid, userid) VALUES (388, 60);
INSERT INTO bookclub_reads (clubid, bookid, start_date, end_date, is_current) VALUES (388, 382, '2025-07-16', '2025-08-10', TRUE);
INSERT INTO bookclub_reads (clubid, bookid, start_date, end_date, is_current) VALUES (388, 213, '2025-07-16', '2025-08-05', TRUE);
INSERT INTO bookclub_reads (clubid, bookid, start_date, end_date, is_current) VALUES (388, 355, '2025-06-26', '2025-08-19', TRUE);
INSERT INTO bookclub_reads (clubid, bookid, start_date, end_date, is_current) VALUES (388, 155, '2025-06-14', '2025-07-14', FALSE);
INSERT INTO bookclub_reads (clubid, bookid, start_date, end_date, is_current) VALUES (388, 25, '2025-05-08', '2025-06-07', FALSE);
INSERT INTO bookclub_reads (clubid, bookid, start_date, end_date, is_current) VALUES (388, 868, '2025-05-23', '2025-06-22', FALSE);
INSERT INTO bookclub_reads (clubid, bookid, start_date, end_date, is_current) VALUES (388, 414, '2025-02-09', '2025-03-11', FALSE);
INSERT INTO bookclub_reads (clubid, bookid, start_date, end_date, is_current) VALUES (388, 765, '2025-04-05', '2025-05-05', FALSE);
INSERT INTO bookclub_reads (clubid, bookid, start_date, end_date, is_current) VALUES (388, 385, '2025-05-17', '2025-06-16', FALSE);
INSERT INTO bookclub_reads (clubid, bookid, start_date, end_date, is_current) VALUES (388, 793, '2025-04-18', '2025-05-18', FALSE);
INSERT INTO bookclub_reads (clubid, bookid, start_date, end_date, is_current) VALUES (388, 69, '2024-12-21', '2025-01-20', FALSE);
INSERT INTO bookclub_reads (clubid, bookid, start_date, end_date, is_current) VALUES (388, 81, '2025-05-10', '2025-06-09', FALSE);
INSERT INTO bookclub_reads (clubid, bookid, start_date, end_date, is_current) VALUES (388, 1090, '2025-02-24', '2025-03-26', FALSE);
INSERT INTO bookclub_reads (clubid, bookid, start_date, end_date, is_current) VALUES (388, 539, '2024-12-30', '2025-01-29', FALSE);
INSERT INTO bookclub_reads (clubid, bookid, start_date, end_date, is_current) VALUES (388, 107, '2025-05-14', '2025-06-13', FALSE);

INSERT INTO bookclubs (clubid, name, description, max_members) VALUES (389, 'Book Club 22', 'This is the description for Book Club 22.', 15);
INSERT INTO bookclub_creators (clubid, userid) VALUES (389, 157);
INSERT INTO bookclub_members (clubid, userid) VALUES (389, 324);
INSERT INTO bookclub_members (clubid, userid) VALUES (389, 168);
INSERT INTO bookclub_members (clubid, userid) VALUES (389, 138);
INSERT INTO bookclub_members (clubid, userid) VALUES (389, 74);
INSERT INTO bookclub_members (clubid, userid) VALUES (389, 339);
INSERT INTO bookclub_members (clubid, userid) VALUES (389, 179);
INSERT INTO bookclub_members (clubid, userid) VALUES (389, 119);
INSERT INTO bookclub_members (clubid, userid) VALUES (389, 376);
INSERT INTO bookclub_members (clubid, userid) VALUES (389, 157);
INSERT INTO bookclub_reads (clubid, bookid, start_date, end_date, is_current) VALUES (389, 157, '2025-06-17', '2025-08-24', TRUE);
INSERT INTO bookclub_reads (clubid, bookid, start_date, end_date, is_current) VALUES (389, 597, '2025-06-29', '2025-08-06', TRUE);
INSERT INTO bookclub_reads (clubid, bookid, start_date, end_date, is_current) VALUES (389, 834, '2025-06-23', '2025-08-16', TRUE);
INSERT INTO bookclub_reads (clubid, bookid, start_date, end_date, is_current) VALUES (389, 362, '2025-02-12', '2025-03-14', FALSE);
INSERT INTO bookclub_reads (clubid, bookid, start_date, end_date, is_current) VALUES (389, 822, '2025-02-05', '2025-03-07', FALSE);
INSERT INTO bookclub_reads (clubid, bookid, start_date, end_date, is_current) VALUES (389, 231, '2025-01-24', '2025-02-23', FALSE);
INSERT INTO bookclub_reads (clubid, bookid, start_date, end_date, is_current) VALUES (389, 477, '2025-06-05', '2025-07-05', FALSE);
INSERT INTO bookclub_reads (clubid, bookid, start_date, end_date, is_current) VALUES (389, 291, '2025-06-14', '2025-07-14', FALSE);
INSERT INTO bookclub_reads (clubid, bookid, start_date, end_date, is_current) VALUES (389, 944, '2025-03-21', '2025-04-20', FALSE);
INSERT INTO bookclub_reads (clubid, bookid, start_date, end_date, is_current) VALUES (389, 91, '2025-01-29', '2025-02-28', FALSE);
INSERT INTO bookclub_reads (clubid, bookid, start_date, end_date, is_current) VALUES (389, 428, '2025-06-06', '2025-07-06', FALSE);
INSERT INTO bookclub_reads (clubid, bookid, start_date, end_date, is_current) VALUES (389, 444, '2025-04-09', '2025-05-09', FALSE);
INSERT INTO bookclub_reads (clubid, bookid, start_date, end_date, is_current) VALUES (389, 869, '2024-12-29', '2025-01-28', FALSE);
INSERT INTO bookclub_reads (clubid, bookid, start_date, end_date, is_current) VALUES (389, 160, '2025-01-20', '2025-02-19', FALSE);
INSERT INTO bookclub_reads (clubid, bookid, start_date, end_date, is_current) VALUES (389, 69, '2025-02-28', '2025-03-30', FALSE);
INSERT INTO bookclub_reads (clubid, bookid, start_date, end_date, is_current) VALUES (389, 771, '2025-01-07', '2025-02-06', FALSE);

INSERT INTO bookclubs (clubid, name, description, max_members) VALUES (390, 'Book Club 23', 'This is the description for Book Club 23.', 12);
INSERT INTO bookclub_creators (clubid, userid) VALUES (390, 47);
INSERT INTO bookclub_members (clubid, userid) VALUES (390, 425);
INSERT INTO bookclub_members (clubid, userid) VALUES (390, 47);
INSERT INTO bookclub_members (clubid, userid) VALUES (390, 179);
INSERT INTO bookclub_members (clubid, userid) VALUES (390, 405);
INSERT INTO bookclub_members (clubid, userid) VALUES (390, 409);
INSERT INTO bookclub_reads (clubid, bookid, start_date, end_date, is_current) VALUES (390, 253, '2025-07-04', '2025-08-13', TRUE);
INSERT INTO bookclub_reads (clubid, bookid, start_date, end_date, is_current) VALUES (390, 929, '2025-03-18', '2025-04-17', FALSE);
INSERT INTO bookclub_reads (clubid, bookid, start_date, end_date, is_current) VALUES (390, 157, '2025-01-18', '2025-02-17', FALSE);
INSERT INTO bookclub_reads (clubid, bookid, start_date, end_date, is_current) VALUES (390, 2, '2025-05-07', '2025-06-06', FALSE);
INSERT INTO bookclub_reads (clubid, bookid, start_date, end_date, is_current) VALUES (390, 117, '2025-02-08', '2025-03-10', FALSE);
INSERT INTO bookclub_reads (clubid, bookid, start_date, end_date, is_current) VALUES (390, 475, '2025-03-03', '2025-04-02', FALSE);
INSERT INTO bookclub_reads (clubid, bookid, start_date, end_date, is_current) VALUES (390, 290, '2025-01-31', '2025-03-02', FALSE);

INSERT INTO bookclubs (clubid, name, description, max_members) VALUES (391, 'Book Club 24', 'This is the description for Book Club 24.', 6);
INSERT INTO bookclub_creators (clubid, userid) VALUES (391, 328);
INSERT INTO bookclub_members (clubid, userid) VALUES (391, 328);
INSERT INTO bookclub_members (clubid, userid) VALUES (391, 406);
INSERT INTO bookclub_members (clubid, userid) VALUES (391, 158);
INSERT INTO bookclub_reads (clubid, bookid, start_date, end_date, is_current) VALUES (391, 446, '2025-06-20', '2025-08-31', TRUE);
INSERT INTO bookclub_reads (clubid, bookid, start_date, end_date, is_current) VALUES (391, 377, '2025-06-13', '2025-07-13', FALSE);
INSERT INTO bookclub_reads (clubid, bookid, start_date, end_date, is_current) VALUES (391, 538, '2025-02-27', '2025-03-29', FALSE);
INSERT INTO bookclub_reads (clubid, bookid, start_date, end_date, is_current) VALUES (391, 865, '2025-05-15', '2025-06-14', FALSE);
INSERT INTO bookclub_reads (clubid, bookid, start_date, end_date, is_current) VALUES (391, 117, '2025-05-19', '2025-06-18', FALSE);
INSERT INTO bookclub_reads (clubid, bookid, start_date, end_date, is_current) VALUES (391, 34, '2025-06-11', '2025-07-11', FALSE);
INSERT INTO bookclub_reads (clubid, bookid, start_date, end_date, is_current) VALUES (391, 703, '2025-03-08', '2025-04-07', FALSE);
INSERT INTO bookclub_reads (clubid, bookid, start_date, end_date, is_current) VALUES (391, 418, '2024-12-30', '2025-01-29', FALSE);
INSERT INTO bookclub_reads (clubid, bookid, start_date, end_date, is_current) VALUES (391, 826, '2025-02-08', '2025-03-10', FALSE);
INSERT INTO bookclub_reads (clubid, bookid, start_date, end_date, is_current) VALUES (391, 129, '2025-01-28', '2025-02-27', FALSE);

INSERT INTO bookclubs (clubid, name, description, max_members) VALUES (392, 'Book Club 25', 'This is the description for Book Club 25.', 11);
INSERT INTO bookclub_creators (clubid, userid) VALUES (392, 4);
INSERT INTO bookclub_members (clubid, userid) VALUES (392, 4);
INSERT INTO bookclub_members (clubid, userid) VALUES (392, 71);
INSERT INTO bookclub_members (clubid, userid) VALUES (392, 74);
INSERT INTO bookclub_members (clubid, userid) VALUES (392, 77);
INSERT INTO bookclub_members (clubid, userid) VALUES (392, 142);
INSERT INTO bookclub_members (clubid, userid) VALUES (392, 377);
INSERT INTO bookclub_members (clubid, userid) VALUES (392, 284);
INSERT INTO bookclub_members (clubid, userid) VALUES (392, 381);
INSERT INTO bookclub_reads (clubid, bookid, start_date, end_date, is_current) VALUES (392, 350, '2025-06-21', '2025-08-11', TRUE);
INSERT INTO bookclub_reads (clubid, bookid, start_date, end_date, is_current) VALUES (392, 99, '2025-07-03', '2025-08-03', TRUE);
INSERT INTO bookclub_reads (clubid, bookid, start_date, end_date, is_current) VALUES (392, 977, '2025-04-22', '2025-05-22', FALSE);
INSERT INTO bookclub_reads (clubid, bookid, start_date, end_date, is_current) VALUES (392, 91, '2025-04-22', '2025-05-22', FALSE);
INSERT INTO bookclub_reads (clubid, bookid, start_date, end_date, is_current) VALUES (392, 424, '2025-03-25', '2025-04-24', FALSE);
INSERT INTO bookclub_reads (clubid, bookid, start_date, end_date, is_current) VALUES (392, 672, '2025-05-21', '2025-06-20', FALSE);
INSERT INTO bookclub_reads (clubid, bookid, start_date, end_date, is_current) VALUES (392, 497, '2025-06-07', '2025-07-07', FALSE);
INSERT INTO bookclub_reads (clubid, bookid, start_date, end_date, is_current) VALUES (392, 960, '2024-12-29', '2025-01-28', FALSE);

INSERT INTO bookclubs (clubid, name, description, max_members) VALUES (393, 'Book Club 26', 'This is the description for Book Club 26.', 18);
INSERT INTO bookclub_creators (clubid, userid) VALUES (393, 83);
INSERT INTO bookclub_members (clubid, userid) VALUES (393, 64);
INSERT INTO bookclub_members (clubid, userid) VALUES (393, 384);
INSERT INTO bookclub_members (clubid, userid) VALUES (393, 83);
INSERT INTO bookclub_members (clubid, userid) VALUES (393, 180);
INSERT INTO bookclub_members (clubid, userid) VALUES (393, 121);
INSERT INTO bookclub_members (clubid, userid) VALUES (393, 346);
INSERT INTO bookclub_reads (clubid, bookid, start_date, end_date, is_current) VALUES (393, 168, '2025-07-06', '2025-08-12', TRUE);
INSERT INTO bookclub_reads (clubid, bookid, start_date, end_date, is_current) VALUES (393, 675, '2025-03-13', '2025-04-12', FALSE);
INSERT INTO bookclub_reads (clubid, bookid, start_date, end_date, is_current) VALUES (393, 295, '2025-05-04', '2025-06-03', FALSE);
INSERT INTO bookclub_reads (clubid, bookid, start_date, end_date, is_current) VALUES (393, 83, '2025-04-07', '2025-05-07', FALSE);
INSERT INTO bookclub_reads (clubid, bookid, start_date, end_date, is_current) VALUES (393, 385, '2025-05-16', '2025-06-15', FALSE);
INSERT INTO bookclub_reads (clubid, bookid, start_date, end_date, is_current) VALUES (393, 159, '2025-02-17', '2025-03-19', FALSE);
INSERT INTO bookclub_reads (clubid, bookid, start_date, end_date, is_current) VALUES (393, 132, '2025-01-02', '2025-02-01', FALSE);
INSERT INTO bookclub_reads (clubid, bookid, start_date, end_date, is_current) VALUES (393, 873, '2025-05-04', '2025-06-03', FALSE);
INSERT INTO bookclub_reads (clubid, bookid, start_date, end_date, is_current) VALUES (393, 165, '2025-02-12', '2025-03-14', FALSE);
INSERT INTO bookclub_reads (clubid, bookid, start_date, end_date, is_current) VALUES (393, 426, '2025-01-22', '2025-02-21', FALSE);

INSERT INTO bookclubs (clubid, name, description, max_members) VALUES (394, 'Book Club 27', 'This is the description for Book Club 27.', 18);
INSERT INTO bookclub_creators (clubid, userid) VALUES (394, 275);
INSERT INTO bookclub_members (clubid, userid) VALUES (394, 192);
INSERT INTO bookclub_members (clubid, userid) VALUES (394, 43);
INSERT INTO bookclub_members (clubid, userid) VALUES (394, 50);
INSERT INTO bookclub_members (clubid, userid) VALUES (394, 275);
INSERT INTO bookclub_members (clubid, userid) VALUES (394, 89);
INSERT INTO bookclub_reads (clubid, bookid, start_date, end_date, is_current) VALUES (394, 969, '2025-06-21', '2025-08-06', TRUE);
INSERT INTO bookclub_reads (clubid, bookid, start_date, end_date, is_current) VALUES (394, 1090, '2025-07-14', '2025-08-09', TRUE);
INSERT INTO bookclub_reads (clubid, bookid, start_date, end_date, is_current) VALUES (394, 707, '2025-04-22', '2025-05-22', FALSE);
INSERT INTO bookclub_reads (clubid, bookid, start_date, end_date, is_current) VALUES (394, 280, '2025-03-27', '2025-04-26', FALSE);
INSERT INTO bookclub_reads (clubid, bookid, start_date, end_date, is_current) VALUES (394, 828, '2025-02-23', '2025-03-25', FALSE);
INSERT INTO bookclub_reads (clubid, bookid, start_date, end_date, is_current) VALUES (394, 435, '2024-12-28', '2025-01-27', FALSE);
INSERT INTO bookclub_reads (clubid, bookid, start_date, end_date, is_current) VALUES (394, 292, '2025-04-20', '2025-05-20', FALSE);

INSERT INTO bookclubs (clubid, name, description, max_members) VALUES (395, 'Book Club 28', 'This is the description for Book Club 28.', 6);
INSERT INTO bookclub_creators (clubid, userid) VALUES (395, 205);
INSERT INTO bookclub_members (clubid, userid) VALUES (395, 145);
INSERT INTO bookclub_members (clubid, userid) VALUES (395, 205);
INSERT INTO bookclub_members (clubid, userid) VALUES (395, 135);
INSERT INTO bookclub_reads (clubid, bookid, start_date, end_date, is_current) VALUES (395, 152, '2025-07-05', '2025-08-22', TRUE);
INSERT INTO bookclub_reads (clubid, bookid, start_date, end_date, is_current) VALUES (395, 313, '2025-07-14', '2025-08-03', TRUE);
INSERT INTO bookclub_reads (clubid, bookid, start_date, end_date, is_current) VALUES (395, 250, '2025-06-13', '2025-07-13', FALSE);
INSERT INTO bookclub_reads (clubid, bookid, start_date, end_date, is_current) VALUES (395, 890, '2025-05-18', '2025-06-17', FALSE);
INSERT INTO bookclub_reads (clubid, bookid, start_date, end_date, is_current) VALUES (395, 864, '2025-01-14', '2025-02-13', FALSE);
INSERT INTO bookclub_reads (clubid, bookid, start_date, end_date, is_current) VALUES (395, 707, '2025-03-25', '2025-04-24', FALSE);
INSERT INTO bookclub_reads (clubid, bookid, start_date, end_date, is_current) VALUES (395, 965, '2025-02-15', '2025-03-17', FALSE);

INSERT INTO bookclubs (clubid, name, description, max_members) VALUES (396, 'Book Club 29', 'This is the description for Book Club 29.', 14);
INSERT INTO bookclub_creators (clubid, userid) VALUES (396, 388);
INSERT INTO bookclub_members (clubid, userid) VALUES (396, 65);
INSERT INTO bookclub_members (clubid, userid) VALUES (396, 388);
INSERT INTO bookclub_members (clubid, userid) VALUES (396, 102);
INSERT INTO bookclub_members (clubid, userid) VALUES (396, 104);
INSERT INTO bookclub_members (clubid, userid) VALUES (396, 200);
INSERT INTO bookclub_members (clubid, userid) VALUES (396, 267);
INSERT INTO bookclub_members (clubid, userid) VALUES (396, 125);
INSERT INTO bookclub_members (clubid, userid) VALUES (396, 413);
INSERT INTO bookclub_reads (clubid, bookid, start_date, end_date, is_current) VALUES (396, 151, '2025-07-02', '2025-08-19', TRUE);
INSERT INTO bookclub_reads (clubid, bookid, start_date, end_date, is_current) VALUES (396, 675, '2025-03-11', '2025-04-10', FALSE);
INSERT INTO bookclub_reads (clubid, bookid, start_date, end_date, is_current) VALUES (396, 930, '2025-02-11', '2025-03-13', FALSE);
INSERT INTO bookclub_reads (clubid, bookid, start_date, end_date, is_current) VALUES (396, 842, '2025-02-25', '2025-03-27', FALSE);
INSERT INTO bookclub_reads (clubid, bookid, start_date, end_date, is_current) VALUES (396, 160, '2025-05-30', '2025-06-29', FALSE);
INSERT INTO bookclub_reads (clubid, bookid, start_date, end_date, is_current) VALUES (396, 137, '2025-01-16', '2025-02-15', FALSE);
INSERT INTO bookclub_reads (clubid, bookid, start_date, end_date, is_current) VALUES (396, 142, '2025-02-10', '2025-03-12', FALSE);
INSERT INTO bookclub_reads (clubid, bookid, start_date, end_date, is_current) VALUES (396, 324, '2025-02-18', '2025-03-20', FALSE);
INSERT INTO bookclub_reads (clubid, bookid, start_date, end_date, is_current) VALUES (396, 354, '2025-03-23', '2025-04-22', FALSE);

INSERT INTO bookclubs (clubid, name, description, max_members) VALUES (397, 'Book Club 30', 'This is the description for Book Club 30.', 20);
INSERT INTO bookclub_creators (clubid, userid) VALUES (397, 143);
INSERT INTO bookclub_members (clubid, userid) VALUES (397, 65);
INSERT INTO bookclub_members (clubid, userid) VALUES (397, 323);
INSERT INTO bookclub_members (clubid, userid) VALUES (397, 262);
INSERT INTO bookclub_members (clubid, userid) VALUES (397, 47);
INSERT INTO bookclub_members (clubid, userid) VALUES (397, 368);
INSERT INTO bookclub_members (clubid, userid) VALUES (397, 143);
INSERT INTO bookclub_members (clubid, userid) VALUES (397, 50);
INSERT INTO bookclub_members (clubid, userid) VALUES (397, 307);
INSERT INTO bookclub_members (clubid, userid) VALUES (397, 222);
INSERT INTO bookclub_members (clubid, userid) VALUES (397, 277);
INSERT INTO bookclub_members (clubid, userid) VALUES (397, 309);
INSERT INTO bookclub_members (clubid, userid) VALUES (397, 341);
INSERT INTO bookclub_members (clubid, userid) VALUES (397, 24);
INSERT INTO bookclub_members (clubid, userid) VALUES (397, 121);
INSERT INTO bookclub_members (clubid, userid) VALUES (397, 90);
INSERT INTO bookclub_members (clubid, userid) VALUES (397, 285);
INSERT INTO bookclub_members (clubid, userid) VALUES (397, 414);
INSERT INTO bookclub_members (clubid, userid) VALUES (397, 191);
INSERT INTO bookclub_reads (clubid, bookid, start_date, end_date, is_current) VALUES (397, 771, '2025-06-20', '2025-08-07', TRUE);
INSERT INTO bookclub_reads (clubid, bookid, start_date, end_date, is_current) VALUES (397, 164, '2025-06-19', '2025-08-07', TRUE);
INSERT INTO bookclub_reads (clubid, bookid, start_date, end_date, is_current) VALUES (397, 539, '2025-03-03', '2025-04-02', FALSE);
INSERT INTO bookclub_reads (clubid, bookid, start_date, end_date, is_current) VALUES (397, 888, '2025-03-28', '2025-04-27', FALSE);
INSERT INTO bookclub_reads (clubid, bookid, start_date, end_date, is_current) VALUES (397, 8, '2025-05-22', '2025-06-21', FALSE);
INSERT INTO bookclub_reads (clubid, bookid, start_date, end_date, is_current) VALUES (397, 426, '2025-01-15', '2025-02-14', FALSE);
INSERT INTO bookclub_reads (clubid, bookid, start_date, end_date, is_current) VALUES (397, 787, '2024-12-31', '2025-01-30', FALSE);
INSERT INTO bookclub_reads (clubid, bookid, start_date, end_date, is_current) VALUES (397, 538, '2025-01-06', '2025-02-05', FALSE);
INSERT INTO bookclub_reads (clubid, bookid, start_date, end_date, is_current) VALUES (397, 14, '2025-04-21', '2025-05-21', FALSE);
INSERT INTO bookclub_reads (clubid, bookid, start_date, end_date, is_current) VALUES (397, 865, '2025-02-01', '2025-03-03', FALSE);
INSERT INTO bookclub_reads (clubid, bookid, start_date, end_date, is_current) VALUES (397, 250, '2025-02-18', '2025-03-20', FALSE);
INSERT INTO bookclub_reads (clubid, bookid, start_date, end_date, is_current) VALUES (397, 131, '2025-04-15', '2025-05-15', FALSE);
INSERT INTO bookclub_reads (clubid, bookid, start_date, end_date, is_current) VALUES (397, 72, '2025-01-11', '2025-02-10', FALSE);
INSERT INTO bookclub_reads (clubid, bookid, start_date, end_date, is_current) VALUES (397, 672, '2025-05-16', '2025-06-15', FALSE);

INSERT INTO bookclubs (clubid, name, description, max_members) VALUES (398, 'Book Club 31', 'This is the description for Book Club 31.', 9);
INSERT INTO bookclub_creators (clubid, userid) VALUES (398, 324);
INSERT INTO bookclub_members (clubid, userid) VALUES (398, 324);
INSERT INTO bookclub_members (clubid, userid) VALUES (398, 139);
INSERT INTO bookclub_members (clubid, userid) VALUES (398, 43);
INSERT INTO bookclub_members (clubid, userid) VALUES (398, 239);
INSERT INTO bookclub_members (clubid, userid) VALUES (398, 181);
INSERT INTO bookclub_members (clubid, userid) VALUES (398, 88);
INSERT INTO bookclub_members (clubid, userid) VALUES (398, 89);
INSERT INTO bookclub_members (clubid, userid) VALUES (398, 123);
INSERT INTO bookclub_members (clubid, userid) VALUES (398, 348);
INSERT INTO bookclub_reads (clubid, bookid, start_date, end_date, is_current) VALUES (398, 524, '2025-07-08', '2025-08-01', TRUE);
INSERT INTO bookclub_reads (clubid, bookid, start_date, end_date, is_current) VALUES (398, 565, '2025-06-06', '2025-07-06', FALSE);
INSERT INTO bookclub_reads (clubid, bookid, start_date, end_date, is_current) VALUES (398, 181, '2025-05-09', '2025-06-08', FALSE);
INSERT INTO bookclub_reads (clubid, bookid, start_date, end_date, is_current) VALUES (398, 827, '2024-12-27', '2025-01-26', FALSE);
INSERT INTO bookclub_reads (clubid, bookid, start_date, end_date, is_current) VALUES (398, 356, '2025-05-27', '2025-06-26', FALSE);
INSERT INTO bookclub_reads (clubid, bookid, start_date, end_date, is_current) VALUES (398, 253, '2025-04-04', '2025-05-04', FALSE);
INSERT INTO bookclub_reads (clubid, bookid, start_date, end_date, is_current) VALUES (398, 24, '2025-01-01', '2025-01-31', FALSE);
INSERT INTO bookclub_reads (clubid, bookid, start_date, end_date, is_current) VALUES (398, 278, '2025-03-03', '2025-04-02', FALSE);
INSERT INTO bookclub_reads (clubid, bookid, start_date, end_date, is_current) VALUES (398, 835, '2025-05-29', '2025-06-28', FALSE);
INSERT INTO bookclub_reads (clubid, bookid, start_date, end_date, is_current) VALUES (398, 412, '2024-12-19', '2025-01-18', FALSE);
INSERT INTO bookclub_reads (clubid, bookid, start_date, end_date, is_current) VALUES (398, 658, '2025-03-05', '2025-04-04', FALSE);
INSERT INTO bookclub_reads (clubid, bookid, start_date, end_date, is_current) VALUES (398, 61, '2025-03-08', '2025-04-07', FALSE);
INSERT INTO bookclub_reads (clubid, bookid, start_date, end_date, is_current) VALUES (398, 152, '2025-03-02', '2025-04-01', FALSE);

INSERT INTO bookclubs (clubid, name, description, max_members) VALUES (399, 'Book Club 32', 'This is the description for Book Club 32.', 11);
INSERT INTO bookclub_creators (clubid, userid) VALUES (399, 73);
INSERT INTO bookclub_members (clubid, userid) VALUES (399, 71);
INSERT INTO bookclub_members (clubid, userid) VALUES (399, 104);
INSERT INTO bookclub_members (clubid, userid) VALUES (399, 73);
INSERT INTO bookclub_members (clubid, userid) VALUES (399, 11);
INSERT INTO bookclub_members (clubid, userid) VALUES (399, 332);
INSERT INTO bookclub_members (clubid, userid) VALUES (399, 109);
INSERT INTO bookclub_members (clubid, userid) VALUES (399, 310);
INSERT INTO bookclub_members (clubid, userid) VALUES (399, 376);
INSERT INTO bookclub_members (clubid, userid) VALUES (399, 26);
INSERT INTO bookclub_members (clubid, userid) VALUES (399, 348);
INSERT INTO bookclub_reads (clubid, bookid, start_date, end_date, is_current) VALUES (399, 289, '2025-07-09', '2025-08-23', TRUE);
INSERT INTO bookclub_reads (clubid, bookid, start_date, end_date, is_current) VALUES (399, 207, '2025-02-11', '2025-03-13', FALSE);
INSERT INTO bookclub_reads (clubid, bookid, start_date, end_date, is_current) VALUES (399, 484, '2025-03-12', '2025-04-11', FALSE);
INSERT INTO bookclub_reads (clubid, bookid, start_date, end_date, is_current) VALUES (399, 975, '2025-03-18', '2025-04-17', FALSE);
INSERT INTO bookclub_reads (clubid, bookid, start_date, end_date, is_current) VALUES (399, 24, '2025-04-09', '2025-05-09', FALSE);
INSERT INTO bookclub_reads (clubid, bookid, start_date, end_date, is_current) VALUES (399, 163, '2025-02-24', '2025-03-26', FALSE);
INSERT INTO bookclub_reads (clubid, bookid, start_date, end_date, is_current) VALUES (399, 330, '2025-05-14', '2025-06-13', FALSE);
INSERT INTO bookclub_reads (clubid, bookid, start_date, end_date, is_current) VALUES (399, 478, '2025-04-16', '2025-05-16', FALSE);
INSERT INTO bookclub_reads (clubid, bookid, start_date, end_date, is_current) VALUES (399, 139, '2025-01-03', '2025-02-02', FALSE);
INSERT INTO bookclub_reads (clubid, bookid, start_date, end_date, is_current) VALUES (399, 929, '2025-06-13', '2025-07-13', FALSE);
INSERT INTO bookclub_reads (clubid, bookid, start_date, end_date, is_current) VALUES (399, 34, '2025-02-16', '2025-03-18', FALSE);
INSERT INTO bookclub_reads (clubid, bookid, start_date, end_date, is_current) VALUES (399, 987, '2025-01-02', '2025-02-01', FALSE);

INSERT INTO bookclubs (clubid, name, description, max_members) VALUES (400, 'Book Club 33', 'This is the description for Book Club 33.', 12);
INSERT INTO bookclub_creators (clubid, userid) VALUES (400, 219);
INSERT INTO bookclub_members (clubid, userid) VALUES (400, 352);
INSERT INTO bookclub_members (clubid, userid) VALUES (400, 164);
INSERT INTO bookclub_members (clubid, userid) VALUES (400, 46);
INSERT INTO bookclub_members (clubid, userid) VALUES (400, 81);
INSERT INTO bookclub_members (clubid, userid) VALUES (400, 219);
INSERT INTO bookclub_reads (clubid, bookid, start_date, end_date, is_current) VALUES (400, 99, '2025-07-06', '2025-08-31', TRUE);
INSERT INTO bookclub_reads (clubid, bookid, start_date, end_date, is_current) VALUES (400, 156, '2025-07-12', '2025-08-28', TRUE);
INSERT INTO bookclub_reads (clubid, bookid, start_date, end_date, is_current) VALUES (400, 107, '2025-07-16', '2025-08-25', TRUE);
INSERT INTO bookclub_reads (clubid, bookid, start_date, end_date, is_current) VALUES (400, 153, '2025-03-10', '2025-04-09', FALSE);
INSERT INTO bookclub_reads (clubid, bookid, start_date, end_date, is_current) VALUES (400, 933, '2025-01-01', '2025-01-31', FALSE);
INSERT INTO bookclub_reads (clubid, bookid, start_date, end_date, is_current) VALUES (400, 91, '2025-03-13', '2025-04-12', FALSE);
INSERT INTO bookclub_reads (clubid, bookid, start_date, end_date, is_current) VALUES (400, 252, '2025-03-30', '2025-04-29', FALSE);
INSERT INTO bookclub_reads (clubid, bookid, start_date, end_date, is_current) VALUES (400, 26, '2024-12-26', '2025-01-25', FALSE);
INSERT INTO bookclub_reads (clubid, bookid, start_date, end_date, is_current) VALUES (400, 244, '2025-03-27', '2025-04-26', FALSE);
INSERT INTO bookclub_reads (clubid, bookid, start_date, end_date, is_current) VALUES (400, 966, '2025-02-25', '2025-03-27', FALSE);
INSERT INTO bookclub_reads (clubid, bookid, start_date, end_date, is_current) VALUES (400, 152, '2025-05-03', '2025-06-02', FALSE);
INSERT INTO bookclub_reads (clubid, bookid, start_date, end_date, is_current) VALUES (400, 404, '2025-05-03', '2025-06-02', FALSE);
INSERT INTO bookclub_reads (clubid, bookid, start_date, end_date, is_current) VALUES (400, 53, '2025-05-22', '2025-06-21', FALSE);
INSERT INTO bookclub_reads (clubid, bookid, start_date, end_date, is_current) VALUES (400, 888, '2024-12-25', '2025-01-24', FALSE);

INSERT INTO bookclubs (clubid, name, description, max_members) VALUES (401, 'Book Club 34', 'This is the description for Book Club 34.', 10);
INSERT INTO bookclub_creators (clubid, userid) VALUES (401, 32);
INSERT INTO bookclub_members (clubid, userid) VALUES (401, 32);
INSERT INTO bookclub_members (clubid, userid) VALUES (401, 287);
INSERT INTO bookclub_members (clubid, userid) VALUES (401, 423);
INSERT INTO bookclub_reads (clubid, bookid, start_date, end_date, is_current) VALUES (401, 37, '2025-07-14', '2025-08-17', TRUE);
INSERT INTO bookclub_reads (clubid, bookid, start_date, end_date, is_current) VALUES (401, 137, '2025-06-12', '2025-07-12', FALSE);
INSERT INTO bookclub_reads (clubid, bookid, start_date, end_date, is_current) VALUES (401, 92, '2025-06-04', '2025-07-04', FALSE);
INSERT INTO bookclub_reads (clubid, bookid, start_date, end_date, is_current) VALUES (401, 444, '2025-03-31', '2025-04-30', FALSE);
INSERT INTO bookclub_reads (clubid, bookid, start_date, end_date, is_current) VALUES (401, 386, '2025-06-16', '2025-07-16', FALSE);
INSERT INTO bookclub_reads (clubid, bookid, start_date, end_date, is_current) VALUES (401, 26, '2025-02-22', '2025-03-24', FALSE);
INSERT INTO bookclub_reads (clubid, bookid, start_date, end_date, is_current) VALUES (401, 67, '2025-03-13', '2025-04-12', FALSE);
INSERT INTO bookclub_reads (clubid, bookid, start_date, end_date, is_current) VALUES (401, 840, '2025-04-23', '2025-05-23', FALSE);
INSERT INTO bookclub_reads (clubid, bookid, start_date, end_date, is_current) VALUES (401, 432, '2025-04-01', '2025-05-01', FALSE);
INSERT INTO bookclub_reads (clubid, bookid, start_date, end_date, is_current) VALUES (401, 870, '2025-01-02', '2025-02-01', FALSE);
INSERT INTO bookclub_reads (clubid, bookid, start_date, end_date, is_current) VALUES (401, 160, '2025-06-04', '2025-07-04', FALSE);
INSERT INTO bookclub_reads (clubid, bookid, start_date, end_date, is_current) VALUES (401, 90, '2025-03-19', '2025-04-18', FALSE);
INSERT INTO bookclub_reads (clubid, bookid, start_date, end_date, is_current) VALUES (401, 834, '2025-04-03', '2025-05-03', FALSE);
INSERT INTO bookclub_reads (clubid, bookid, start_date, end_date, is_current) VALUES (401, 1090, '2025-05-04', '2025-06-03', FALSE);
INSERT INTO bookclub_reads (clubid, bookid, start_date, end_date, is_current) VALUES (401, 296, '2025-05-01', '2025-05-31', FALSE);

INSERT INTO bookclubs (clubid, name, description, max_members) VALUES (402, 'Book Club 35', 'This is the description for Book Club 35.', 15);
INSERT INTO bookclub_creators (clubid, userid) VALUES (402, 115);
INSERT INTO bookclub_members (clubid, userid) VALUES (402, 352);
INSERT INTO bookclub_members (clubid, userid) VALUES (402, 296);
INSERT INTO bookclub_members (clubid, userid) VALUES (402, 397);
INSERT INTO bookclub_members (clubid, userid) VALUES (402, 302);
INSERT INTO bookclub_members (clubid, userid) VALUES (402, 115);
INSERT INTO bookclub_members (clubid, userid) VALUES (402, 244);
INSERT INTO bookclub_members (clubid, userid) VALUES (402, 405);
INSERT INTO bookclub_members (clubid, userid) VALUES (402, 22);
INSERT INTO bookclub_members (clubid, userid) VALUES (402, 222);
INSERT INTO bookclub_reads (clubid, bookid, start_date, end_date, is_current) VALUES (402, 313, '2025-06-22', '2025-08-09', TRUE);
INSERT INTO bookclub_reads (clubid, bookid, start_date, end_date, is_current) VALUES (402, 639, '2025-06-17', '2025-08-21', TRUE);
INSERT INTO bookclub_reads (clubid, bookid, start_date, end_date, is_current) VALUES (402, 669, '2024-12-26', '2025-01-25', FALSE);
INSERT INTO bookclub_reads (clubid, bookid, start_date, end_date, is_current) VALUES (402, 201, '2025-04-27', '2025-05-27', FALSE);
INSERT INTO bookclub_reads (clubid, bookid, start_date, end_date, is_current) VALUES (402, 122, '2025-05-14', '2025-06-13', FALSE);
INSERT INTO bookclub_reads (clubid, bookid, start_date, end_date, is_current) VALUES (402, 105, '2025-04-14', '2025-05-14', FALSE);
INSERT INTO bookclub_reads (clubid, bookid, start_date, end_date, is_current) VALUES (402, 972, '2025-04-11', '2025-05-11', FALSE);
INSERT INTO bookclub_reads (clubid, bookid, start_date, end_date, is_current) VALUES (402, 570, '2025-04-11', '2025-05-11', FALSE);
INSERT INTO bookclub_reads (clubid, bookid, start_date, end_date, is_current) VALUES (402, 81, '2025-02-11', '2025-03-13', FALSE);
INSERT INTO bookclub_reads (clubid, bookid, start_date, end_date, is_current) VALUES (402, 119, '2025-05-16', '2025-06-15', FALSE);
INSERT INTO bookclub_reads (clubid, bookid, start_date, end_date, is_current) VALUES (402, 827, '2025-04-06', '2025-05-06', FALSE);
INSERT INTO bookclub_reads (clubid, bookid, start_date, end_date, is_current) VALUES (402, 285, '2024-12-27', '2025-01-26', FALSE);
INSERT INTO bookclub_reads (clubid, bookid, start_date, end_date, is_current) VALUES (402, 1090, '2025-04-06', '2025-05-06', FALSE);
INSERT INTO bookclub_reads (clubid, bookid, start_date, end_date, is_current) VALUES (402, 362, '2025-05-27', '2025-06-26', FALSE);
INSERT INTO bookclub_reads (clubid, bookid, start_date, end_date, is_current) VALUES (402, 75, '2025-04-01', '2025-05-01', FALSE);
INSERT INTO bookclub_reads (clubid, bookid, start_date, end_date, is_current) VALUES (402, 289, '2025-05-11', '2025-06-10', FALSE);
INSERT INTO bookclub_reads (clubid, bookid, start_date, end_date, is_current) VALUES (402, 966, '2025-06-05', '2025-07-05', FALSE);

INSERT INTO bookclubs (clubid, name, description, max_members) VALUES (403, 'Book Club 36', 'This is the description for Book Club 36.', 11);
INSERT INTO bookclub_creators (clubid, userid) VALUES (403, 356);
INSERT INTO bookclub_members (clubid, userid) VALUES (403, 324);
INSERT INTO bookclub_members (clubid, userid) VALUES (403, 229);
INSERT INTO bookclub_members (clubid, userid) VALUES (403, 356);
INSERT INTO bookclub_members (clubid, userid) VALUES (403, 231);
INSERT INTO bookclub_members (clubid, userid) VALUES (403, 46);
INSERT INTO bookclub_members (clubid, userid) VALUES (403, 87);
INSERT INTO bookclub_members (clubid, userid) VALUES (403, 215);
INSERT INTO bookclub_members (clubid, userid) VALUES (403, 153);
INSERT INTO bookclub_members (clubid, userid) VALUES (403, 316);
INSERT INTO bookclub_members (clubid, userid) VALUES (403, 126);
INSERT INTO bookclub_reads (clubid, bookid, start_date, end_date, is_current) VALUES (403, 12, '2025-06-20', '2025-08-03', TRUE);
INSERT INTO bookclub_reads (clubid, bookid, start_date, end_date, is_current) VALUES (403, 665, '2025-07-14', '2025-08-18', TRUE);
INSERT INTO bookclub_reads (clubid, bookid, start_date, end_date, is_current) VALUES (403, 54, '2025-01-26', '2025-02-25', FALSE);
INSERT INTO bookclub_reads (clubid, bookid, start_date, end_date, is_current) VALUES (403, 432, '2024-12-21', '2025-01-20', FALSE);
INSERT INTO bookclub_reads (clubid, bookid, start_date, end_date, is_current) VALUES (403, 848, '2025-01-24', '2025-02-23', FALSE);
INSERT INTO bookclub_reads (clubid, bookid, start_date, end_date, is_current) VALUES (403, 511, '2025-04-12', '2025-05-12', FALSE);
INSERT INTO bookclub_reads (clubid, bookid, start_date, end_date, is_current) VALUES (403, 453, '2025-03-28', '2025-04-27', FALSE);
INSERT INTO bookclub_reads (clubid, bookid, start_date, end_date, is_current) VALUES (403, 83, '2025-02-07', '2025-03-09', FALSE);
INSERT INTO bookclub_reads (clubid, bookid, start_date, end_date, is_current) VALUES (403, 1032, '2025-04-13', '2025-05-13', FALSE);
INSERT INTO bookclub_reads (clubid, bookid, start_date, end_date, is_current) VALUES (403, 61, '2025-05-06', '2025-06-05', FALSE);
INSERT INTO bookclub_reads (clubid, bookid, start_date, end_date, is_current) VALUES (403, 822, '2025-01-22', '2025-02-21', FALSE);
INSERT INTO bookclub_reads (clubid, bookid, start_date, end_date, is_current) VALUES (403, 86, '2025-05-15', '2025-06-14', FALSE);
INSERT INTO bookclub_reads (clubid, bookid, start_date, end_date, is_current) VALUES (403, 94, '2025-03-14', '2025-04-13', FALSE);
INSERT INTO bookclub_reads (clubid, bookid, start_date, end_date, is_current) VALUES (403, 406, '2025-03-23', '2025-04-22', FALSE);

INSERT INTO bookclubs (clubid, name, description, max_members) VALUES (404, 'Book Club 37', 'This is the description for Book Club 37.', 13);
INSERT INTO bookclub_creators (clubid, userid) VALUES (404, 406);
INSERT INTO bookclub_members (clubid, userid) VALUES (404, 257);
INSERT INTO bookclub_members (clubid, userid) VALUES (404, 390);
INSERT INTO bookclub_members (clubid, userid) VALUES (404, 232);
INSERT INTO bookclub_members (clubid, userid) VALUES (404, 426);
INSERT INTO bookclub_members (clubid, userid) VALUES (404, 301);
INSERT INTO bookclub_members (clubid, userid) VALUES (404, 141);
INSERT INTO bookclub_members (clubid, userid) VALUES (404, 369);
INSERT INTO bookclub_members (clubid, userid) VALUES (404, 244);
INSERT INTO bookclub_members (clubid, userid) VALUES (404, 284);
INSERT INTO bookclub_members (clubid, userid) VALUES (404, 214);
INSERT INTO bookclub_members (clubid, userid) VALUES (404, 311);
INSERT INTO bookclub_members (clubid, userid) VALUES (404, 406);
INSERT INTO bookclub_members (clubid, userid) VALUES (404, 348);
INSERT INTO bookclub_reads (clubid, bookid, start_date, end_date, is_current) VALUES (404, 330, '2025-06-22', '2025-08-10', TRUE);
INSERT INTO bookclub_reads (clubid, bookid, start_date, end_date, is_current) VALUES (404, 237, '2025-07-14', '2025-08-04', TRUE);
INSERT INTO bookclub_reads (clubid, bookid, start_date, end_date, is_current) VALUES (404, 663, '2025-01-13', '2025-02-12', FALSE);
INSERT INTO bookclub_reads (clubid, bookid, start_date, end_date, is_current) VALUES (404, 423, '2025-04-24', '2025-05-24', FALSE);
INSERT INTO bookclub_reads (clubid, bookid, start_date, end_date, is_current) VALUES (404, 109, '2025-05-12', '2025-06-11', FALSE);
INSERT INTO bookclub_reads (clubid, bookid, start_date, end_date, is_current) VALUES (404, 54, '2025-02-07', '2025-03-09', FALSE);
INSERT INTO bookclub_reads (clubid, bookid, start_date, end_date, is_current) VALUES (404, 830, '2025-04-12', '2025-05-12', FALSE);
INSERT INTO bookclub_reads (clubid, bookid, start_date, end_date, is_current) VALUES (404, 764, '2025-03-05', '2025-04-04', FALSE);
INSERT INTO bookclub_reads (clubid, bookid, start_date, end_date, is_current) VALUES (404, 295, '2025-04-28', '2025-05-28', FALSE);
INSERT INTO bookclub_reads (clubid, bookid, start_date, end_date, is_current) VALUES (404, 35, '2025-01-28', '2025-02-27', FALSE);
INSERT INTO bookclub_reads (clubid, bookid, start_date, end_date, is_current) VALUES (404, 1059, '2025-04-17', '2025-05-17', FALSE);
INSERT INTO bookclub_reads (clubid, bookid, start_date, end_date, is_current) VALUES (404, 385, '2025-02-22', '2025-03-24', FALSE);
INSERT INTO bookclub_reads (clubid, bookid, start_date, end_date, is_current) VALUES (404, 151, '2025-05-01', '2025-05-31', FALSE);
INSERT INTO bookclub_reads (clubid, bookid, start_date, end_date, is_current) VALUES (404, 291, '2025-02-13', '2025-03-15', FALSE);
INSERT INTO bookclub_reads (clubid, bookid, start_date, end_date, is_current) VALUES (404, 841, '2025-05-21', '2025-06-20', FALSE);
INSERT INTO bookclub_reads (clubid, bookid, start_date, end_date, is_current) VALUES (404, 537, '2025-01-24', '2025-02-23', FALSE);

INSERT INTO bookclubs (clubid, name, description, max_members) VALUES (405, 'Book Club 38', 'This is the description for Book Club 38.', 20);
INSERT INTO bookclub_creators (clubid, userid) VALUES (405, 95);
INSERT INTO bookclub_members (clubid, userid) VALUES (405, 65);
INSERT INTO bookclub_members (clubid, userid) VALUES (405, 162);
INSERT INTO bookclub_members (clubid, userid) VALUES (405, 43);
INSERT INTO bookclub_members (clubid, userid) VALUES (405, 215);
INSERT INTO bookclub_members (clubid, userid) VALUES (405, 95);
INSERT INTO bookclub_reads (clubid, bookid, start_date, end_date, is_current) VALUES (405, 5, '2025-07-05', '2025-08-18', TRUE);
INSERT INTO bookclub_reads (clubid, bookid, start_date, end_date, is_current) VALUES (405, 426, '2025-06-30', '2025-08-03', TRUE);
INSERT INTO bookclub_reads (clubid, bookid, start_date, end_date, is_current) VALUES (405, 980, '2025-06-09', '2025-07-09', FALSE);
INSERT INTO bookclub_reads (clubid, bookid, start_date, end_date, is_current) VALUES (405, 204, '2025-04-05', '2025-05-05', FALSE);
INSERT INTO bookclub_reads (clubid, bookid, start_date, end_date, is_current) VALUES (405, 205, '2024-12-28', '2025-01-27', FALSE);
INSERT INTO bookclub_reads (clubid, bookid, start_date, end_date, is_current) VALUES (405, 100, '2025-02-18', '2025-03-20', FALSE);
INSERT INTO bookclub_reads (clubid, bookid, start_date, end_date, is_current) VALUES (405, 385, '2024-12-30', '2025-01-29', FALSE);
INSERT INTO bookclub_reads (clubid, bookid, start_date, end_date, is_current) VALUES (405, 22, '2025-01-12', '2025-02-11', FALSE);
INSERT INTO bookclub_reads (clubid, bookid, start_date, end_date, is_current) VALUES (405, 703, '2025-06-09', '2025-07-09', FALSE);
INSERT INTO bookclub_reads (clubid, bookid, start_date, end_date, is_current) VALUES (405, 153, '2025-02-15', '2025-03-17', FALSE);
INSERT INTO bookclub_reads (clubid, bookid, start_date, end_date, is_current) VALUES (405, 944, '2025-02-14', '2025-03-16', FALSE);
INSERT INTO bookclub_reads (clubid, bookid, start_date, end_date, is_current) VALUES (405, 484, '2025-03-17', '2025-04-16', FALSE);

INSERT INTO bookclubs (clubid, name, description, max_members) VALUES (406, 'Book Club 39', 'This is the description for Book Club 39.', 16);
INSERT INTO bookclub_creators (clubid, userid) VALUES (406, 188);
INSERT INTO bookclub_members (clubid, userid) VALUES (406, 188);
INSERT INTO bookclub_members (clubid, userid) VALUES (406, 30);
INSERT INTO bookclub_members (clubid, userid) VALUES (406, 38);
INSERT INTO bookclub_members (clubid, userid) VALUES (406, 319);
INSERT INTO bookclub_reads (clubid, bookid, start_date, end_date, is_current) VALUES (406, 664, '2025-07-03', '2025-08-01', TRUE);
INSERT INTO bookclub_reads (clubid, bookid, start_date, end_date, is_current) VALUES (406, 827, '2025-07-12', '2025-08-13', TRUE);
INSERT INTO bookclub_reads (clubid, bookid, start_date, end_date, is_current) VALUES (406, 977, '2025-06-22', '2025-08-29', TRUE);
INSERT INTO bookclub_reads (clubid, bookid, start_date, end_date, is_current) VALUES (406, 10, '2025-02-04', '2025-03-06', FALSE);
INSERT INTO bookclub_reads (clubid, bookid, start_date, end_date, is_current) VALUES (406, 139, '2025-02-04', '2025-03-06', FALSE);
INSERT INTO bookclub_reads (clubid, bookid, start_date, end_date, is_current) VALUES (406, 842, '2025-03-05', '2025-04-04', FALSE);
INSERT INTO bookclub_reads (clubid, bookid, start_date, end_date, is_current) VALUES (406, 1099, '2025-04-09', '2025-05-09', FALSE);
INSERT INTO bookclub_reads (clubid, bookid, start_date, end_date, is_current) VALUES (406, 434, '2025-04-06', '2025-05-06', FALSE);

INSERT INTO bookclubs (clubid, name, description, max_members) VALUES (407, 'Book Club 40', 'This is the description for Book Club 40.', 8);
INSERT INTO bookclub_creators (clubid, userid) VALUES (407, 94);
INSERT INTO bookclub_members (clubid, userid) VALUES (407, 6);
INSERT INTO bookclub_members (clubid, userid) VALUES (407, 44);
INSERT INTO bookclub_members (clubid, userid) VALUES (407, 14);
INSERT INTO bookclub_members (clubid, userid) VALUES (407, 403);
INSERT INTO bookclub_members (clubid, userid) VALUES (407, 94);
INSERT INTO bookclub_members (clubid, userid) VALUES (407, 350);
INSERT INTO bookclub_reads (clubid, bookid, start_date, end_date, is_current) VALUES (407, 295, '2025-06-19', '2025-08-14', TRUE);
INSERT INTO bookclub_reads (clubid, bookid, start_date, end_date, is_current) VALUES (407, 208, '2025-04-30', '2025-05-30', FALSE);
INSERT INTO bookclub_reads (clubid, bookid, start_date, end_date, is_current) VALUES (407, 359, '2025-01-16', '2025-02-15', FALSE);
INSERT INTO bookclub_reads (clubid, bookid, start_date, end_date, is_current) VALUES (407, 840, '2025-02-18', '2025-03-20', FALSE);
INSERT INTO bookclub_reads (clubid, bookid, start_date, end_date, is_current) VALUES (407, 872, '2025-05-06', '2025-06-05', FALSE);
INSERT INTO bookclub_reads (clubid, bookid, start_date, end_date, is_current) VALUES (407, 597, '2025-06-10', '2025-07-10', FALSE);
INSERT INTO bookclub_reads (clubid, bookid, start_date, end_date, is_current) VALUES (407, 665, '2025-04-09', '2025-05-09', FALSE);

INSERT INTO bookclubs (clubid, name, description, max_members) VALUES (408, 'Book Club 41', 'This is the description for Book Club 41.', 11);
INSERT INTO bookclub_creators (clubid, userid) VALUES (408, 178);
INSERT INTO bookclub_members (clubid, userid) VALUES (408, 32);
INSERT INTO bookclub_members (clubid, userid) VALUES (408, 161);
INSERT INTO bookclub_members (clubid, userid) VALUES (408, 74);
INSERT INTO bookclub_members (clubid, userid) VALUES (408, 369);
INSERT INTO bookclub_members (clubid, userid) VALUES (408, 178);
INSERT INTO bookclub_members (clubid, userid) VALUES (408, 372);
INSERT INTO bookclub_members (clubid, userid) VALUES (408, 246);
INSERT INTO bookclub_members (clubid, userid) VALUES (408, 379);
INSERT INTO bookclub_reads (clubid, bookid, start_date, end_date, is_current) VALUES (408, 685, '2025-06-20', '2025-08-12', TRUE);
INSERT INTO bookclub_reads (clubid, bookid, start_date, end_date, is_current) VALUES (408, 152, '2025-07-03', '2025-08-03', TRUE);
INSERT INTO bookclub_reads (clubid, bookid, start_date, end_date, is_current) VALUES (408, 292, '2025-04-26', '2025-05-26', FALSE);
INSERT INTO bookclub_reads (clubid, bookid, start_date, end_date, is_current) VALUES (408, 153, '2025-05-26', '2025-06-25', FALSE);
INSERT INTO bookclub_reads (clubid, bookid, start_date, end_date, is_current) VALUES (408, 1007, '2025-05-31', '2025-06-30', FALSE);
INSERT INTO bookclub_reads (clubid, bookid, start_date, end_date, is_current) VALUES (408, 930, '2025-01-11', '2025-02-10', FALSE);
INSERT INTO bookclub_reads (clubid, bookid, start_date, end_date, is_current) VALUES (408, 337, '2025-02-19', '2025-03-21', FALSE);
INSERT INTO bookclub_reads (clubid, bookid, start_date, end_date, is_current) VALUES (408, 830, '2025-06-15', '2025-07-15', FALSE);
INSERT INTO bookclub_reads (clubid, bookid, start_date, end_date, is_current) VALUES (408, 1068, '2025-05-09', '2025-06-08', FALSE);
INSERT INTO bookclub_reads (clubid, bookid, start_date, end_date, is_current) VALUES (408, 766, '2025-05-29', '2025-06-28', FALSE);
INSERT INTO bookclub_reads (clubid, bookid, start_date, end_date, is_current) VALUES (408, 139, '2025-06-01', '2025-07-01', FALSE);

INSERT INTO bookclubs (clubid, name, description, max_members) VALUES (409, 'Book Club 42', 'This is the description for Book Club 42.', 12);
INSERT INTO bookclub_creators (clubid, userid) VALUES (409, 272);
INSERT INTO bookclub_members (clubid, userid) VALUES (409, 261);
INSERT INTO bookclub_members (clubid, userid) VALUES (409, 88);
INSERT INTO bookclub_members (clubid, userid) VALUES (409, 77);
INSERT INTO bookclub_members (clubid, userid) VALUES (409, 219);
INSERT INTO bookclub_members (clubid, userid) VALUES (409, 272);
INSERT INTO bookclub_members (clubid, userid) VALUES (409, 370);
INSERT INTO bookclub_members (clubid, userid) VALUES (409, 216);
INSERT INTO bookclub_members (clubid, userid) VALUES (409, 315);
INSERT INTO bookclub_reads (clubid, bookid, start_date, end_date, is_current) VALUES (409, 34, '2025-06-30', '2025-08-23', TRUE);
INSERT INTO bookclub_reads (clubid, bookid, start_date, end_date, is_current) VALUES (409, 672, '2025-07-10', '2025-08-15', TRUE);
INSERT INTO bookclub_reads (clubid, bookid, start_date, end_date, is_current) VALUES (409, 10, '2025-03-11', '2025-04-10', FALSE);
INSERT INTO bookclub_reads (clubid, bookid, start_date, end_date, is_current) VALUES (409, 403, '2025-05-24', '2025-06-23', FALSE);
INSERT INTO bookclub_reads (clubid, bookid, start_date, end_date, is_current) VALUES (409, 66, '2025-04-08', '2025-05-08', FALSE);
INSERT INTO bookclub_reads (clubid, bookid, start_date, end_date, is_current) VALUES (409, 13, '2025-03-09', '2025-04-08', FALSE);
INSERT INTO bookclub_reads (clubid, bookid, start_date, end_date, is_current) VALUES (409, 244, '2025-05-15', '2025-06-14', FALSE);
INSERT INTO bookclub_reads (clubid, bookid, start_date, end_date, is_current) VALUES (409, 466, '2025-03-26', '2025-04-25', FALSE);
INSERT INTO bookclub_reads (clubid, bookid, start_date, end_date, is_current) VALUES (409, 703, '2025-03-15', '2025-04-14', FALSE);
INSERT INTO bookclub_reads (clubid, bookid, start_date, end_date, is_current) VALUES (409, 765, '2025-06-05', '2025-07-05', FALSE);
INSERT INTO bookclub_reads (clubid, bookid, start_date, end_date, is_current) VALUES (409, 168, '2025-03-28', '2025-04-27', FALSE);
INSERT INTO bookclub_reads (clubid, bookid, start_date, end_date, is_current) VALUES (409, 662, '2025-05-10', '2025-06-09', FALSE);
INSERT INTO bookclub_reads (clubid, bookid, start_date, end_date, is_current) VALUES (409, 36, '2025-03-14', '2025-04-13', FALSE);

INSERT INTO bookclubs (clubid, name, description, max_members) VALUES (410, 'Book Club 43', 'This is the description for Book Club 43.', 5);
INSERT INTO bookclub_creators (clubid, userid) VALUES (410, 16);
INSERT INTO bookclub_members (clubid, userid) VALUES (410, 16);
INSERT INTO bookclub_members (clubid, userid) VALUES (410, 435);
INSERT INTO bookclub_members (clubid, userid) VALUES (410, 12);
INSERT INTO bookclub_reads (clubid, bookid, start_date, end_date, is_current) VALUES (410, 534, '2025-06-21', '2025-08-05', TRUE);
INSERT INTO bookclub_reads (clubid, bookid, start_date, end_date, is_current) VALUES (410, 421, '2025-02-16', '2025-03-18', FALSE);
INSERT INTO bookclub_reads (clubid, bookid, start_date, end_date, is_current) VALUES (410, 299, '2025-02-24', '2025-03-26', FALSE);
INSERT INTO bookclub_reads (clubid, bookid, start_date, end_date, is_current) VALUES (410, 665, '2025-05-15', '2025-06-14', FALSE);
INSERT INTO bookclub_reads (clubid, bookid, start_date, end_date, is_current) VALUES (410, 1078, '2025-01-30', '2025-03-01', FALSE);
INSERT INTO bookclub_reads (clubid, bookid, start_date, end_date, is_current) VALUES (410, 822, '2025-03-06', '2025-04-05', FALSE);
INSERT INTO bookclub_reads (clubid, bookid, start_date, end_date, is_current) VALUES (410, 823, '2025-03-13', '2025-04-12', FALSE);
INSERT INTO bookclub_reads (clubid, bookid, start_date, end_date, is_current) VALUES (410, 453, '2025-01-15', '2025-02-14', FALSE);
INSERT INTO bookclub_reads (clubid, bookid, start_date, end_date, is_current) VALUES (410, 313, '2025-04-23', '2025-05-23', FALSE);
INSERT INTO bookclub_reads (clubid, bookid, start_date, end_date, is_current) VALUES (410, 650, '2025-04-21', '2025-05-21', FALSE);
INSERT INTO bookclub_reads (clubid, bookid, start_date, end_date, is_current) VALUES (410, 51, '2025-04-13', '2025-05-13', FALSE);
INSERT INTO bookclub_reads (clubid, bookid, start_date, end_date, is_current) VALUES (410, 481, '2025-02-04', '2025-03-06', FALSE);
INSERT INTO bookclub_reads (clubid, bookid, start_date, end_date, is_current) VALUES (410, 285, '2025-04-21', '2025-05-21', FALSE);
INSERT INTO bookclub_reads (clubid, bookid, start_date, end_date, is_current) VALUES (410, 955, '2025-05-05', '2025-06-04', FALSE);
INSERT INTO bookclub_reads (clubid, bookid, start_date, end_date, is_current) VALUES (410, 426, '2025-04-29', '2025-05-29', FALSE);
INSERT INTO bookclub_reads (clubid, bookid, start_date, end_date, is_current) VALUES (410, 848, '2025-06-08', '2025-07-08', FALSE);

INSERT INTO bookclubs (clubid, name, description, max_members) VALUES (411, 'Book Club 44', 'This is the description for Book Club 44.', 18);
INSERT INTO bookclub_creators (clubid, userid) VALUES (411, 217);
INSERT INTO bookclub_members (clubid, userid) VALUES (411, 217);
INSERT INTO bookclub_members (clubid, userid) VALUES (411, 124);
INSERT INTO bookclub_reads (clubid, bookid, start_date, end_date, is_current) VALUES (411, 298, '2025-07-04', '2025-08-24', TRUE);
INSERT INTO bookclub_reads (clubid, bookid, start_date, end_date, is_current) VALUES (411, 834, '2025-03-12', '2025-04-11', FALSE);
INSERT INTO bookclub_reads (clubid, bookid, start_date, end_date, is_current) VALUES (411, 400, '2025-06-11', '2025-07-11', FALSE);
INSERT INTO bookclub_reads (clubid, bookid, start_date, end_date, is_current) VALUES (411, 59, '2025-05-12', '2025-06-11', FALSE);
INSERT INTO bookclub_reads (clubid, bookid, start_date, end_date, is_current) VALUES (411, 643, '2025-04-21', '2025-05-21', FALSE);
INSERT INTO bookclub_reads (clubid, bookid, start_date, end_date, is_current) VALUES (411, 75, '2025-01-04', '2025-02-03', FALSE);
INSERT INTO bookclub_reads (clubid, bookid, start_date, end_date, is_current) VALUES (411, 2, '2025-01-31', '2025-03-02', FALSE);
INSERT INTO bookclub_reads (clubid, bookid, start_date, end_date, is_current) VALUES (411, 245, '2025-05-22', '2025-06-21', FALSE);
INSERT INTO bookclub_reads (clubid, bookid, start_date, end_date, is_current) VALUES (411, 90, '2025-01-27', '2025-02-26', FALSE);
INSERT INTO bookclub_reads (clubid, bookid, start_date, end_date, is_current) VALUES (411, 497, '2025-01-18', '2025-02-17', FALSE);
INSERT INTO bookclub_reads (clubid, bookid, start_date, end_date, is_current) VALUES (411, 870, '2025-05-22', '2025-06-21', FALSE);
INSERT INTO bookclub_reads (clubid, bookid, start_date, end_date, is_current) VALUES (411, 86, '2025-04-16', '2025-05-16', FALSE);
INSERT INTO bookclub_reads (clubid, bookid, start_date, end_date, is_current) VALUES (411, 931, '2025-04-25', '2025-05-25', FALSE);
INSERT INTO bookclub_reads (clubid, bookid, start_date, end_date, is_current) VALUES (411, 45, '2025-06-10', '2025-07-10', FALSE);
INSERT INTO bookclub_reads (clubid, bookid, start_date, end_date, is_current) VALUES (411, 166, '2025-03-22', '2025-04-21', FALSE);
INSERT INTO bookclub_reads (clubid, bookid, start_date, end_date, is_current) VALUES (411, 827, '2025-03-29', '2025-04-28', FALSE);

INSERT INTO bookclubs (clubid, name, description, max_members) VALUES (412, 'Book Club 45', 'This is the description for Book Club 45.', 16);
INSERT INTO bookclub_creators (clubid, userid) VALUES (412, 183);
INSERT INTO bookclub_members (clubid, userid) VALUES (412, 225);
INSERT INTO bookclub_members (clubid, userid) VALUES (412, 292);
INSERT INTO bookclub_members (clubid, userid) VALUES (412, 388);
INSERT INTO bookclub_members (clubid, userid) VALUES (412, 196);
INSERT INTO bookclub_members (clubid, userid) VALUES (412, 134);
INSERT INTO bookclub_members (clubid, userid) VALUES (412, 104);
INSERT INTO bookclub_members (clubid, userid) VALUES (412, 141);
INSERT INTO bookclub_members (clubid, userid) VALUES (412, 430);
INSERT INTO bookclub_members (clubid, userid) VALUES (412, 183);
INSERT INTO bookclub_members (clubid, userid) VALUES (412, 409);
INSERT INTO bookclub_members (clubid, userid) VALUES (412, 25);
INSERT INTO bookclub_reads (clubid, bookid, start_date, end_date, is_current) VALUES (412, 1059, '2025-07-03', '2025-08-25', TRUE);
INSERT INTO bookclub_reads (clubid, bookid, start_date, end_date, is_current) VALUES (412, 865, '2025-02-27', '2025-03-29', FALSE);
INSERT INTO bookclub_reads (clubid, bookid, start_date, end_date, is_current) VALUES (412, 700, '2025-05-02', '2025-06-01', FALSE);
INSERT INTO bookclub_reads (clubid, bookid, start_date, end_date, is_current) VALUES (412, 68, '2025-01-27', '2025-02-26', FALSE);
INSERT INTO bookclub_reads (clubid, bookid, start_date, end_date, is_current) VALUES (412, 864, '2025-05-22', '2025-06-21', FALSE);
INSERT INTO bookclub_reads (clubid, bookid, start_date, end_date, is_current) VALUES (412, 80, '2025-02-27', '2025-03-29', FALSE);
INSERT INTO bookclub_reads (clubid, bookid, start_date, end_date, is_current) VALUES (412, 337, '2025-05-11', '2025-06-10', FALSE);
INSERT INTO bookclub_reads (clubid, bookid, start_date, end_date, is_current) VALUES (412, 81, '2025-06-10', '2025-07-10', FALSE);
INSERT INTO bookclub_reads (clubid, bookid, start_date, end_date, is_current) VALUES (412, 332, '2025-05-10', '2025-06-09', FALSE);
INSERT INTO bookclub_reads (clubid, bookid, start_date, end_date, is_current) VALUES (412, 36, '2025-04-01', '2025-05-01', FALSE);
INSERT INTO bookclub_reads (clubid, bookid, start_date, end_date, is_current) VALUES (412, 793, '2025-02-15', '2025-03-17', FALSE);
INSERT INTO bookclub_reads (clubid, bookid, start_date, end_date, is_current) VALUES (412, 599, '2025-03-08', '2025-04-07', FALSE);
INSERT INTO bookclub_reads (clubid, bookid, start_date, end_date, is_current) VALUES (412, 424, '2025-03-13', '2025-04-12', FALSE);

INSERT INTO bookclubs (clubid, name, description, max_members) VALUES (413, 'Book Club 46', 'This is the description for Book Club 46.', 6);
INSERT INTO bookclub_creators (clubid, userid) VALUES (413, 44);
INSERT INTO bookclub_members (clubid, userid) VALUES (413, 248);
INSERT INTO bookclub_members (clubid, userid) VALUES (413, 138);
INSERT INTO bookclub_members (clubid, userid) VALUES (413, 44);
INSERT INTO bookclub_members (clubid, userid) VALUES (413, 191);
INSERT INTO bookclub_reads (clubid, bookid, start_date, end_date, is_current) VALUES (413, 159, '2025-06-23', '2025-08-20', TRUE);
INSERT INTO bookclub_reads (clubid, bookid, start_date, end_date, is_current) VALUES (413, 864, '2025-07-16', '2025-08-15', TRUE);
INSERT INTO bookclub_reads (clubid, bookid, start_date, end_date, is_current) VALUES (413, 824, '2025-01-08', '2025-02-07', FALSE);
INSERT INTO bookclub_reads (clubid, bookid, start_date, end_date, is_current) VALUES (413, 534, '2025-02-01', '2025-03-03', FALSE);
INSERT INTO bookclub_reads (clubid, bookid, start_date, end_date, is_current) VALUES (413, 166, '2025-04-16', '2025-05-16', FALSE);
INSERT INTO bookclub_reads (clubid, bookid, start_date, end_date, is_current) VALUES (413, 700, '2025-02-19', '2025-03-21', FALSE);
INSERT INTO bookclub_reads (clubid, bookid, start_date, end_date, is_current) VALUES (413, 576, '2025-01-03', '2025-02-02', FALSE);

INSERT INTO bookclubs (clubid, name, description, max_members) VALUES (414, 'Book Club 47', 'This is the description for Book Club 47.', 15);
INSERT INTO bookclub_creators (clubid, userid) VALUES (414, 220);
INSERT INTO bookclub_members (clubid, userid) VALUES (414, 360);
INSERT INTO bookclub_members (clubid, userid) VALUES (414, 393);
INSERT INTO bookclub_members (clubid, userid) VALUES (414, 72);
INSERT INTO bookclub_members (clubid, userid) VALUES (414, 335);
INSERT INTO bookclub_members (clubid, userid) VALUES (414, 16);
INSERT INTO bookclub_members (clubid, userid) VALUES (414, 339);
INSERT INTO bookclub_members (clubid, userid) VALUES (414, 213);
INSERT INTO bookclub_members (clubid, userid) VALUES (414, 309);
INSERT INTO bookclub_members (clubid, userid) VALUES (414, 375);
INSERT INTO bookclub_members (clubid, userid) VALUES (414, 376);
INSERT INTO bookclub_members (clubid, userid) VALUES (414, 87);
INSERT INTO bookclub_members (clubid, userid) VALUES (414, 154);
INSERT INTO bookclub_members (clubid, userid) VALUES (414, 220);
INSERT INTO bookclub_members (clubid, userid) VALUES (414, 29);
INSERT INTO bookclub_reads (clubid, bookid, start_date, end_date, is_current) VALUES (414, 538, '2025-06-29', '2025-08-29', TRUE);
INSERT INTO bookclub_reads (clubid, bookid, start_date, end_date, is_current) VALUES (414, 675, '2025-06-08', '2025-07-08', FALSE);
INSERT INTO bookclub_reads (clubid, bookid, start_date, end_date, is_current) VALUES (414, 290, '2025-03-04', '2025-04-03', FALSE);
INSERT INTO bookclub_reads (clubid, bookid, start_date, end_date, is_current) VALUES (414, 931, '2025-05-29', '2025-06-28', FALSE);
INSERT INTO bookclub_reads (clubid, bookid, start_date, end_date, is_current) VALUES (414, 18, '2025-01-08', '2025-02-07', FALSE);
INSERT INTO bookclub_reads (clubid, bookid, start_date, end_date, is_current) VALUES (414, 446, '2025-06-09', '2025-07-09', FALSE);
INSERT INTO bookclub_reads (clubid, bookid, start_date, end_date, is_current) VALUES (414, 386, '2025-02-18', '2025-03-20', FALSE);

INSERT INTO bookclubs (clubid, name, description, max_members) VALUES (415, 'Book Club 48', 'This is the description for Book Club 48.', 13);
INSERT INTO bookclub_creators (clubid, userid) VALUES (415, 371);
INSERT INTO bookclub_members (clubid, userid) VALUES (415, 324);
INSERT INTO bookclub_members (clubid, userid) VALUES (415, 325);
INSERT INTO bookclub_members (clubid, userid) VALUES (415, 140);
INSERT INTO bookclub_members (clubid, userid) VALUES (415, 371);
INSERT INTO bookclub_members (clubid, userid) VALUES (415, 57);
INSERT INTO bookclub_reads (clubid, bookid, start_date, end_date, is_current) VALUES (415, 799, '2025-07-17', '2025-08-24', TRUE);
INSERT INTO bookclub_reads (clubid, bookid, start_date, end_date, is_current) VALUES (415, 55, '2025-01-17', '2025-02-16', FALSE);
INSERT INTO bookclub_reads (clubid, bookid, start_date, end_date, is_current) VALUES (415, 180, '2025-01-09', '2025-02-08', FALSE);
INSERT INTO bookclub_reads (clubid, bookid, start_date, end_date, is_current) VALUES (415, 869, '2025-01-29', '2025-02-28', FALSE);
INSERT INTO bookclub_reads (clubid, bookid, start_date, end_date, is_current) VALUES (415, 291, '2025-04-26', '2025-05-26', FALSE);
INSERT INTO bookclub_reads (clubid, bookid, start_date, end_date, is_current) VALUES (415, 890, '2025-02-08', '2025-03-10', FALSE);

INSERT INTO bookclubs (clubid, name, description, max_members) VALUES (416, 'Book Club 49', 'This is the description for Book Club 49.', 9);
INSERT INTO bookclub_creators (clubid, userid) VALUES (416, 125);
INSERT INTO bookclub_members (clubid, userid) VALUES (416, 345);
INSERT INTO bookclub_members (clubid, userid) VALUES (416, 125);
INSERT INTO bookclub_members (clubid, userid) VALUES (416, 166);
INSERT INTO bookclub_reads (clubid, bookid, start_date, end_date, is_current) VALUES (416, 639, '2025-07-06', '2025-08-02', TRUE);
INSERT INTO bookclub_reads (clubid, bookid, start_date, end_date, is_current) VALUES (416, 538, '2025-04-06', '2025-05-06', FALSE);
INSERT INTO bookclub_reads (clubid, bookid, start_date, end_date, is_current) VALUES (416, 415, '2025-06-10', '2025-07-10', FALSE);
INSERT INTO bookclub_reads (clubid, bookid, start_date, end_date, is_current) VALUES (416, 130, '2025-04-02', '2025-05-02', FALSE);
INSERT INTO bookclub_reads (clubid, bookid, start_date, end_date, is_current) VALUES (416, 330, '2025-03-28', '2025-04-27', FALSE);
INSERT INTO bookclub_reads (clubid, bookid, start_date, end_date, is_current) VALUES (416, 216, '2025-03-10', '2025-04-09', FALSE);
INSERT INTO bookclub_reads (clubid, bookid, start_date, end_date, is_current) VALUES (416, 821, '2025-06-07', '2025-07-07', FALSE);
INSERT INTO bookclub_reads (clubid, bookid, start_date, end_date, is_current) VALUES (416, 531, '2025-05-28', '2025-06-27', FALSE);
INSERT INTO bookclub_reads (clubid, bookid, start_date, end_date, is_current) VALUES (416, 106, '2025-02-16', '2025-03-18', FALSE);
INSERT INTO bookclub_reads (clubid, bookid, start_date, end_date, is_current) VALUES (416, 96, '2025-02-07', '2025-03-09', FALSE);

INSERT INTO bookclubs (clubid, name, description, max_members) VALUES (417, 'Book Club 50', 'This is the description for Book Club 50.', 14);
INSERT INTO bookclub_creators (clubid, userid) VALUES (417, 86);
INSERT INTO bookclub_members (clubid, userid) VALUES (417, 70);
INSERT INTO bookclub_members (clubid, userid) VALUES (417, 234);
INSERT INTO bookclub_members (clubid, userid) VALUES (417, 109);
INSERT INTO bookclub_members (clubid, userid) VALUES (417, 173);
INSERT INTO bookclub_members (clubid, userid) VALUES (417, 434);
INSERT INTO bookclub_members (clubid, userid) VALUES (417, 275);
INSERT INTO bookclub_members (clubid, userid) VALUES (417, 149);
INSERT INTO bookclub_members (clubid, userid) VALUES (417, 86);
INSERT INTO bookclub_members (clubid, userid) VALUES (417, 159);
INSERT INTO bookclub_reads (clubid, bookid, start_date, end_date, is_current) VALUES (417, 1014, '2025-07-16', '2025-08-31', TRUE);
INSERT INTO bookclub_reads (clubid, bookid, start_date, end_date, is_current) VALUES (417, 1090, '2025-07-09', '2025-08-04', TRUE);
INSERT INTO bookclub_reads (clubid, bookid, start_date, end_date, is_current) VALUES (417, 965, '2025-04-12', '2025-05-12', FALSE);
INSERT INTO bookclub_reads (clubid, bookid, start_date, end_date, is_current) VALUES (417, 36, '2024-12-28', '2025-01-27', FALSE);
INSERT INTO bookclub_reads (clubid, bookid, start_date, end_date, is_current) VALUES (417, 463, '2025-01-19', '2025-02-18', FALSE);
INSERT INTO bookclub_reads (clubid, bookid, start_date, end_date, is_current) VALUES (417, 762, '2025-02-09', '2025-03-11', FALSE);
INSERT INTO bookclub_reads (clubid, bookid, start_date, end_date, is_current) VALUES (417, 538, '2025-06-07', '2025-07-07', FALSE);
INSERT INTO bookclub_reads (clubid, bookid, start_date, end_date, is_current) VALUES (417, 332, '2025-02-10', '2025-03-12', FALSE);
INSERT INTO bookclub_reads (clubid, bookid, start_date, end_date, is_current) VALUES (417, 119, '2025-04-29', '2025-05-29', FALSE);
INSERT INTO bookclub_reads (clubid, bookid, start_date, end_date, is_current) VALUES (417, 941, '2025-04-30', '2025-05-30', FALSE);
INSERT INTO bookclub_reads (clubid, bookid, start_date, end_date, is_current) VALUES (417, 827, '2025-06-07', '2025-07-07', FALSE);
INSERT INTO bookclub_reads (clubid, bookid, start_date, end_date, is_current) VALUES (417, 168, '2025-04-03', '2025-05-03', FALSE);
INSERT INTO bookclub_reads (clubid, bookid, start_date, end_date, is_current) VALUES (417, 830, '2025-02-14', '2025-03-16', FALSE);
INSERT INTO bookclub_reads (clubid, bookid, start_date, end_date, is_current) VALUES (417, 204, '2025-03-19', '2025-04-18', FALSE);
INSERT INTO bookclub_reads (clubid, bookid, start_date, end_date, is_current) VALUES (417, 432, '2025-02-19', '2025-03-21', FALSE);
INSERT INTO bookclub_reads (clubid, bookid, start_date, end_date, is_current) VALUES (417, 177, '2025-03-07', '2025-04-06', FALSE);
INSERT INTO bookclub_reads (clubid, bookid, start_date, end_date, is_current) VALUES (417, 171, '2024-12-29', '2025-01-28', FALSE);

INSERT INTO bookclubs (clubid, name, description, max_members) VALUES (418, 'Book Club 51', 'This is the description for Book Club 51.', 8);
INSERT INTO bookclub_creators (clubid, userid) VALUES (418, 378);
INSERT INTO bookclub_members (clubid, userid) VALUES (418, 426);
INSERT INTO bookclub_members (clubid, userid) VALUES (418, 378);
INSERT INTO bookclub_reads (clubid, bookid, start_date, end_date, is_current) VALUES (418, 264, '2025-06-25', '2025-08-21', TRUE);
INSERT INTO bookclub_reads (clubid, bookid, start_date, end_date, is_current) VALUES (418, 763, '2025-07-08', '2025-08-30', TRUE);
INSERT INTO bookclub_reads (clubid, bookid, start_date, end_date, is_current) VALUES (418, 823, '2025-02-06', '2025-03-08', FALSE);
INSERT INTO bookclub_reads (clubid, bookid, start_date, end_date, is_current) VALUES (418, 58, '2025-03-31', '2025-04-30', FALSE);
INSERT INTO bookclub_reads (clubid, bookid, start_date, end_date, is_current) VALUES (418, 16, '2025-05-15', '2025-06-14', FALSE);
INSERT INTO bookclub_reads (clubid, bookid, start_date, end_date, is_current) VALUES (418, 537, '2025-01-28', '2025-02-27', FALSE);
INSERT INTO bookclub_reads (clubid, bookid, start_date, end_date, is_current) VALUES (418, 2, '2025-04-09', '2025-05-09', FALSE);
INSERT INTO bookclub_reads (clubid, bookid, start_date, end_date, is_current) VALUES (418, 18, '2025-06-13', '2025-07-13', FALSE);
INSERT INTO bookclub_reads (clubid, bookid, start_date, end_date, is_current) VALUES (418, 66, '2025-01-26', '2025-02-25', FALSE);
INSERT INTO bookclub_reads (clubid, bookid, start_date, end_date, is_current) VALUES (418, 1053, '2025-04-16', '2025-05-16', FALSE);
INSERT INTO bookclub_reads (clubid, bookid, start_date, end_date, is_current) VALUES (418, 662, '2024-12-28', '2025-01-27', FALSE);
INSERT INTO bookclub_reads (clubid, bookid, start_date, end_date, is_current) VALUES (418, 498, '2025-01-04', '2025-02-03', FALSE);
INSERT INTO bookclub_reads (clubid, bookid, start_date, end_date, is_current) VALUES (418, 292, '2024-12-24', '2025-01-23', FALSE);

INSERT INTO bookclubs (clubid, name, description, max_members) VALUES (419, 'Book Club 52', 'This is the description for Book Club 52.', 18);
INSERT INTO bookclub_creators (clubid, userid) VALUES (419, 119);
INSERT INTO bookclub_members (clubid, userid) VALUES (419, 36);
INSERT INTO bookclub_members (clubid, userid) VALUES (419, 231);
INSERT INTO bookclub_members (clubid, userid) VALUES (419, 119);
INSERT INTO bookclub_members (clubid, userid) VALUES (419, 313);
INSERT INTO bookclub_members (clubid, userid) VALUES (419, 252);
INSERT INTO bookclub_reads (clubid, bookid, start_date, end_date, is_current) VALUES (419, 935, '2025-06-22', '2025-08-16', TRUE);
INSERT INTO bookclub_reads (clubid, bookid, start_date, end_date, is_current) VALUES (419, 412, '2025-06-29', '2025-08-31', TRUE);
INSERT INTO bookclub_reads (clubid, bookid, start_date, end_date, is_current) VALUES (419, 362, '2025-05-12', '2025-06-11', FALSE);
INSERT INTO bookclub_reads (clubid, bookid, start_date, end_date, is_current) VALUES (419, 291, '2025-05-30', '2025-06-29', FALSE);
INSERT INTO bookclub_reads (clubid, bookid, start_date, end_date, is_current) VALUES (419, 930, '2025-01-23', '2025-02-22', FALSE);
INSERT INTO bookclub_reads (clubid, bookid, start_date, end_date, is_current) VALUES (419, 466, '2025-04-08', '2025-05-08', FALSE);
INSERT INTO bookclub_reads (clubid, bookid, start_date, end_date, is_current) VALUES (419, 51, '2025-05-08', '2025-06-07', FALSE);
INSERT INTO bookclub_reads (clubid, bookid, start_date, end_date, is_current) VALUES (419, 50, '2025-01-15', '2025-02-14', FALSE);

INSERT INTO bookclubs (clubid, name, description, max_members) VALUES (420, 'Book Club 53', 'This is the description for Book Club 53.', 11);
INSERT INTO bookclub_creators (clubid, userid) VALUES (420, 26);
INSERT INTO bookclub_members (clubid, userid) VALUES (420, 5);
INSERT INTO bookclub_members (clubid, userid) VALUES (420, 134);
INSERT INTO bookclub_members (clubid, userid) VALUES (420, 431);
INSERT INTO bookclub_members (clubid, userid) VALUES (420, 16);
INSERT INTO bookclub_members (clubid, userid) VALUES (420, 207);
INSERT INTO bookclub_members (clubid, userid) VALUES (420, 306);
INSERT INTO bookclub_members (clubid, userid) VALUES (420, 83);
INSERT INTO bookclub_members (clubid, userid) VALUES (420, 52);
INSERT INTO bookclub_members (clubid, userid) VALUES (420, 26);
INSERT INTO bookclub_members (clubid, userid) VALUES (420, 91);
INSERT INTO bookclub_members (clubid, userid) VALUES (420, 380);
INSERT INTO bookclub_reads (clubid, bookid, start_date, end_date, is_current) VALUES (420, 656, '2025-07-15', '2025-08-20', TRUE);
INSERT INTO bookclub_reads (clubid, bookid, start_date, end_date, is_current) VALUES (420, 277, '2025-06-19', '2025-08-04', TRUE);
INSERT INTO bookclub_reads (clubid, bookid, start_date, end_date, is_current) VALUES (420, 658, '2025-06-24', '2025-08-07', TRUE);
INSERT INTO bookclub_reads (clubid, bookid, start_date, end_date, is_current) VALUES (420, 524, '2025-04-19', '2025-05-19', FALSE);
INSERT INTO bookclub_reads (clubid, bookid, start_date, end_date, is_current) VALUES (420, 642, '2025-01-24', '2025-02-23', FALSE);
INSERT INTO bookclub_reads (clubid, bookid, start_date, end_date, is_current) VALUES (420, 665, '2025-04-30', '2025-05-30', FALSE);
INSERT INTO bookclub_reads (clubid, bookid, start_date, end_date, is_current) VALUES (420, 404, '2025-06-01', '2025-07-01', FALSE);
INSERT INTO bookclub_reads (clubid, bookid, start_date, end_date, is_current) VALUES (420, 205, '2025-03-11', '2025-04-10', FALSE);
INSERT INTO bookclub_reads (clubid, bookid, start_date, end_date, is_current) VALUES (420, 493, '2025-01-19', '2025-02-18', FALSE);
INSERT INTO bookclub_reads (clubid, bookid, start_date, end_date, is_current) VALUES (420, 163, '2025-03-13', '2025-04-12', FALSE);
INSERT INTO bookclub_reads (clubid, bookid, start_date, end_date, is_current) VALUES (420, 231, '2025-01-14', '2025-02-13', FALSE);
INSERT INTO bookclub_reads (clubid, bookid, start_date, end_date, is_current) VALUES (420, 409, '2025-02-28', '2025-03-30', FALSE);
INSERT INTO bookclub_reads (clubid, bookid, start_date, end_date, is_current) VALUES (420, 5, '2025-06-16', '2025-07-16', FALSE);
INSERT INTO bookclub_reads (clubid, bookid, start_date, end_date, is_current) VALUES (420, 664, '2025-02-12', '2025-03-14', FALSE);
INSERT INTO bookclub_reads (clubid, bookid, start_date, end_date, is_current) VALUES (420, 356, '2025-06-08', '2025-07-08', FALSE);

INSERT INTO bookclubs (clubid, name, description, max_members) VALUES (421, 'Book Club 54', 'This is the description for Book Club 54.', 12);
INSERT INTO bookclub_creators (clubid, userid) VALUES (421, 222);
INSERT INTO bookclub_members (clubid, userid) VALUES (421, 97);
INSERT INTO bookclub_members (clubid, userid) VALUES (421, 130);
INSERT INTO bookclub_members (clubid, userid) VALUES (421, 356);
INSERT INTO bookclub_members (clubid, userid) VALUES (421, 199);
INSERT INTO bookclub_members (clubid, userid) VALUES (421, 75);
INSERT INTO bookclub_members (clubid, userid) VALUES (421, 205);
INSERT INTO bookclub_members (clubid, userid) VALUES (421, 366);
INSERT INTO bookclub_members (clubid, userid) VALUES (421, 244);
INSERT INTO bookclub_members (clubid, userid) VALUES (421, 183);
INSERT INTO bookclub_members (clubid, userid) VALUES (421, 121);
INSERT INTO bookclub_members (clubid, userid) VALUES (421, 411);
INSERT INTO bookclub_members (clubid, userid) VALUES (421, 222);
INSERT INTO bookclub_reads (clubid, bookid, start_date, end_date, is_current) VALUES (421, 93, '2025-06-29', '2025-08-10', TRUE);
INSERT INTO bookclub_reads (clubid, bookid, start_date, end_date, is_current) VALUES (421, 230, '2025-07-04', '2025-08-18', TRUE);
INSERT INTO bookclub_reads (clubid, bookid, start_date, end_date, is_current) VALUES (421, 597, '2025-01-01', '2025-01-31', FALSE);
INSERT INTO bookclub_reads (clubid, bookid, start_date, end_date, is_current) VALUES (421, 570, '2025-06-12', '2025-07-12', FALSE);
INSERT INTO bookclub_reads (clubid, bookid, start_date, end_date, is_current) VALUES (421, 944, '2025-05-24', '2025-06-23', FALSE);
INSERT INTO bookclub_reads (clubid, bookid, start_date, end_date, is_current) VALUES (421, 664, '2025-06-16', '2025-07-16', FALSE);
INSERT INTO bookclub_reads (clubid, bookid, start_date, end_date, is_current) VALUES (421, 466, '2025-02-10', '2025-03-12', FALSE);
INSERT INTO bookclub_reads (clubid, bookid, start_date, end_date, is_current) VALUES (421, 4, '2025-02-11', '2025-03-13', FALSE);
INSERT INTO bookclub_reads (clubid, bookid, start_date, end_date, is_current) VALUES (421, 156, '2025-05-04', '2025-06-03', FALSE);
INSERT INTO bookclub_reads (clubid, bookid, start_date, end_date, is_current) VALUES (421, 67, '2025-02-10', '2025-03-12', FALSE);

INSERT INTO bookclubs (clubid, name, description, max_members) VALUES (422, 'Book Club 55', 'This is the description for Book Club 55.', 13);
INSERT INTO bookclub_creators (clubid, userid) VALUES (422, 356);
INSERT INTO bookclub_members (clubid, userid) VALUES (422, 130);
INSERT INTO bookclub_members (clubid, userid) VALUES (422, 356);
INSERT INTO bookclub_members (clubid, userid) VALUES (422, 235);
INSERT INTO bookclub_members (clubid, userid) VALUES (422, 203);
INSERT INTO bookclub_members (clubid, userid) VALUES (422, 145);
INSERT INTO bookclub_members (clubid, userid) VALUES (422, 305);
INSERT INTO bookclub_members (clubid, userid) VALUES (422, 149);
INSERT INTO bookclub_members (clubid, userid) VALUES (422, 118);
INSERT INTO bookclub_members (clubid, userid) VALUES (422, 254);
INSERT INTO bookclub_members (clubid, userid) VALUES (422, 318);
INSERT INTO bookclub_members (clubid, userid) VALUES (422, 159);
INSERT INTO bookclub_reads (clubid, bookid, start_date, end_date, is_current) VALUES (422, 865, '2025-07-02', '2025-08-20', TRUE);
INSERT INTO bookclub_reads (clubid, bookid, start_date, end_date, is_current) VALUES (422, 998, '2025-07-10', '2025-08-26', TRUE);
INSERT INTO bookclub_reads (clubid, bookid, start_date, end_date, is_current) VALUES (422, 122, '2025-02-16', '2025-03-18', FALSE);
INSERT INTO bookclub_reads (clubid, bookid, start_date, end_date, is_current) VALUES (422, 80, '2025-04-24', '2025-05-24', FALSE);
INSERT INTO bookclub_reads (clubid, bookid, start_date, end_date, is_current) VALUES (422, 665, '2025-01-31', '2025-03-02', FALSE);
INSERT INTO bookclub_reads (clubid, bookid, start_date, end_date, is_current) VALUES (422, 290, '2025-02-21', '2025-03-23', FALSE);
INSERT INTO bookclub_reads (clubid, bookid, start_date, end_date, is_current) VALUES (422, 829, '2025-05-16', '2025-06-15', FALSE);
INSERT INTO bookclub_reads (clubid, bookid, start_date, end_date, is_current) VALUES (422, 85, '2025-03-21', '2025-04-20', FALSE);
INSERT INTO bookclub_reads (clubid, bookid, start_date, end_date, is_current) VALUES (422, 1068, '2024-12-26', '2025-01-25', FALSE);
INSERT INTO bookclub_reads (clubid, bookid, start_date, end_date, is_current) VALUES (422, 23, '2025-05-03', '2025-06-02', FALSE);
INSERT INTO bookclub_reads (clubid, bookid, start_date, end_date, is_current) VALUES (422, 250, '2025-05-10', '2025-06-09', FALSE);
INSERT INTO bookclub_reads (clubid, bookid, start_date, end_date, is_current) VALUES (422, 484, '2025-04-22', '2025-05-22', FALSE);
INSERT INTO bookclub_reads (clubid, bookid, start_date, end_date, is_current) VALUES (422, 415, '2024-12-23', '2025-01-22', FALSE);
INSERT INTO bookclub_reads (clubid, bookid, start_date, end_date, is_current) VALUES (422, 475, '2025-03-17', '2025-04-16', FALSE);
INSERT INTO bookclub_reads (clubid, bookid, start_date, end_date, is_current) VALUES (422, 13, '2025-02-19', '2025-03-21', FALSE);
INSERT INTO bookclub_reads (clubid, bookid, start_date, end_date, is_current) VALUES (422, 1097, '2024-12-24', '2025-01-23', FALSE);
INSERT INTO bookclub_reads (clubid, bookid, start_date, end_date, is_current) VALUES (422, 367, '2025-02-03', '2025-03-05', FALSE);

INSERT INTO bookclubs (clubid, name, description, max_members) VALUES (423, 'Book Club 56', 'This is the description for Book Club 56.', 20);
INSERT INTO bookclub_creators (clubid, userid) VALUES (423, 228);
INSERT INTO bookclub_members (clubid, userid) VALUES (423, 339);
INSERT INTO bookclub_members (clubid, userid) VALUES (423, 228);
INSERT INTO bookclub_reads (clubid, bookid, start_date, end_date, is_current) VALUES (423, 135, '2025-06-26', '2025-08-27', TRUE);
INSERT INTO bookclub_reads (clubid, bookid, start_date, end_date, is_current) VALUES (423, 703, '2025-07-04', '2025-08-28', TRUE);
INSERT INTO bookclub_reads (clubid, bookid, start_date, end_date, is_current) VALUES (423, 793, '2025-06-21', '2025-08-08', TRUE);
INSERT INTO bookclub_reads (clubid, bookid, start_date, end_date, is_current) VALUES (423, 416, '2025-06-03', '2025-07-03', FALSE);
INSERT INTO bookclub_reads (clubid, bookid, start_date, end_date, is_current) VALUES (423, 92, '2025-06-07', '2025-07-07', FALSE);
INSERT INTO bookclub_reads (clubid, bookid, start_date, end_date, is_current) VALUES (423, 494, '2025-02-12', '2025-03-14', FALSE);
INSERT INTO bookclub_reads (clubid, bookid, start_date, end_date, is_current) VALUES (423, 213, '2025-05-10', '2025-06-09', FALSE);
INSERT INTO bookclub_reads (clubid, bookid, start_date, end_date, is_current) VALUES (423, 888, '2025-02-02', '2025-03-04', FALSE);
INSERT INTO bookclub_reads (clubid, bookid, start_date, end_date, is_current) VALUES (423, 434, '2025-01-07', '2025-02-06', FALSE);

INSERT INTO bookclubs (clubid, name, description, max_members) VALUES (424, 'Book Club 57', 'This is the description for Book Club 57.', 9);
INSERT INTO bookclub_creators (clubid, userid) VALUES (424, 386);
INSERT INTO bookclub_members (clubid, userid) VALUES (424, 386);
INSERT INTO bookclub_members (clubid, userid) VALUES (424, 196);
INSERT INTO bookclub_members (clubid, userid) VALUES (424, 74);
INSERT INTO bookclub_members (clubid, userid) VALUES (424, 76);
INSERT INTO bookclub_members (clubid, userid) VALUES (424, 311);
INSERT INTO bookclub_members (clubid, userid) VALUES (424, 25);
INSERT INTO bookclub_members (clubid, userid) VALUES (424, 350);
INSERT INTO bookclub_reads (clubid, bookid, start_date, end_date, is_current) VALUES (424, 231, '2025-07-10', '2025-08-03', TRUE);
INSERT INTO bookclub_reads (clubid, bookid, start_date, end_date, is_current) VALUES (424, 890, '2025-07-07', '2025-08-24', TRUE);
INSERT INTO bookclub_reads (clubid, bookid, start_date, end_date, is_current) VALUES (424, 399, '2024-12-25', '2025-01-24', FALSE);
INSERT INTO bookclub_reads (clubid, bookid, start_date, end_date, is_current) VALUES (424, 685, '2025-02-23', '2025-03-25', FALSE);
INSERT INTO bookclub_reads (clubid, bookid, start_date, end_date, is_current) VALUES (424, 639, '2025-06-01', '2025-07-01', FALSE);
INSERT INTO bookclub_reads (clubid, bookid, start_date, end_date, is_current) VALUES (424, 413, '2025-05-07', '2025-06-06', FALSE);
INSERT INTO bookclub_reads (clubid, bookid, start_date, end_date, is_current) VALUES (424, 872, '2025-02-04', '2025-03-06', FALSE);
INSERT INTO bookclub_reads (clubid, bookid, start_date, end_date, is_current) VALUES (424, 977, '2025-02-01', '2025-03-03', FALSE);
INSERT INTO bookclub_reads (clubid, bookid, start_date, end_date, is_current) VALUES (424, 840, '2025-03-03', '2025-04-02', FALSE);
INSERT INTO bookclub_reads (clubid, bookid, start_date, end_date, is_current) VALUES (424, 12, '2025-02-09', '2025-03-11', FALSE);

INSERT INTO bookclubs (clubid, name, description, max_members) VALUES (425, 'Book Club 58', 'This is the description for Book Club 58.', 19);
INSERT INTO bookclub_creators (clubid, userid) VALUES (425, 95);
INSERT INTO bookclub_members (clubid, userid) VALUES (425, 289);
INSERT INTO bookclub_members (clubid, userid) VALUES (425, 162);
INSERT INTO bookclub_members (clubid, userid) VALUES (425, 425);
INSERT INTO bookclub_members (clubid, userid) VALUES (425, 301);
INSERT INTO bookclub_members (clubid, userid) VALUES (425, 271);
INSERT INTO bookclub_members (clubid, userid) VALUES (425, 400);
INSERT INTO bookclub_members (clubid, userid) VALUES (425, 370);
INSERT INTO bookclub_members (clubid, userid) VALUES (425, 85);
INSERT INTO bookclub_members (clubid, userid) VALUES (425, 281);
INSERT INTO bookclub_members (clubid, userid) VALUES (425, 60);
INSERT INTO bookclub_members (clubid, userid) VALUES (425, 126);
INSERT INTO bookclub_members (clubid, userid) VALUES (425, 95);
INSERT INTO bookclub_reads (clubid, bookid, start_date, end_date, is_current) VALUES (425, 138, '2025-06-30', '2025-08-20', TRUE);
INSERT INTO bookclub_reads (clubid, bookid, start_date, end_date, is_current) VALUES (425, 37, '2025-05-06', '2025-06-05', FALSE);
INSERT INTO bookclub_reads (clubid, bookid, start_date, end_date, is_current) VALUES (425, 834, '2025-05-25', '2025-06-24', FALSE);
INSERT INTO bookclub_reads (clubid, bookid, start_date, end_date, is_current) VALUES (425, 156, '2025-01-06', '2025-02-05', FALSE);
INSERT INTO bookclub_reads (clubid, bookid, start_date, end_date, is_current) VALUES (425, 208, '2025-05-12', '2025-06-11', FALSE);
INSERT INTO bookclub_reads (clubid, bookid, start_date, end_date, is_current) VALUES (425, 868, '2024-12-30', '2025-01-29', FALSE);
INSERT INTO bookclub_reads (clubid, bookid, start_date, end_date, is_current) VALUES (425, 935, '2025-03-08', '2025-04-07', FALSE);
INSERT INTO bookclub_reads (clubid, bookid, start_date, end_date, is_current) VALUES (425, 362, '2025-04-12', '2025-05-12', FALSE);
INSERT INTO bookclub_reads (clubid, bookid, start_date, end_date, is_current) VALUES (425, 129, '2025-04-24', '2025-05-24', FALSE);
INSERT INTO bookclub_reads (clubid, bookid, start_date, end_date, is_current) VALUES (425, 298, '2025-02-28', '2025-03-30', FALSE);
INSERT INTO bookclub_reads (clubid, bookid, start_date, end_date, is_current) VALUES (425, 27, '2025-05-03', '2025-06-02', FALSE);
INSERT INTO bookclub_reads (clubid, bookid, start_date, end_date, is_current) VALUES (425, 869, '2025-01-09', '2025-02-08', FALSE);
INSERT INTO bookclub_reads (clubid, bookid, start_date, end_date, is_current) VALUES (425, 132, '2025-05-05', '2025-06-04', FALSE);
INSERT INTO bookclub_reads (clubid, bookid, start_date, end_date, is_current) VALUES (425, 109, '2025-02-08', '2025-03-10', FALSE);
INSERT INTO bookclub_reads (clubid, bookid, start_date, end_date, is_current) VALUES (425, 759, '2025-01-29', '2025-02-28', FALSE);
INSERT INTO bookclub_reads (clubid, bookid, start_date, end_date, is_current) VALUES (425, 237, '2025-03-03', '2025-04-02', FALSE);

INSERT INTO bookclubs (clubid, name, description, max_members) VALUES (426, 'Book Club 59', 'This is the description for Book Club 59.', 10);
INSERT INTO bookclub_creators (clubid, userid) VALUES (426, 159);
INSERT INTO bookclub_members (clubid, userid) VALUES (426, 159);
INSERT INTO bookclub_members (clubid, userid) VALUES (426, 388);
INSERT INTO bookclub_members (clubid, userid) VALUES (426, 264);
INSERT INTO bookclub_members (clubid, userid) VALUES (426, 205);
INSERT INTO bookclub_members (clubid, userid) VALUES (426, 432);
INSERT INTO bookclub_members (clubid, userid) VALUES (426, 49);
INSERT INTO bookclub_members (clubid, userid) VALUES (426, 370);
INSERT INTO bookclub_members (clubid, userid) VALUES (426, 86);
INSERT INTO bookclub_members (clubid, userid) VALUES (426, 62);
INSERT INTO bookclub_members (clubid, userid) VALUES (426, 31);
INSERT INTO bookclub_reads (clubid, bookid, start_date, end_date, is_current) VALUES (426, 269, '2025-07-02', '2025-08-23', TRUE);
INSERT INTO bookclub_reads (clubid, bookid, start_date, end_date, is_current) VALUES (426, 787, '2025-06-20', '2025-08-22', TRUE);
INSERT INTO bookclub_reads (clubid, bookid, start_date, end_date, is_current) VALUES (426, 377, '2025-04-13', '2025-05-13', FALSE);
INSERT INTO bookclub_reads (clubid, bookid, start_date, end_date, is_current) VALUES (426, 1073, '2025-01-06', '2025-02-05', FALSE);
INSERT INTO bookclub_reads (clubid, bookid, start_date, end_date, is_current) VALUES (426, 130, '2025-05-15', '2025-06-14', FALSE);
INSERT INTO bookclub_reads (clubid, bookid, start_date, end_date, is_current) VALUES (426, 207, '2025-02-25', '2025-03-27', FALSE);
INSERT INTO bookclub_reads (clubid, bookid, start_date, end_date, is_current) VALUES (426, 25, '2025-05-23', '2025-06-22', FALSE);
INSERT INTO bookclub_reads (clubid, bookid, start_date, end_date, is_current) VALUES (426, 154, '2025-04-22', '2025-05-22', FALSE);
INSERT INTO bookclub_reads (clubid, bookid, start_date, end_date, is_current) VALUES (426, 71, '2025-06-01', '2025-07-01', FALSE);
INSERT INTO bookclub_reads (clubid, bookid, start_date, end_date, is_current) VALUES (426, 36, '2025-02-16', '2025-03-18', FALSE);
INSERT INTO bookclub_reads (clubid, bookid, start_date, end_date, is_current) VALUES (426, 57, '2025-03-15', '2025-04-14', FALSE);
INSERT INTO bookclub_reads (clubid, bookid, start_date, end_date, is_current) VALUES (426, 30, '2025-05-26', '2025-06-25', FALSE);
INSERT INTO bookclub_reads (clubid, bookid, start_date, end_date, is_current) VALUES (426, 123, '2025-04-26', '2025-05-26', FALSE);
INSERT INTO bookclub_reads (clubid, bookid, start_date, end_date, is_current) VALUES (426, 700, '2025-04-19', '2025-05-19', FALSE);
INSERT INTO bookclub_reads (clubid, bookid, start_date, end_date, is_current) VALUES (426, 771, '2025-01-21', '2025-02-20', FALSE);

INSERT INTO bookclubs (clubid, name, description, max_members) VALUES (427, 'Book Club 60', 'This is the description for Book Club 60.', 20);
INSERT INTO bookclub_creators (clubid, userid) VALUES (427, 341);
INSERT INTO bookclub_members (clubid, userid) VALUES (427, 385);
INSERT INTO bookclub_members (clubid, userid) VALUES (427, 323);
INSERT INTO bookclub_members (clubid, userid) VALUES (427, 16);
INSERT INTO bookclub_members (clubid, userid) VALUES (427, 404);
INSERT INTO bookclub_members (clubid, userid) VALUES (427, 341);
INSERT INTO bookclub_members (clubid, userid) VALUES (427, 186);
INSERT INTO bookclub_members (clubid, userid) VALUES (427, 219);
INSERT INTO bookclub_reads (clubid, bookid, start_date, end_date, is_current) VALUES (427, 91, '2025-07-07', '2025-08-21', TRUE);
INSERT INTO bookclub_reads (clubid, bookid, start_date, end_date, is_current) VALUES (427, 332, '2025-04-03', '2025-05-03', FALSE);
INSERT INTO bookclub_reads (clubid, bookid, start_date, end_date, is_current) VALUES (427, 658, '2025-03-19', '2025-04-18', FALSE);
INSERT INTO bookclub_reads (clubid, bookid, start_date, end_date, is_current) VALUES (427, 599, '2025-03-20', '2025-04-19', FALSE);
INSERT INTO bookclub_reads (clubid, bookid, start_date, end_date, is_current) VALUES (427, 873, '2025-05-28', '2025-06-27', FALSE);
INSERT INTO bookclub_reads (clubid, bookid, start_date, end_date, is_current) VALUES (427, 90, '2025-03-14', '2025-04-13', FALSE);
INSERT INTO bookclub_reads (clubid, bookid, start_date, end_date, is_current) VALUES (427, 977, '2025-02-08', '2025-03-10', FALSE);
INSERT INTO bookclub_reads (clubid, bookid, start_date, end_date, is_current) VALUES (427, 444, '2025-06-06', '2025-07-06', FALSE);
INSERT INTO bookclub_reads (clubid, bookid, start_date, end_date, is_current) VALUES (427, 511, '2025-03-30', '2025-04-29', FALSE);
INSERT INTO bookclub_reads (clubid, bookid, start_date, end_date, is_current) VALUES (427, 74, '2025-01-27', '2025-02-26', FALSE);
INSERT INTO bookclub_reads (clubid, bookid, start_date, end_date, is_current) VALUES (427, 10, '2025-05-21', '2025-06-20', FALSE);

INSERT INTO bookclubs (clubid, name, description, max_members) VALUES (428, 'Book Club 61', 'This is the description for Book Club 61.', 16);
INSERT INTO bookclub_creators (clubid, userid) VALUES (428, 53);
INSERT INTO bookclub_members (clubid, userid) VALUES (428, 323);
INSERT INTO bookclub_members (clubid, userid) VALUES (428, 424);
INSERT INTO bookclub_members (clubid, userid) VALUES (428, 426);
INSERT INTO bookclub_members (clubid, userid) VALUES (428, 204);
INSERT INTO bookclub_members (clubid, userid) VALUES (428, 314);
INSERT INTO bookclub_members (clubid, userid) VALUES (428, 109);
INSERT INTO bookclub_members (clubid, userid) VALUES (428, 16);
INSERT INTO bookclub_members (clubid, userid) VALUES (428, 274);
INSERT INTO bookclub_members (clubid, userid) VALUES (428, 53);
INSERT INTO bookclub_members (clubid, userid) VALUES (428, 250);
INSERT INTO bookclub_members (clubid, userid) VALUES (428, 443);
INSERT INTO bookclub_members (clubid, userid) VALUES (428, 317);
INSERT INTO bookclub_reads (clubid, bookid, start_date, end_date, is_current) VALUES (428, 98, '2025-06-23', '2025-08-03', TRUE);
INSERT INTO bookclub_reads (clubid, bookid, start_date, end_date, is_current) VALUES (428, 400, '2024-12-27', '2025-01-26', FALSE);
INSERT INTO bookclub_reads (clubid, bookid, start_date, end_date, is_current) VALUES (428, 5, '2025-02-28', '2025-03-30', FALSE);
INSERT INTO bookclub_reads (clubid, bookid, start_date, end_date, is_current) VALUES (428, 133, '2025-05-18', '2025-06-17', FALSE);
INSERT INTO bookclub_reads (clubid, bookid, start_date, end_date, is_current) VALUES (428, 139, '2025-04-04', '2025-05-04', FALSE);
INSERT INTO bookclub_reads (clubid, bookid, start_date, end_date, is_current) VALUES (428, 539, '2025-02-23', '2025-03-25', FALSE);

INSERT INTO bookclubs (clubid, name, description, max_members) VALUES (429, 'Book Club 62', 'This is the description for Book Club 62.', 20);
INSERT INTO bookclub_creators (clubid, userid) VALUES (429, 421);
INSERT INTO bookclub_members (clubid, userid) VALUES (429, 128);
INSERT INTO bookclub_members (clubid, userid) VALUES (429, 196);
INSERT INTO bookclub_members (clubid, userid) VALUES (429, 421);
INSERT INTO bookclub_members (clubid, userid) VALUES (429, 295);
INSERT INTO bookclub_members (clubid, userid) VALUES (429, 328);
INSERT INTO bookclub_members (clubid, userid) VALUES (429, 17);
INSERT INTO bookclub_members (clubid, userid) VALUES (429, 82);
INSERT INTO bookclub_members (clubid, userid) VALUES (429, 241);
INSERT INTO bookclub_members (clubid, userid) VALUES (429, 117);
INSERT INTO bookclub_members (clubid, userid) VALUES (429, 341);
INSERT INTO bookclub_members (clubid, userid) VALUES (429, 184);
INSERT INTO bookclub_members (clubid, userid) VALUES (429, 348);
INSERT INTO bookclub_reads (clubid, bookid, start_date, end_date, is_current) VALUES (429, 386, '2025-07-05', '2025-08-13', TRUE);
INSERT INTO bookclub_reads (clubid, bookid, start_date, end_date, is_current) VALUES (429, 51, '2025-06-28', '2025-08-18', TRUE);
INSERT INTO bookclub_reads (clubid, bookid, start_date, end_date, is_current) VALUES (429, 830, '2025-05-14', '2025-06-13', FALSE);
INSERT INTO bookclub_reads (clubid, bookid, start_date, end_date, is_current) VALUES (429, 998, '2025-02-24', '2025-03-26', FALSE);
INSERT INTO bookclub_reads (clubid, bookid, start_date, end_date, is_current) VALUES (429, 359, '2025-05-01', '2025-05-31', FALSE);
INSERT INTO bookclub_reads (clubid, bookid, start_date, end_date, is_current) VALUES (429, 866, '2025-01-15', '2025-02-14', FALSE);
INSERT INTO bookclub_reads (clubid, bookid, start_date, end_date, is_current) VALUES (429, 643, '2025-04-20', '2025-05-20', FALSE);
INSERT INTO bookclub_reads (clubid, bookid, start_date, end_date, is_current) VALUES (429, 428, '2025-04-27', '2025-05-27', FALSE);
INSERT INTO bookclub_reads (clubid, bookid, start_date, end_date, is_current) VALUES (429, 764, '2025-04-27', '2025-05-27', FALSE);
INSERT INTO bookclub_reads (clubid, bookid, start_date, end_date, is_current) VALUES (429, 665, '2024-12-27', '2025-01-26', FALSE);
INSERT INTO bookclub_reads (clubid, bookid, start_date, end_date, is_current) VALUES (429, 348, '2025-04-11', '2025-05-11', FALSE);
INSERT INTO bookclub_reads (clubid, bookid, start_date, end_date, is_current) VALUES (429, 411, '2025-01-05', '2025-02-04', FALSE);
INSERT INTO bookclub_reads (clubid, bookid, start_date, end_date, is_current) VALUES (429, 93, '2025-03-28', '2025-04-27', FALSE);

INSERT INTO bookclubs (clubid, name, description, max_members) VALUES (430, 'Book Club 63', 'This is the description for Book Club 63.', 14);
INSERT INTO bookclub_creators (clubid, userid) VALUES (430, 162);
INSERT INTO bookclub_members (clubid, userid) VALUES (430, 162);
INSERT INTO bookclub_members (clubid, userid) VALUES (430, 259);
INSERT INTO bookclub_members (clubid, userid) VALUES (430, 333);
INSERT INTO bookclub_members (clubid, userid) VALUES (430, 239);
INSERT INTO bookclub_members (clubid, userid) VALUES (430, 337);
INSERT INTO bookclub_members (clubid, userid) VALUES (430, 116);
INSERT INTO bookclub_members (clubid, userid) VALUES (430, 277);
INSERT INTO bookclub_members (clubid, userid) VALUES (430, 406);
INSERT INTO bookclub_members (clubid, userid) VALUES (430, 439);
INSERT INTO bookclub_members (clubid, userid) VALUES (430, 180);
INSERT INTO bookclub_members (clubid, userid) VALUES (430, 58);
INSERT INTO bookclub_members (clubid, userid) VALUES (430, 189);
INSERT INTO bookclub_members (clubid, userid) VALUES (430, 382);
INSERT INTO bookclub_reads (clubid, bookid, start_date, end_date, is_current) VALUES (430, 18, '2025-07-16', '2025-08-22', TRUE);
INSERT INTO bookclub_reads (clubid, bookid, start_date, end_date, is_current) VALUES (430, 1059, '2025-07-05', '2025-08-13', TRUE);
INSERT INTO bookclub_reads (clubid, bookid, start_date, end_date, is_current) VALUES (430, 34, '2025-03-05', '2025-04-04', FALSE);
INSERT INTO bookclub_reads (clubid, bookid, start_date, end_date, is_current) VALUES (430, 762, '2024-12-30', '2025-01-29', FALSE);
INSERT INTO bookclub_reads (clubid, bookid, start_date, end_date, is_current) VALUES (430, 700, '2025-04-14', '2025-05-14', FALSE);
INSERT INTO bookclub_reads (clubid, bookid, start_date, end_date, is_current) VALUES (430, 454, '2025-02-17', '2025-03-19', FALSE);
INSERT INTO bookclub_reads (clubid, bookid, start_date, end_date, is_current) VALUES (430, 30, '2025-06-08', '2025-07-08', FALSE);
INSERT INTO bookclub_reads (clubid, bookid, start_date, end_date, is_current) VALUES (430, 354, '2025-06-01', '2025-07-01', FALSE);
INSERT INTO bookclub_reads (clubid, bookid, start_date, end_date, is_current) VALUES (430, 408, '2025-03-06', '2025-04-05', FALSE);
INSERT INTO bookclub_reads (clubid, bookid, start_date, end_date, is_current) VALUES (430, 1, '2025-03-15', '2025-04-14', FALSE);
INSERT INTO bookclub_reads (clubid, bookid, start_date, end_date, is_current) VALUES (430, 298, '2024-12-24', '2025-01-23', FALSE);
INSERT INTO bookclub_reads (clubid, bookid, start_date, end_date, is_current) VALUES (430, 278, '2025-04-19', '2025-05-19', FALSE);
INSERT INTO bookclub_reads (clubid, bookid, start_date, end_date, is_current) VALUES (430, 944, '2025-04-30', '2025-05-30', FALSE);

INSERT INTO bookclubs (clubid, name, description, max_members) VALUES (431, 'Book Club 64', 'This is the description for Book Club 64.', 12);
INSERT INTO bookclub_creators (clubid, userid) VALUES (431, 322);
INSERT INTO bookclub_members (clubid, userid) VALUES (431, 32);
INSERT INTO bookclub_members (clubid, userid) VALUES (431, 225);
INSERT INTO bookclub_members (clubid, userid) VALUES (431, 322);
INSERT INTO bookclub_members (clubid, userid) VALUES (431, 259);
INSERT INTO bookclub_members (clubid, userid) VALUES (431, 234);
INSERT INTO bookclub_members (clubid, userid) VALUES (431, 270);
INSERT INTO bookclub_members (clubid, userid) VALUES (431, 412);
INSERT INTO bookclub_reads (clubid, bookid, start_date, end_date, is_current) VALUES (431, 935, '2025-07-13', '2025-08-29', TRUE);
INSERT INTO bookclub_reads (clubid, bookid, start_date, end_date, is_current) VALUES (431, 655, '2025-07-14', '2025-08-01', TRUE);
INSERT INTO bookclub_reads (clubid, bookid, start_date, end_date, is_current) VALUES (431, 1005, '2025-07-09', '2025-08-03', TRUE);
INSERT INTO bookclub_reads (clubid, bookid, start_date, end_date, is_current) VALUES (431, 26, '2025-03-16', '2025-04-15', FALSE);
INSERT INTO bookclub_reads (clubid, bookid, start_date, end_date, is_current) VALUES (431, 477, '2025-05-11', '2025-06-10', FALSE);
INSERT INTO bookclub_reads (clubid, bookid, start_date, end_date, is_current) VALUES (431, 511, '2025-05-25', '2025-06-24', FALSE);
INSERT INTO bookclub_reads (clubid, bookid, start_date, end_date, is_current) VALUES (431, 86, '2025-04-05', '2025-05-05', FALSE);
INSERT INTO bookclub_reads (clubid, bookid, start_date, end_date, is_current) VALUES (431, 35, '2025-01-09', '2025-02-08', FALSE);
INSERT INTO bookclub_reads (clubid, bookid, start_date, end_date, is_current) VALUES (431, 153, '2025-05-13', '2025-06-12', FALSE);
INSERT INTO bookclub_reads (clubid, bookid, start_date, end_date, is_current) VALUES (431, 385, '2024-12-29', '2025-01-28', FALSE);
INSERT INTO bookclub_reads (clubid, bookid, start_date, end_date, is_current) VALUES (431, 524, '2025-02-01', '2025-03-03', FALSE);
INSERT INTO bookclub_reads (clubid, bookid, start_date, end_date, is_current) VALUES (431, 54, '2025-02-11', '2025-03-13', FALSE);
INSERT INTO bookclub_reads (clubid, bookid, start_date, end_date, is_current) VALUES (431, 106, '2025-04-19', '2025-05-19', FALSE);
INSERT INTO bookclub_reads (clubid, bookid, start_date, end_date, is_current) VALUES (431, 92, '2025-05-03', '2025-06-02', FALSE);

INSERT INTO bookclubs (clubid, name, description, max_members) VALUES (432, 'Book Club 65', 'This is the description for Book Club 65.', 5);
INSERT INTO bookclub_creators (clubid, userid) VALUES (432, 2);
INSERT INTO bookclub_members (clubid, userid) VALUES (432, 34);
INSERT INTO bookclub_members (clubid, userid) VALUES (432, 2);
INSERT INTO bookclub_members (clubid, userid) VALUES (432, 221);
INSERT INTO bookclub_reads (clubid, bookid, start_date, end_date, is_current) VALUES (432, 834, '2025-06-23', '2025-08-06', TRUE);
INSERT INTO bookclub_reads (clubid, bookid, start_date, end_date, is_current) VALUES (432, 424, '2025-06-26', '2025-08-17', TRUE);
INSERT INTO bookclub_reads (clubid, bookid, start_date, end_date, is_current) VALUES (432, 826, '2025-04-18', '2025-05-18', FALSE);
INSERT INTO bookclub_reads (clubid, bookid, start_date, end_date, is_current) VALUES (432, 26, '2025-02-02', '2025-03-04', FALSE);
INSERT INTO bookclub_reads (clubid, bookid, start_date, end_date, is_current) VALUES (432, 159, '2025-01-07', '2025-02-06', FALSE);
INSERT INTO bookclub_reads (clubid, bookid, start_date, end_date, is_current) VALUES (432, 456, '2025-04-15', '2025-05-15', FALSE);
INSERT INTO bookclub_reads (clubid, bookid, start_date, end_date, is_current) VALUES (432, 162, '2025-05-30', '2025-06-29', FALSE);
INSERT INTO bookclub_reads (clubid, bookid, start_date, end_date, is_current) VALUES (432, 1052, '2024-12-19', '2025-01-18', FALSE);
INSERT INTO bookclub_reads (clubid, bookid, start_date, end_date, is_current) VALUES (432, 678, '2025-04-14', '2025-05-14', FALSE);
INSERT INTO bookclub_reads (clubid, bookid, start_date, end_date, is_current) VALUES (432, 80, '2025-02-07', '2025-03-09', FALSE);
INSERT INTO bookclub_reads (clubid, bookid, start_date, end_date, is_current) VALUES (432, 799, '2025-05-04', '2025-06-03', FALSE);
INSERT INTO bookclub_reads (clubid, bookid, start_date, end_date, is_current) VALUES (432, 251, '2025-03-15', '2025-04-14', FALSE);

INSERT INTO bookclubs (clubid, name, description, max_members) VALUES (433, 'Book Club 66', 'This is the description for Book Club 66.', 19);
INSERT INTO bookclub_creators (clubid, userid) VALUES (433, 184);
INSERT INTO bookclub_members (clubid, userid) VALUES (433, 184);
INSERT INTO bookclub_members (clubid, userid) VALUES (433, 268);
INSERT INTO bookclub_reads (clubid, bookid, start_date, end_date, is_current) VALUES (433, 27, '2025-07-12', '2025-08-16', TRUE);
INSERT INTO bookclub_reads (clubid, bookid, start_date, end_date, is_current) VALUES (433, 155, '2025-07-16', '2025-08-16', TRUE);
INSERT INTO bookclub_reads (clubid, bookid, start_date, end_date, is_current) VALUES (433, 160, '2025-06-14', '2025-07-14', FALSE);
INSERT INTO bookclub_reads (clubid, bookid, start_date, end_date, is_current) VALUES (433, 1005, '2025-03-18', '2025-04-17', FALSE);
INSERT INTO bookclub_reads (clubid, bookid, start_date, end_date, is_current) VALUES (433, 764, '2025-03-05', '2025-04-04', FALSE);
INSERT INTO bookclub_reads (clubid, bookid, start_date, end_date, is_current) VALUES (433, 53, '2025-06-11', '2025-07-11', FALSE);
INSERT INTO bookclub_reads (clubid, bookid, start_date, end_date, is_current) VALUES (433, 865, '2025-04-26', '2025-05-26', FALSE);
INSERT INTO bookclub_reads (clubid, bookid, start_date, end_date, is_current) VALUES (433, 80, '2025-06-10', '2025-07-10', FALSE);
INSERT INTO bookclub_reads (clubid, bookid, start_date, end_date, is_current) VALUES (433, 71, '2025-04-02', '2025-05-02', FALSE);
INSERT INTO bookclub_reads (clubid, bookid, start_date, end_date, is_current) VALUES (433, 902, '2025-05-28', '2025-06-27', FALSE);
INSERT INTO bookclub_reads (clubid, bookid, start_date, end_date, is_current) VALUES (433, 763, '2025-06-03', '2025-07-03', FALSE);
INSERT INTO bookclub_reads (clubid, bookid, start_date, end_date, is_current) VALUES (433, 50, '2025-05-28', '2025-06-27', FALSE);
INSERT INTO bookclub_reads (clubid, bookid, start_date, end_date, is_current) VALUES (433, 410, '2025-04-19', '2025-05-19', FALSE);
INSERT INTO bookclub_reads (clubid, bookid, start_date, end_date, is_current) VALUES (433, 290, '2025-05-26', '2025-06-25', FALSE);
INSERT INTO bookclub_reads (clubid, bookid, start_date, end_date, is_current) VALUES (433, 147, '2025-04-07', '2025-05-07', FALSE);
INSERT INTO bookclub_reads (clubid, bookid, start_date, end_date, is_current) VALUES (433, 1032, '2025-02-27', '2025-03-29', FALSE);

INSERT INTO bookclubs (clubid, name, description, max_members) VALUES (434, 'Book Club 67', 'This is the description for Book Club 67.', 17);
INSERT INTO bookclub_creators (clubid, userid) VALUES (434, 199);
INSERT INTO bookclub_members (clubid, userid) VALUES (434, 321);
INSERT INTO bookclub_members (clubid, userid) VALUES (434, 3);
INSERT INTO bookclub_members (clubid, userid) VALUES (434, 293);
INSERT INTO bookclub_members (clubid, userid) VALUES (434, 199);
INSERT INTO bookclub_members (clubid, userid) VALUES (434, 237);
INSERT INTO bookclub_members (clubid, userid) VALUES (434, 245);
INSERT INTO bookclub_members (clubid, userid) VALUES (434, 341);
INSERT INTO bookclub_members (clubid, userid) VALUES (434, 412);
INSERT INTO bookclub_members (clubid, userid) VALUES (434, 222);
INSERT INTO bookclub_reads (clubid, bookid, start_date, end_date, is_current) VALUES (434, 74, '2025-07-02', '2025-08-01', TRUE);
INSERT INTO bookclub_reads (clubid, bookid, start_date, end_date, is_current) VALUES (434, 119, '2025-06-29', '2025-08-01', TRUE);
INSERT INTO bookclub_reads (clubid, bookid, start_date, end_date, is_current) VALUES (434, 23, '2025-01-21', '2025-02-20', FALSE);
INSERT INTO bookclub_reads (clubid, bookid, start_date, end_date, is_current) VALUES (434, 269, '2025-06-14', '2025-07-14', FALSE);
INSERT INTO bookclub_reads (clubid, bookid, start_date, end_date, is_current) VALUES (434, 131, '2025-02-07', '2025-03-09', FALSE);
INSERT INTO bookclub_reads (clubid, bookid, start_date, end_date, is_current) VALUES (434, 288, '2025-01-20', '2025-02-19', FALSE);
INSERT INTO bookclub_reads (clubid, bookid, start_date, end_date, is_current) VALUES (434, 511, '2025-04-18', '2025-05-18', FALSE);
INSERT INTO bookclub_reads (clubid, bookid, start_date, end_date, is_current) VALUES (434, 157, '2025-04-19', '2025-05-19', FALSE);
INSERT INTO bookclub_reads (clubid, bookid, start_date, end_date, is_current) VALUES (434, 432, '2025-01-15', '2025-02-14', FALSE);

INSERT INTO bookclubs (clubid, name, description, max_members) VALUES (435, 'Book Club 68', 'This is the description for Book Club 68.', 9);
INSERT INTO bookclub_creators (clubid, userid) VALUES (435, 48);
INSERT INTO bookclub_members (clubid, userid) VALUES (435, 48);
INSERT INTO bookclub_members (clubid, userid) VALUES (435, 68);
INSERT INTO bookclub_members (clubid, userid) VALUES (435, 167);
INSERT INTO bookclub_reads (clubid, bookid, start_date, end_date, is_current) VALUES (435, 356, '2025-07-06', '2025-08-07', TRUE);
INSERT INTO bookclub_reads (clubid, bookid, start_date, end_date, is_current) VALUES (435, 987, '2025-07-02', '2025-08-20', TRUE);
INSERT INTO bookclub_reads (clubid, bookid, start_date, end_date, is_current) VALUES (435, 330, '2025-06-25', '2025-08-30', TRUE);
INSERT INTO bookclub_reads (clubid, bookid, start_date, end_date, is_current) VALUES (435, 1022, '2025-04-03', '2025-05-03', FALSE);
INSERT INTO bookclub_reads (clubid, bookid, start_date, end_date, is_current) VALUES (435, 86, '2025-02-05', '2025-03-07', FALSE);
INSERT INTO bookclub_reads (clubid, bookid, start_date, end_date, is_current) VALUES (435, 100, '2025-04-14', '2025-05-14', FALSE);
INSERT INTO bookclub_reads (clubid, bookid, start_date, end_date, is_current) VALUES (435, 399, '2025-05-06', '2025-06-05', FALSE);
INSERT INTO bookclub_reads (clubid, bookid, start_date, end_date, is_current) VALUES (435, 106, '2025-01-14', '2025-02-13', FALSE);
INSERT INTO bookclub_reads (clubid, bookid, start_date, end_date, is_current) VALUES (435, 463, '2025-03-16', '2025-04-15', FALSE);
INSERT INTO bookclub_reads (clubid, bookid, start_date, end_date, is_current) VALUES (435, 873, '2025-05-28', '2025-06-27', FALSE);
INSERT INTO bookclub_reads (clubid, bookid, start_date, end_date, is_current) VALUES (435, 403, '2025-05-29', '2025-06-28', FALSE);
INSERT INTO bookclub_reads (clubid, bookid, start_date, end_date, is_current) VALUES (435, 663, '2025-03-28', '2025-04-27', FALSE);

INSERT INTO bookclubs (clubid, name, description, max_members) VALUES (436, 'Book Club 69', 'This is the description for Book Club 69.', 9);
INSERT INTO bookclub_creators (clubid, userid) VALUES (436, 244);
INSERT INTO bookclub_members (clubid, userid) VALUES (436, 129);
INSERT INTO bookclub_members (clubid, userid) VALUES (436, 324);
INSERT INTO bookclub_members (clubid, userid) VALUES (436, 47);
INSERT INTO bookclub_members (clubid, userid) VALUES (436, 340);
INSERT INTO bookclub_members (clubid, userid) VALUES (436, 244);
INSERT INTO bookclub_members (clubid, userid) VALUES (436, 87);
INSERT INTO bookclub_members (clubid, userid) VALUES (436, 444);
INSERT INTO bookclub_members (clubid, userid) VALUES (436, 285);
INSERT INTO bookclub_reads (clubid, bookid, start_date, end_date, is_current) VALUES (436, 872, '2025-07-04', '2025-08-21', TRUE);
INSERT INTO bookclub_reads (clubid, bookid, start_date, end_date, is_current) VALUES (436, 142, '2025-03-17', '2025-04-16', FALSE);
INSERT INTO bookclub_reads (clubid, bookid, start_date, end_date, is_current) VALUES (436, 1007, '2025-05-15', '2025-06-14', FALSE);
INSERT INTO bookclub_reads (clubid, bookid, start_date, end_date, is_current) VALUES (436, 425, '2025-05-31', '2025-06-30', FALSE);
INSERT INTO bookclub_reads (clubid, bookid, start_date, end_date, is_current) VALUES (436, 764, '2025-05-12', '2025-06-11', FALSE);
INSERT INTO bookclub_reads (clubid, bookid, start_date, end_date, is_current) VALUES (436, 414, '2025-04-14', '2025-05-14', FALSE);
INSERT INTO bookclub_reads (clubid, bookid, start_date, end_date, is_current) VALUES (436, 26, '2025-05-19', '2025-06-18', FALSE);
INSERT INTO bookclub_reads (clubid, bookid, start_date, end_date, is_current) VALUES (436, 208, '2025-01-19', '2025-02-18', FALSE);
INSERT INTO bookclub_reads (clubid, bookid, start_date, end_date, is_current) VALUES (436, 14, '2025-03-17', '2025-04-16', FALSE);
INSERT INTO bookclub_reads (clubid, bookid, start_date, end_date, is_current) VALUES (436, 1022, '2025-04-12', '2025-05-12', FALSE);
INSERT INTO bookclub_reads (clubid, bookid, start_date, end_date, is_current) VALUES (436, 665, '2025-03-09', '2025-04-08', FALSE);
INSERT INTO bookclub_reads (clubid, bookid, start_date, end_date, is_current) VALUES (436, 292, '2025-03-13', '2025-04-12', FALSE);

INSERT INTO bookclubs (clubid, name, description, max_members) VALUES (437, 'Book Club 70', 'This is the description for Book Club 70.', 15);
INSERT INTO bookclub_creators (clubid, userid) VALUES (437, 317);
INSERT INTO bookclub_members (clubid, userid) VALUES (437, 352);
INSERT INTO bookclub_members (clubid, userid) VALUES (437, 416);
INSERT INTO bookclub_members (clubid, userid) VALUES (437, 2);
INSERT INTO bookclub_members (clubid, userid) VALUES (437, 131);
INSERT INTO bookclub_members (clubid, userid) VALUES (437, 290);
INSERT INTO bookclub_members (clubid, userid) VALUES (437, 226);
INSERT INTO bookclub_members (clubid, userid) VALUES (437, 300);
INSERT INTO bookclub_members (clubid, userid) VALUES (437, 304);
INSERT INTO bookclub_members (clubid, userid) VALUES (437, 49);
INSERT INTO bookclub_members (clubid, userid) VALUES (437, 180);
INSERT INTO bookclub_members (clubid, userid) VALUES (437, 148);
INSERT INTO bookclub_members (clubid, userid) VALUES (437, 406);
INSERT INTO bookclub_members (clubid, userid) VALUES (437, 443);
INSERT INTO bookclub_members (clubid, userid) VALUES (437, 317);
INSERT INTO bookclub_reads (clubid, bookid, start_date, end_date, is_current) VALUES (437, 681, '2025-07-16', '2025-08-17', TRUE);
INSERT INTO bookclub_reads (clubid, bookid, start_date, end_date, is_current) VALUES (437, 872, '2025-07-15', '2025-08-10', TRUE);
INSERT INTO bookclub_reads (clubid, bookid, start_date, end_date, is_current) VALUES (437, 230, '2025-07-01', '2025-08-23', TRUE);
INSERT INTO bookclub_reads (clubid, bookid, start_date, end_date, is_current) VALUES (437, 29, '2025-02-11', '2025-03-13', FALSE);
INSERT INTO bookclub_reads (clubid, bookid, start_date, end_date, is_current) VALUES (437, 250, '2025-03-10', '2025-04-09', FALSE);
INSERT INTO bookclub_reads (clubid, bookid, start_date, end_date, is_current) VALUES (437, 619, '2025-01-27', '2025-02-26', FALSE);
INSERT INTO bookclub_reads (clubid, bookid, start_date, end_date, is_current) VALUES (437, 157, '2025-04-02', '2025-05-02', FALSE);
INSERT INTO bookclub_reads (clubid, bookid, start_date, end_date, is_current) VALUES (437, 22, '2025-06-03', '2025-07-03', FALSE);
INSERT INTO bookclub_reads (clubid, bookid, start_date, end_date, is_current) VALUES (437, 1059, '2025-02-19', '2025-03-21', FALSE);
INSERT INTO bookclub_reads (clubid, bookid, start_date, end_date, is_current) VALUES (437, 968, '2025-04-16', '2025-05-16', FALSE);
INSERT INTO bookclub_reads (clubid, bookid, start_date, end_date, is_current) VALUES (437, 830, '2025-02-07', '2025-03-09', FALSE);

INSERT INTO bookclubs (clubid, name, description, max_members) VALUES (438, 'Book Club 71', 'This is the description for Book Club 71.', 13);
INSERT INTO bookclub_creators (clubid, userid) VALUES (438, 349);
INSERT INTO bookclub_members (clubid, userid) VALUES (438, 128);
INSERT INTO bookclub_members (clubid, userid) VALUES (438, 321);
INSERT INTO bookclub_members (clubid, userid) VALUES (438, 97);
INSERT INTO bookclub_members (clubid, userid) VALUES (438, 233);
INSERT INTO bookclub_members (clubid, userid) VALUES (438, 428);
INSERT INTO bookclub_members (clubid, userid) VALUES (438, 111);
INSERT INTO bookclub_members (clubid, userid) VALUES (438, 176);
INSERT INTO bookclub_members (clubid, userid) VALUES (438, 349);
INSERT INTO bookclub_reads (clubid, bookid, start_date, end_date, is_current) VALUES (438, 155, '2025-06-22', '2025-08-21', TRUE);
INSERT INTO bookclub_reads (clubid, bookid, start_date, end_date, is_current) VALUES (438, 330, '2025-05-16', '2025-06-15', FALSE);
INSERT INTO bookclub_reads (clubid, bookid, start_date, end_date, is_current) VALUES (438, 2, '2025-06-06', '2025-07-06', FALSE);
INSERT INTO bookclub_reads (clubid, bookid, start_date, end_date, is_current) VALUES (438, 416, '2025-01-07', '2025-02-06', FALSE);
INSERT INTO bookclub_reads (clubid, bookid, start_date, end_date, is_current) VALUES (438, 298, '2025-03-03', '2025-04-02', FALSE);
INSERT INTO bookclub_reads (clubid, bookid, start_date, end_date, is_current) VALUES (438, 841, '2025-03-06', '2025-04-05', FALSE);

INSERT INTO bookclubs (clubid, name, description, max_members) VALUES (439, 'Book Club 72', 'This is the description for Book Club 72.', 15);
INSERT INTO bookclub_creators (clubid, userid) VALUES (439, 119);
INSERT INTO bookclub_members (clubid, userid) VALUES (439, 224);
INSERT INTO bookclub_members (clubid, userid) VALUES (439, 137);
INSERT INTO bookclub_members (clubid, userid) VALUES (439, 202);
INSERT INTO bookclub_members (clubid, userid) VALUES (439, 426);
INSERT INTO bookclub_members (clubid, userid) VALUES (439, 17);
INSERT INTO bookclub_members (clubid, userid) VALUES (439, 119);
INSERT INTO bookclub_members (clubid, userid) VALUES (439, 63);
INSERT INTO bookclub_reads (clubid, bookid, start_date, end_date, is_current) VALUES (439, 237, '2025-06-25', '2025-08-31', TRUE);
INSERT INTO bookclub_reads (clubid, bookid, start_date, end_date, is_current) VALUES (439, 765, '2025-03-07', '2025-04-06', FALSE);
INSERT INTO bookclub_reads (clubid, bookid, start_date, end_date, is_current) VALUES (439, 656, '2025-01-09', '2025-02-08', FALSE);
INSERT INTO bookclub_reads (clubid, bookid, start_date, end_date, is_current) VALUES (439, 28, '2025-03-29', '2025-04-28', FALSE);
INSERT INTO bookclub_reads (clubid, bookid, start_date, end_date, is_current) VALUES (439, 707, '2024-12-25', '2025-01-24', FALSE);
INSERT INTO bookclub_reads (clubid, bookid, start_date, end_date, is_current) VALUES (439, 435, '2025-03-28', '2025-04-27', FALSE);
INSERT INTO bookclub_reads (clubid, bookid, start_date, end_date, is_current) VALUES (439, 119, '2025-02-21', '2025-03-23', FALSE);
INSERT INTO bookclub_reads (clubid, bookid, start_date, end_date, is_current) VALUES (439, 840, '2025-01-03', '2025-02-02', FALSE);
INSERT INTO bookclub_reads (clubid, bookid, start_date, end_date, is_current) VALUES (439, 397, '2025-03-31', '2025-04-30', FALSE);

INSERT INTO bookclubs (clubid, name, description, max_members) VALUES (440, 'Book Club 73', 'This is the description for Book Club 73.', 18);
INSERT INTO bookclub_creators (clubid, userid) VALUES (440, 64);
INSERT INTO bookclub_members (clubid, userid) VALUES (440, 192);
INSERT INTO bookclub_members (clubid, userid) VALUES (440, 64);
INSERT INTO bookclub_members (clubid, userid) VALUES (440, 322);
INSERT INTO bookclub_members (clubid, userid) VALUES (440, 259);
INSERT INTO bookclub_members (clubid, userid) VALUES (440, 196);
INSERT INTO bookclub_members (clubid, userid) VALUES (440, 261);
INSERT INTO bookclub_members (clubid, userid) VALUES (440, 264);
INSERT INTO bookclub_members (clubid, userid) VALUES (440, 361);
INSERT INTO bookclub_members (clubid, userid) VALUES (440, 9);
INSERT INTO bookclub_members (clubid, userid) VALUES (440, 365);
INSERT INTO bookclub_members (clubid, userid) VALUES (440, 433);
INSERT INTO bookclub_members (clubid, userid) VALUES (440, 121);
INSERT INTO bookclub_members (clubid, userid) VALUES (440, 157);
INSERT INTO bookclub_reads (clubid, bookid, start_date, end_date, is_current) VALUES (440, 99, '2025-06-18', '2025-08-21', TRUE);
INSERT INTO bookclub_reads (clubid, bookid, start_date, end_date, is_current) VALUES (440, 929, '2025-07-15', '2025-08-19', TRUE);
INSERT INTO bookclub_reads (clubid, bookid, start_date, end_date, is_current) VALUES (440, 69, '2025-06-18', '2025-08-19', TRUE);
INSERT INTO bookclub_reads (clubid, bookid, start_date, end_date, is_current) VALUES (440, 299, '2025-01-15', '2025-02-14', FALSE);
INSERT INTO bookclub_reads (clubid, bookid, start_date, end_date, is_current) VALUES (440, 447, '2025-01-21', '2025-02-20', FALSE);
INSERT INTO bookclub_reads (clubid, bookid, start_date, end_date, is_current) VALUES (440, 252, '2025-03-04', '2025-04-03', FALSE);
INSERT INTO bookclub_reads (clubid, bookid, start_date, end_date, is_current) VALUES (440, 1078, '2025-01-17', '2025-02-16', FALSE);
INSERT INTO bookclub_reads (clubid, bookid, start_date, end_date, is_current) VALUES (440, 54, '2025-04-05', '2025-05-05', FALSE);
INSERT INTO bookclub_reads (clubid, bookid, start_date, end_date, is_current) VALUES (440, 944, '2024-12-30', '2025-01-29', FALSE);
INSERT INTO bookclub_reads (clubid, bookid, start_date, end_date, is_current) VALUES (440, 787, '2025-02-14', '2025-03-16', FALSE);
INSERT INTO bookclub_reads (clubid, bookid, start_date, end_date, is_current) VALUES (440, 298, '2025-02-04', '2025-03-06', FALSE);
INSERT INTO bookclub_reads (clubid, bookid, start_date, end_date, is_current) VALUES (440, 245, '2025-02-14', '2025-03-16', FALSE);
INSERT INTO bookclub_reads (clubid, bookid, start_date, end_date, is_current) VALUES (440, 678, '2025-03-28', '2025-04-27', FALSE);
INSERT INTO bookclub_reads (clubid, bookid, start_date, end_date, is_current) VALUES (440, 291, '2025-03-12', '2025-04-11', FALSE);
INSERT INTO bookclub_reads (clubid, bookid, start_date, end_date, is_current) VALUES (440, 498, '2025-03-03', '2025-04-02', FALSE);
INSERT INTO bookclub_reads (clubid, bookid, start_date, end_date, is_current) VALUES (440, 289, '2025-04-28', '2025-05-28', FALSE);
INSERT INTO bookclub_reads (clubid, bookid, start_date, end_date, is_current) VALUES (440, 57, '2025-02-08', '2025-03-10', FALSE);
INSERT INTO bookclub_reads (clubid, bookid, start_date, end_date, is_current) VALUES (440, 117, '2025-03-04', '2025-04-03', FALSE);

INSERT INTO bookclubs (clubid, name, description, max_members) VALUES (441, 'Book Club 74', 'This is the description for Book Club 74.', 10);
INSERT INTO bookclub_creators (clubid, userid) VALUES (441, 410);
INSERT INTO bookclub_members (clubid, userid) VALUES (441, 90);
INSERT INTO bookclub_members (clubid, userid) VALUES (441, 142);
INSERT INTO bookclub_members (clubid, userid) VALUES (441, 410);
INSERT INTO bookclub_reads (clubid, bookid, start_date, end_date, is_current) VALUES (441, 163, '2025-07-10', '2025-08-26', TRUE);
INSERT INTO bookclub_reads (clubid, bookid, start_date, end_date, is_current) VALUES (441, 25, '2025-07-01', '2025-08-25', TRUE);
INSERT INTO bookclub_reads (clubid, bookid, start_date, end_date, is_current) VALUES (441, 155, '2025-07-03', '2025-08-12', TRUE);
INSERT INTO bookclub_reads (clubid, bookid, start_date, end_date, is_current) VALUES (441, 664, '2025-02-20', '2025-03-22', FALSE);
INSERT INTO bookclub_reads (clubid, bookid, start_date, end_date, is_current) VALUES (441, 828, '2025-06-04', '2025-07-04', FALSE);
INSERT INTO bookclub_reads (clubid, bookid, start_date, end_date, is_current) VALUES (441, 872, '2025-02-05', '2025-03-07', FALSE);
INSERT INTO bookclub_reads (clubid, bookid, start_date, end_date, is_current) VALUES (441, 350, '2025-01-04', '2025-02-03', FALSE);
INSERT INTO bookclub_reads (clubid, bookid, start_date, end_date, is_current) VALUES (441, 92, '2025-03-11', '2025-04-10', FALSE);
INSERT INTO bookclub_reads (clubid, bookid, start_date, end_date, is_current) VALUES (441, 816, '2025-04-20', '2025-05-20', FALSE);
INSERT INTO bookclub_reads (clubid, bookid, start_date, end_date, is_current) VALUES (441, 570, '2024-12-30', '2025-01-29', FALSE);
INSERT INTO bookclub_reads (clubid, bookid, start_date, end_date, is_current) VALUES (441, 497, '2024-12-22', '2025-01-21', FALSE);

INSERT INTO bookclubs (clubid, name, description, max_members) VALUES (442, 'Book Club 75', 'This is the description for Book Club 75.', 11);
INSERT INTO bookclub_creators (clubid, userid) VALUES (442, 291);
INSERT INTO bookclub_members (clubid, userid) VALUES (442, 384);
INSERT INTO bookclub_members (clubid, userid) VALUES (442, 2);
INSERT INTO bookclub_members (clubid, userid) VALUES (442, 291);
INSERT INTO bookclub_members (clubid, userid) VALUES (442, 164);
INSERT INTO bookclub_members (clubid, userid) VALUES (442, 199);
INSERT INTO bookclub_members (clubid, userid) VALUES (442, 329);
INSERT INTO bookclub_members (clubid, userid) VALUES (442, 46);
INSERT INTO bookclub_members (clubid, userid) VALUES (442, 375);
INSERT INTO bookclub_members (clubid, userid) VALUES (442, 411);
INSERT INTO bookclub_members (clubid, userid) VALUES (442, 412);
INSERT INTO bookclub_reads (clubid, bookid, start_date, end_date, is_current) VALUES (442, 362, '2025-06-28', '2025-08-21', TRUE);
INSERT INTO bookclub_reads (clubid, bookid, start_date, end_date, is_current) VALUES (442, 570, '2025-07-04', '2025-08-02', TRUE);
INSERT INTO bookclub_reads (clubid, bookid, start_date, end_date, is_current) VALUES (442, 1078, '2025-07-09', '2025-08-31', TRUE);
INSERT INTO bookclub_reads (clubid, bookid, start_date, end_date, is_current) VALUES (442, 63, '2025-02-15', '2025-03-17', FALSE);
INSERT INTO bookclub_reads (clubid, bookid, start_date, end_date, is_current) VALUES (442, 159, '2025-02-17', '2025-03-19', FALSE);
INSERT INTO bookclub_reads (clubid, bookid, start_date, end_date, is_current) VALUES (442, 68, '2025-04-24', '2025-05-24', FALSE);
INSERT INTO bookclub_reads (clubid, bookid, start_date, end_date, is_current) VALUES (442, 166, '2025-04-03', '2025-05-03', FALSE);
INSERT INTO bookclub_reads (clubid, bookid, start_date, end_date, is_current) VALUES (442, 565, '2025-04-01', '2025-05-01', FALSE);

INSERT INTO bookclubs (clubid, name, description, max_members) VALUES (443, 'Book Club 76', 'This is the description for Book Club 76.', 19);
INSERT INTO bookclub_creators (clubid, userid) VALUES (443, 333);
INSERT INTO bookclub_members (clubid, userid) VALUES (443, 291);
INSERT INTO bookclub_members (clubid, userid) VALUES (443, 164);
INSERT INTO bookclub_members (clubid, userid) VALUES (443, 37);
INSERT INTO bookclub_members (clubid, userid) VALUES (443, 199);
INSERT INTO bookclub_members (clubid, userid) VALUES (443, 107);
INSERT INTO bookclub_members (clubid, userid) VALUES (443, 109);
INSERT INTO bookclub_members (clubid, userid) VALUES (443, 45);
INSERT INTO bookclub_members (clubid, userid) VALUES (443, 333);
INSERT INTO bookclub_members (clubid, userid) VALUES (443, 57);
INSERT INTO bookclub_members (clubid, userid) VALUES (443, 443);
INSERT INTO bookclub_members (clubid, userid) VALUES (443, 349);
INSERT INTO bookclub_reads (clubid, bookid, start_date, end_date, is_current) VALUES (443, 86, '2025-07-11', '2025-08-07', TRUE);
INSERT INTO bookclub_reads (clubid, bookid, start_date, end_date, is_current) VALUES (443, 864, '2025-06-25', '2025-08-21', TRUE);
INSERT INTO bookclub_reads (clubid, bookid, start_date, end_date, is_current) VALUES (443, 151, '2025-03-25', '2025-04-24', FALSE);
INSERT INTO bookclub_reads (clubid, bookid, start_date, end_date, is_current) VALUES (443, 998, '2025-06-11', '2025-07-11', FALSE);
INSERT INTO bookclub_reads (clubid, bookid, start_date, end_date, is_current) VALUES (443, 59, '2025-01-06', '2025-02-05', FALSE);
INSERT INTO bookclub_reads (clubid, bookid, start_date, end_date, is_current) VALUES (443, 678, '2025-01-02', '2025-02-01', FALSE);
INSERT INTO bookclub_reads (clubid, bookid, start_date, end_date, is_current) VALUES (443, 484, '2025-02-08', '2025-03-10', FALSE);
INSERT INTO bookclub_reads (clubid, bookid, start_date, end_date, is_current) VALUES (443, 231, '2025-06-12', '2025-07-12', FALSE);
INSERT INTO bookclub_reads (clubid, bookid, start_date, end_date, is_current) VALUES (443, 67, '2025-03-17', '2025-04-16', FALSE);
INSERT INTO bookclub_reads (clubid, bookid, start_date, end_date, is_current) VALUES (443, 394, '2025-04-18', '2025-05-18', FALSE);
INSERT INTO bookclub_reads (clubid, bookid, start_date, end_date, is_current) VALUES (443, 75, '2025-06-02', '2025-07-02', FALSE);
INSERT INTO bookclub_reads (clubid, bookid, start_date, end_date, is_current) VALUES (443, 177, '2025-03-16', '2025-04-15', FALSE);

INSERT INTO bookclubs (clubid, name, description, max_members) VALUES (444, 'Book Club 77', 'This is the description for Book Club 77.', 19);
INSERT INTO bookclub_creators (clubid, userid) VALUES (444, 210);
INSERT INTO bookclub_members (clubid, userid) VALUES (444, 171);
INSERT INTO bookclub_members (clubid, userid) VALUES (444, 204);
INSERT INTO bookclub_members (clubid, userid) VALUES (444, 366);
INSERT INTO bookclub_members (clubid, userid) VALUES (444, 210);
INSERT INTO bookclub_members (clubid, userid) VALUES (444, 342);
INSERT INTO bookclub_members (clubid, userid) VALUES (444, 221);
INSERT INTO bookclub_reads (clubid, bookid, start_date, end_date, is_current) VALUES (444, 357, '2025-07-15', '2025-08-12', TRUE);
INSERT INTO bookclub_reads (clubid, bookid, start_date, end_date, is_current) VALUES (444, 98, '2025-06-26', '2025-08-24', TRUE);
INSERT INTO bookclub_reads (clubid, bookid, start_date, end_date, is_current) VALUES (444, 931, '2025-06-20', '2025-08-20', TRUE);
INSERT INTO bookclub_reads (clubid, bookid, start_date, end_date, is_current) VALUES (444, 493, '2025-03-23', '2025-04-22', FALSE);
INSERT INTO bookclub_reads (clubid, bookid, start_date, end_date, is_current) VALUES (444, 71, '2024-12-21', '2025-01-20', FALSE);
INSERT INTO bookclub_reads (clubid, bookid, start_date, end_date, is_current) VALUES (444, 841, '2025-04-02', '2025-05-02', FALSE);
INSERT INTO bookclub_reads (clubid, bookid, start_date, end_date, is_current) VALUES (444, 407, '2025-05-13', '2025-06-12', FALSE);
INSERT INTO bookclub_reads (clubid, bookid, start_date, end_date, is_current) VALUES (444, 1067, '2025-04-16', '2025-05-16', FALSE);
INSERT INTO bookclub_reads (clubid, bookid, start_date, end_date, is_current) VALUES (444, 400, '2025-04-13', '2025-05-13', FALSE);
INSERT INTO bookclub_reads (clubid, bookid, start_date, end_date, is_current) VALUES (444, 166, '2025-05-07', '2025-06-06', FALSE);
INSERT INTO bookclub_reads (clubid, bookid, start_date, end_date, is_current) VALUES (444, 155, '2025-01-15', '2025-02-14', FALSE);

INSERT INTO bookclubs (clubid, name, description, max_members) VALUES (445, 'Book Club 78', 'This is the description for Book Club 78.', 19);
INSERT INTO bookclub_creators (clubid, userid) VALUES (445, 141);
INSERT INTO bookclub_members (clubid, userid) VALUES (445, 32);
INSERT INTO bookclub_members (clubid, userid) VALUES (445, 258);
INSERT INTO bookclub_members (clubid, userid) VALUES (445, 419);
INSERT INTO bookclub_members (clubid, userid) VALUES (445, 294);
INSERT INTO bookclub_members (clubid, userid) VALUES (445, 39);
INSERT INTO bookclub_members (clubid, userid) VALUES (445, 232);
INSERT INTO bookclub_members (clubid, userid) VALUES (445, 201);
INSERT INTO bookclub_members (clubid, userid) VALUES (445, 73);
INSERT INTO bookclub_members (clubid, userid) VALUES (445, 75);
INSERT INTO bookclub_members (clubid, userid) VALUES (445, 268);
INSERT INTO bookclub_members (clubid, userid) VALUES (445, 166);
INSERT INTO bookclub_members (clubid, userid) VALUES (445, 141);
INSERT INTO bookclub_members (clubid, userid) VALUES (445, 79);
INSERT INTO bookclub_members (clubid, userid) VALUES (445, 432);
INSERT INTO bookclub_members (clubid, userid) VALUES (445, 370);
INSERT INTO bookclub_members (clubid, userid) VALUES (445, 82);
INSERT INTO bookclub_members (clubid, userid) VALUES (445, 119);
INSERT INTO bookclub_members (clubid, userid) VALUES (445, 346);
INSERT INTO bookclub_reads (clubid, bookid, start_date, end_date, is_current) VALUES (445, 89, '2025-06-20', '2025-08-03', TRUE);
INSERT INTO bookclub_reads (clubid, bookid, start_date, end_date, is_current) VALUES (445, 117, '2025-06-20', '2025-08-18', TRUE);
INSERT INTO bookclub_reads (clubid, bookid, start_date, end_date, is_current) VALUES (445, 841, '2025-06-30', '2025-08-31', TRUE);
INSERT INTO bookclub_reads (clubid, bookid, start_date, end_date, is_current) VALUES (445, 277, '2025-05-27', '2025-06-26', FALSE);
INSERT INTO bookclub_reads (clubid, bookid, start_date, end_date, is_current) VALUES (445, 141, '2025-01-09', '2025-02-08', FALSE);
INSERT INTO bookclub_reads (clubid, bookid, start_date, end_date, is_current) VALUES (445, 656, '2025-05-24', '2025-06-23', FALSE);
INSERT INTO bookclub_reads (clubid, bookid, start_date, end_date, is_current) VALUES (445, 355, '2025-05-25', '2025-06-24', FALSE);
INSERT INTO bookclub_reads (clubid, bookid, start_date, end_date, is_current) VALUES (445, 762, '2024-12-27', '2025-01-26', FALSE);
INSERT INTO bookclub_reads (clubid, bookid, start_date, end_date, is_current) VALUES (445, 4, '2025-05-16', '2025-06-15', FALSE);
INSERT INTO bookclub_reads (clubid, bookid, start_date, end_date, is_current) VALUES (445, 428, '2025-02-10', '2025-03-12', FALSE);
INSERT INTO bookclub_reads (clubid, bookid, start_date, end_date, is_current) VALUES (445, 162, '2025-01-03', '2025-02-02', FALSE);
INSERT INTO bookclub_reads (clubid, bookid, start_date, end_date, is_current) VALUES (445, 447, '2025-04-26', '2025-05-26', FALSE);
INSERT INTO bookclub_reads (clubid, bookid, start_date, end_date, is_current) VALUES (445, 23, '2025-01-29', '2025-02-28', FALSE);

INSERT INTO bookclubs (clubid, name, description, max_members) VALUES (446, 'Book Club 79', 'This is the description for Book Club 79.', 12);
INSERT INTO bookclub_creators (clubid, userid) VALUES (446, 337);
INSERT INTO bookclub_members (clubid, userid) VALUES (446, 2);
INSERT INTO bookclub_members (clubid, userid) VALUES (446, 196);
INSERT INTO bookclub_members (clubid, userid) VALUES (446, 136);
INSERT INTO bookclub_members (clubid, userid) VALUES (446, 105);
INSERT INTO bookclub_members (clubid, userid) VALUES (446, 363);
INSERT INTO bookclub_members (clubid, userid) VALUES (446, 401);
INSERT INTO bookclub_members (clubid, userid) VALUES (446, 337);
INSERT INTO bookclub_members (clubid, userid) VALUES (446, 309);
INSERT INTO bookclub_members (clubid, userid) VALUES (446, 62);
INSERT INTO bookclub_members (clubid, userid) VALUES (446, 89);
INSERT INTO bookclub_members (clubid, userid) VALUES (446, 413);
INSERT INTO bookclub_members (clubid, userid) VALUES (446, 126);
INSERT INTO bookclub_reads (clubid, bookid, start_date, end_date, is_current) VALUES (446, 848, '2025-07-16', '2025-08-10', TRUE);
INSERT INTO bookclub_reads (clubid, bookid, start_date, end_date, is_current) VALUES (446, 249, '2025-07-14', '2025-08-31', TRUE);
INSERT INTO bookclub_reads (clubid, bookid, start_date, end_date, is_current) VALUES (446, 278, '2025-04-03', '2025-05-03', FALSE);
INSERT INTO bookclub_reads (clubid, bookid, start_date, end_date, is_current) VALUES (446, 444, '2025-01-07', '2025-02-06', FALSE);
INSERT INTO bookclub_reads (clubid, bookid, start_date, end_date, is_current) VALUES (446, 35, '2025-04-06', '2025-05-06', FALSE);
INSERT INTO bookclub_reads (clubid, bookid, start_date, end_date, is_current) VALUES (446, 534, '2025-03-17', '2025-04-16', FALSE);
INSERT INTO bookclub_reads (clubid, bookid, start_date, end_date, is_current) VALUES (446, 864, '2025-05-10', '2025-06-09', FALSE);
INSERT INTO bookclub_reads (clubid, bookid, start_date, end_date, is_current) VALUES (446, 797, '2025-03-12', '2025-04-11', FALSE);
INSERT INTO bookclub_reads (clubid, bookid, start_date, end_date, is_current) VALUES (446, 81, '2025-03-21', '2025-04-20', FALSE);

INSERT INTO bookclubs (clubid, name, description, max_members) VALUES (447, 'Book Club 80', 'This is the description for Book Club 80.', 20);
INSERT INTO bookclub_creators (clubid, userid) VALUES (447, 271);
INSERT INTO bookclub_members (clubid, userid) VALUES (447, 430);
INSERT INTO bookclub_members (clubid, userid) VALUES (447, 271);
INSERT INTO bookclub_reads (clubid, bookid, start_date, end_date, is_current) VALUES (447, 864, '2025-07-02', '2025-08-11', TRUE);
INSERT INTO bookclub_reads (clubid, bookid, start_date, end_date, is_current) VALUES (447, 63, '2025-07-14', '2025-08-29', TRUE);
INSERT INTO bookclub_reads (clubid, bookid, start_date, end_date, is_current) VALUES (447, 253, '2025-06-09', '2025-07-09', FALSE);
INSERT INTO bookclub_reads (clubid, bookid, start_date, end_date, is_current) VALUES (447, 975, '2025-04-17', '2025-05-17', FALSE);
INSERT INTO bookclub_reads (clubid, bookid, start_date, end_date, is_current) VALUES (447, 53, '2025-03-04', '2025-04-03', FALSE);
INSERT INTO bookclub_reads (clubid, bookid, start_date, end_date, is_current) VALUES (447, 447, '2025-02-13', '2025-03-15', FALSE);
INSERT INTO bookclub_reads (clubid, bookid, start_date, end_date, is_current) VALUES (447, 160, '2025-05-14', '2025-06-13', FALSE);

INSERT INTO bookclubs (clubid, name, description, max_members) VALUES (448, 'Book Club 81', 'This is the description for Book Club 81.', 8);
INSERT INTO bookclub_creators (clubid, userid) VALUES (448, 301);
INSERT INTO bookclub_members (clubid, userid) VALUES (448, 97);
INSERT INTO bookclub_members (clubid, userid) VALUES (448, 226);
INSERT INTO bookclub_members (clubid, userid) VALUES (448, 99);
INSERT INTO bookclub_members (clubid, userid) VALUES (448, 319);
INSERT INTO bookclub_members (clubid, userid) VALUES (448, 301);
INSERT INTO bookclub_members (clubid, userid) VALUES (448, 25);
INSERT INTO bookclub_members (clubid, userid) VALUES (448, 159);
INSERT INTO bookclub_reads (clubid, bookid, start_date, end_date, is_current) VALUES (448, 515, '2025-07-10', '2025-08-28', TRUE);
INSERT INTO bookclub_reads (clubid, bookid, start_date, end_date, is_current) VALUES (448, 139, '2025-07-05', '2025-08-08', TRUE);
INSERT INTO bookclub_reads (clubid, bookid, start_date, end_date, is_current) VALUES (448, 35, '2025-07-11', '2025-08-29', TRUE);
INSERT INTO bookclub_reads (clubid, bookid, start_date, end_date, is_current) VALUES (448, 667, '2025-03-08', '2025-04-07', FALSE);
INSERT INTO bookclub_reads (clubid, bookid, start_date, end_date, is_current) VALUES (448, 523, '2025-05-26', '2025-06-25', FALSE);
INSERT INTO bookclub_reads (clubid, bookid, start_date, end_date, is_current) VALUES (448, 888, '2025-01-06', '2025-02-05', FALSE);
INSERT INTO bookclub_reads (clubid, bookid, start_date, end_date, is_current) VALUES (448, 249, '2025-04-23', '2025-05-23', FALSE);
INSERT INTO bookclub_reads (clubid, bookid, start_date, end_date, is_current) VALUES (448, 864, '2025-03-20', '2025-04-19', FALSE);
INSERT INTO bookclub_reads (clubid, bookid, start_date, end_date, is_current) VALUES (448, 29, '2025-03-10', '2025-04-09', FALSE);
INSERT INTO bookclub_reads (clubid, bookid, start_date, end_date, is_current) VALUES (448, 576, '2025-06-15', '2025-07-15', FALSE);
INSERT INTO bookclub_reads (clubid, bookid, start_date, end_date, is_current) VALUES (448, 650, '2025-06-02', '2025-07-02', FALSE);

INSERT INTO bookclubs (clubid, name, description, max_members) VALUES (449, 'Book Club 82', 'This is the description for Book Club 82.', 14);
INSERT INTO bookclub_creators (clubid, userid) VALUES (449, 100);
INSERT INTO bookclub_members (clubid, userid) VALUES (449, 100);
INSERT INTO bookclub_members (clubid, userid) VALUES (449, 105);
INSERT INTO bookclub_members (clubid, userid) VALUES (449, 106);
INSERT INTO bookclub_members (clubid, userid) VALUES (449, 309);
INSERT INTO bookclub_members (clubid, userid) VALUES (449, 411);
INSERT INTO bookclub_reads (clubid, bookid, start_date, end_date, is_current) VALUES (449, 829, '2025-06-19', '2025-08-21', TRUE);
INSERT INTO bookclub_reads (clubid, bookid, start_date, end_date, is_current) VALUES (449, 213, '2025-07-12', '2025-08-28', TRUE);
INSERT INTO bookclub_reads (clubid, bookid, start_date, end_date, is_current) VALUES (449, 252, '2025-02-20', '2025-03-22', FALSE);
INSERT INTO bookclub_reads (clubid, bookid, start_date, end_date, is_current) VALUES (449, 1005, '2025-03-27', '2025-04-26', FALSE);
INSERT INTO bookclub_reads (clubid, bookid, start_date, end_date, is_current) VALUES (449, 425, '2025-03-06', '2025-04-05', FALSE);
INSERT INTO bookclub_reads (clubid, bookid, start_date, end_date, is_current) VALUES (449, 295, '2025-06-04', '2025-07-04', FALSE);
INSERT INTO bookclub_reads (clubid, bookid, start_date, end_date, is_current) VALUES (449, 570, '2025-01-04', '2025-02-03', FALSE);
INSERT INTO bookclub_reads (clubid, bookid, start_date, end_date, is_current) VALUES (449, 397, '2025-01-28', '2025-02-27', FALSE);
INSERT INTO bookclub_reads (clubid, bookid, start_date, end_date, is_current) VALUES (449, 26, '2025-03-22', '2025-04-21', FALSE);
INSERT INTO bookclub_reads (clubid, bookid, start_date, end_date, is_current) VALUES (449, 475, '2025-03-04', '2025-04-03', FALSE);
INSERT INTO bookclub_reads (clubid, bookid, start_date, end_date, is_current) VALUES (449, 180, '2025-05-26', '2025-06-25', FALSE);
INSERT INTO bookclub_reads (clubid, bookid, start_date, end_date, is_current) VALUES (449, 941, '2025-04-12', '2025-05-12', FALSE);

INSERT INTO bookclubs (clubid, name, description, max_members) VALUES (450, 'Book Club 83', 'This is the description for Book Club 83.', 20);
INSERT INTO bookclub_creators (clubid, userid) VALUES (450, 286);
INSERT INTO bookclub_members (clubid, userid) VALUES (450, 16);
INSERT INTO bookclub_members (clubid, userid) VALUES (450, 321);
INSERT INTO bookclub_members (clubid, userid) VALUES (450, 322);
INSERT INTO bookclub_members (clubid, userid) VALUES (450, 286);
INSERT INTO bookclub_reads (clubid, bookid, start_date, end_date, is_current) VALUES (450, 421, '2025-06-17', '2025-08-12', TRUE);
INSERT INTO bookclub_reads (clubid, bookid, start_date, end_date, is_current) VALUES (450, 866, '2025-07-07', '2025-08-27', TRUE);
INSERT INTO bookclub_reads (clubid, bookid, start_date, end_date, is_current) VALUES (450, 423, '2025-07-15', '2025-08-20', TRUE);
INSERT INTO bookclub_reads (clubid, bookid, start_date, end_date, is_current) VALUES (450, 277, '2025-06-02', '2025-07-02', FALSE);
INSERT INTO bookclub_reads (clubid, bookid, start_date, end_date, is_current) VALUES (450, 1005, '2025-02-07', '2025-03-09', FALSE);
INSERT INTO bookclub_reads (clubid, bookid, start_date, end_date, is_current) VALUES (450, 244, '2025-05-08', '2025-06-07', FALSE);
INSERT INTO bookclub_reads (clubid, bookid, start_date, end_date, is_current) VALUES (450, 599, '2025-04-11', '2025-05-11', FALSE);
INSERT INTO bookclub_reads (clubid, bookid, start_date, end_date, is_current) VALUES (450, 476, '2025-01-12', '2025-02-11', FALSE);
INSERT INTO bookclub_reads (clubid, bookid, start_date, end_date, is_current) VALUES (450, 207, '2025-03-07', '2025-04-06', FALSE);
INSERT INTO bookclub_reads (clubid, bookid, start_date, end_date, is_current) VALUES (450, 629, '2025-03-12', '2025-04-11', FALSE);

INSERT INTO bookclubs (clubid, name, description, max_members) VALUES (451, 'Book Club 84', 'This is the description for Book Club 84.', 15);
INSERT INTO bookclub_creators (clubid, userid) VALUES (451, 58);
INSERT INTO bookclub_members (clubid, userid) VALUES (451, 129);
INSERT INTO bookclub_members (clubid, userid) VALUES (451, 418);
INSERT INTO bookclub_members (clubid, userid) VALUES (451, 67);
INSERT INTO bookclub_members (clubid, userid) VALUES (451, 98);
INSERT INTO bookclub_members (clubid, userid) VALUES (451, 58);
INSERT INTO bookclub_members (clubid, userid) VALUES (451, 15);
INSERT INTO bookclub_members (clubid, userid) VALUES (451, 308);
INSERT INTO bookclub_members (clubid, userid) VALUES (451, 213);
INSERT INTO bookclub_members (clubid, userid) VALUES (451, 312);
INSERT INTO bookclub_members (clubid, userid) VALUES (451, 153);
INSERT INTO bookclub_members (clubid, userid) VALUES (451, 122);
INSERT INTO bookclub_reads (clubid, bookid, start_date, end_date, is_current) VALUES (451, 280, '2025-06-17', '2025-08-12', TRUE);
INSERT INTO bookclub_reads (clubid, bookid, start_date, end_date, is_current) VALUES (451, 154, '2025-07-05', '2025-08-13', TRUE);
INSERT INTO bookclub_reads (clubid, bookid, start_date, end_date, is_current) VALUES (451, 337, '2025-02-22', '2025-03-24', FALSE);
INSERT INTO bookclub_reads (clubid, bookid, start_date, end_date, is_current) VALUES (451, 929, '2025-03-01', '2025-03-31', FALSE);
INSERT INTO bookclub_reads (clubid, bookid, start_date, end_date, is_current) VALUES (451, 650, '2025-05-05', '2025-06-04', FALSE);
INSERT INTO bookclub_reads (clubid, bookid, start_date, end_date, is_current) VALUES (451, 869, '2025-05-17', '2025-06-16', FALSE);
INSERT INTO bookclub_reads (clubid, bookid, start_date, end_date, is_current) VALUES (451, 53, '2025-01-26', '2025-02-25', FALSE);
INSERT INTO bookclub_reads (clubid, bookid, start_date, end_date, is_current) VALUES (451, 285, '2025-04-01', '2025-05-01', FALSE);
INSERT INTO bookclub_reads (clubid, bookid, start_date, end_date, is_current) VALUES (451, 531, '2025-05-02', '2025-06-01', FALSE);
INSERT INTO bookclub_reads (clubid, bookid, start_date, end_date, is_current) VALUES (451, 66, '2025-05-07', '2025-06-06', FALSE);
INSERT INTO bookclub_reads (clubid, bookid, start_date, end_date, is_current) VALUES (451, 139, '2024-12-24', '2025-01-23', FALSE);
INSERT INTO bookclub_reads (clubid, bookid, start_date, end_date, is_current) VALUES (451, 58, '2025-03-07', '2025-04-06', FALSE);
INSERT INTO bookclub_reads (clubid, bookid, start_date, end_date, is_current) VALUES (451, 404, '2025-03-28', '2025-04-27', FALSE);
INSERT INTO bookclub_reads (clubid, bookid, start_date, end_date, is_current) VALUES (451, 762, '2025-01-15', '2025-02-14', FALSE);

INSERT INTO bookclubs (clubid, name, description, max_members) VALUES (452, 'Book Club 85', 'This is the description for Book Club 85.', 20);
INSERT INTO bookclub_creators (clubid, userid) VALUES (452, 60);
INSERT INTO bookclub_members (clubid, userid) VALUES (452, 153);
INSERT INTO bookclub_members (clubid, userid) VALUES (452, 281);
INSERT INTO bookclub_members (clubid, userid) VALUES (452, 201);
INSERT INTO bookclub_members (clubid, userid) VALUES (452, 138);
INSERT INTO bookclub_members (clubid, userid) VALUES (452, 43);
INSERT INTO bookclub_members (clubid, userid) VALUES (452, 364);
INSERT INTO bookclub_members (clubid, userid) VALUES (452, 15);
INSERT INTO bookclub_members (clubid, userid) VALUES (452, 176);
INSERT INTO bookclub_members (clubid, userid) VALUES (452, 240);
INSERT INTO bookclub_members (clubid, userid) VALUES (452, 114);
INSERT INTO bookclub_members (clubid, userid) VALUES (452, 211);
INSERT INTO bookclub_members (clubid, userid) VALUES (452, 271);
INSERT INTO bookclub_members (clubid, userid) VALUES (452, 405);
INSERT INTO bookclub_members (clubid, userid) VALUES (452, 175);
INSERT INTO bookclub_members (clubid, userid) VALUES (452, 377);
INSERT INTO bookclub_members (clubid, userid) VALUES (452, 60);
INSERT INTO bookclub_members (clubid, userid) VALUES (452, 125);
INSERT INTO bookclub_members (clubid, userid) VALUES (452, 30);
INSERT INTO bookclub_reads (clubid, bookid, start_date, end_date, is_current) VALUES (452, 1067, '2025-07-06', '2025-08-31', TRUE);
INSERT INTO bookclub_reads (clubid, bookid, start_date, end_date, is_current) VALUES (452, 355, '2025-03-03', '2025-04-02', FALSE);
INSERT INTO bookclub_reads (clubid, bookid, start_date, end_date, is_current) VALUES (452, 1007, '2025-02-24', '2025-03-26', FALSE);
INSERT INTO bookclub_reads (clubid, bookid, start_date, end_date, is_current) VALUES (452, 67, '2025-04-16', '2025-05-16', FALSE);
INSERT INTO bookclub_reads (clubid, bookid, start_date, end_date, is_current) VALUES (452, 75, '2025-05-24', '2025-06-23', FALSE);
INSERT INTO bookclub_reads (clubid, bookid, start_date, end_date, is_current) VALUES (452, 840, '2025-04-14', '2025-05-14', FALSE);
INSERT INTO bookclub_reads (clubid, bookid, start_date, end_date, is_current) VALUES (452, 129, '2025-06-03', '2025-07-03', FALSE);
INSERT INTO bookclub_reads (clubid, bookid, start_date, end_date, is_current) VALUES (452, 828, '2025-02-13', '2025-03-15', FALSE);
INSERT INTO bookclub_reads (clubid, bookid, start_date, end_date, is_current) VALUES (452, 639, '2025-04-11', '2025-05-11', FALSE);
INSERT INTO bookclub_reads (clubid, bookid, start_date, end_date, is_current) VALUES (452, 5, '2025-05-05', '2025-06-04', FALSE);
INSERT INTO bookclub_reads (clubid, bookid, start_date, end_date, is_current) VALUES (452, 302, '2024-12-27', '2025-01-26', FALSE);

INSERT INTO bookclubs (clubid, name, description, max_members) VALUES (453, 'Book Club 86', 'This is the description for Book Club 86.', 9);
INSERT INTO bookclub_creators (clubid, userid) VALUES (453, 298);
INSERT INTO bookclub_members (clubid, userid) VALUES (453, 193);
INSERT INTO bookclub_members (clubid, userid) VALUES (453, 298);
INSERT INTO bookclub_reads (clubid, bookid, start_date, end_date, is_current) VALUES (453, 105, '2025-06-19', '2025-08-13', TRUE);
INSERT INTO bookclub_reads (clubid, bookid, start_date, end_date, is_current) VALUES (453, 1059, '2025-06-17', '2025-08-21', TRUE);
INSERT INTO bookclub_reads (clubid, bookid, start_date, end_date, is_current) VALUES (453, 81, '2025-01-28', '2025-02-27', FALSE);
INSERT INTO bookclub_reads (clubid, bookid, start_date, end_date, is_current) VALUES (453, 106, '2025-04-11', '2025-05-11', FALSE);
INSERT INTO bookclub_reads (clubid, bookid, start_date, end_date, is_current) VALUES (453, 290, '2025-05-01', '2025-05-31', FALSE);
INSERT INTO bookclub_reads (clubid, bookid, start_date, end_date, is_current) VALUES (453, 762, '2025-03-28', '2025-04-27', FALSE);
INSERT INTO bookclub_reads (clubid, bookid, start_date, end_date, is_current) VALUES (453, 10, '2025-04-13', '2025-05-13', FALSE);
INSERT INTO bookclub_reads (clubid, bookid, start_date, end_date, is_current) VALUES (453, 26, '2025-02-16', '2025-03-18', FALSE);
INSERT INTO bookclub_reads (clubid, bookid, start_date, end_date, is_current) VALUES (453, 484, '2025-04-02', '2025-05-02', FALSE);

INSERT INTO bookclubs (clubid, name, description, max_members) VALUES (454, 'Book Club 87', 'This is the description for Book Club 87.', 7);
INSERT INTO bookclub_creators (clubid, userid) VALUES (454, 427);
INSERT INTO bookclub_members (clubid, userid) VALUES (454, 70);
INSERT INTO bookclub_members (clubid, userid) VALUES (454, 391);
INSERT INTO bookclub_members (clubid, userid) VALUES (454, 427);
INSERT INTO bookclub_members (clubid, userid) VALUES (454, 302);
INSERT INTO bookclub_members (clubid, userid) VALUES (454, 176);
INSERT INTO bookclub_members (clubid, userid) VALUES (454, 438);
INSERT INTO bookclub_members (clubid, userid) VALUES (454, 218);
INSERT INTO bookclub_reads (clubid, bookid, start_date, end_date, is_current) VALUES (454, 1068, '2025-06-25', '2025-08-12', TRUE);
INSERT INTO bookclub_reads (clubid, bookid, start_date, end_date, is_current) VALUES (454, 880, '2025-07-17', '2025-08-21', TRUE);
INSERT INTO bookclub_reads (clubid, bookid, start_date, end_date, is_current) VALUES (454, 356, '2025-06-19', '2025-08-09', TRUE);
INSERT INTO bookclub_reads (clubid, bookid, start_date, end_date, is_current) VALUES (454, 295, '2025-03-29', '2025-04-28', FALSE);
INSERT INTO bookclub_reads (clubid, bookid, start_date, end_date, is_current) VALUES (454, 76, '2025-01-31', '2025-03-02', FALSE);
INSERT INTO bookclub_reads (clubid, bookid, start_date, end_date, is_current) VALUES (454, 431, '2024-12-30', '2025-01-29', FALSE);
INSERT INTO bookclub_reads (clubid, bookid, start_date, end_date, is_current) VALUES (454, 69, '2025-05-03', '2025-06-02', FALSE);
INSERT INTO bookclub_reads (clubid, bookid, start_date, end_date, is_current) VALUES (454, 412, '2025-01-01', '2025-01-31', FALSE);
INSERT INTO bookclub_reads (clubid, bookid, start_date, end_date, is_current) VALUES (454, 413, '2025-01-24', '2025-02-23', FALSE);
INSERT INTO bookclub_reads (clubid, bookid, start_date, end_date, is_current) VALUES (454, 775, '2025-03-01', '2025-03-31', FALSE);
INSERT INTO bookclub_reads (clubid, bookid, start_date, end_date, is_current) VALUES (454, 37, '2025-01-25', '2025-02-24', FALSE);
INSERT INTO bookclub_reads (clubid, bookid, start_date, end_date, is_current) VALUES (454, 698, '2025-02-16', '2025-03-18', FALSE);
INSERT INTO bookclub_reads (clubid, bookid, start_date, end_date, is_current) VALUES (454, 1097, '2024-12-29', '2025-01-28', FALSE);
INSERT INTO bookclub_reads (clubid, bookid, start_date, end_date, is_current) VALUES (454, 152, '2025-05-13', '2025-06-12', FALSE);
INSERT INTO bookclub_reads (clubid, bookid, start_date, end_date, is_current) VALUES (454, 156, '2025-03-27', '2025-04-26', FALSE);

INSERT INTO bookclubs (clubid, name, description, max_members) VALUES (455, 'Book Club 88', 'This is the description for Book Club 88.', 5);
INSERT INTO bookclub_creators (clubid, userid) VALUES (455, 235);
INSERT INTO bookclub_members (clubid, userid) VALUES (455, 368);
INSERT INTO bookclub_members (clubid, userid) VALUES (455, 235);
INSERT INTO bookclub_members (clubid, userid) VALUES (455, 375);
INSERT INTO bookclub_reads (clubid, bookid, start_date, end_date, is_current) VALUES (455, 903, '2025-06-24', '2025-08-11', TRUE);
INSERT INTO bookclub_reads (clubid, bookid, start_date, end_date, is_current) VALUES (455, 85, '2025-05-06', '2025-06-05', FALSE);
INSERT INTO bookclub_reads (clubid, bookid, start_date, end_date, is_current) VALUES (455, 285, '2025-05-11', '2025-06-10', FALSE);
INSERT INTO bookclub_reads (clubid, bookid, start_date, end_date, is_current) VALUES (455, 830, '2025-04-02', '2025-05-02', FALSE);
INSERT INTO bookclub_reads (clubid, bookid, start_date, end_date, is_current) VALUES (455, 295, '2025-01-04', '2025-02-03', FALSE);
INSERT INTO bookclub_reads (clubid, bookid, start_date, end_date, is_current) VALUES (455, 481, '2025-02-02', '2025-03-04', FALSE);
INSERT INTO bookclub_reads (clubid, bookid, start_date, end_date, is_current) VALUES (455, 83, '2025-04-03', '2025-05-03', FALSE);
INSERT INTO bookclub_reads (clubid, bookid, start_date, end_date, is_current) VALUES (455, 23, '2025-05-17', '2025-06-16', FALSE);
INSERT INTO bookclub_reads (clubid, bookid, start_date, end_date, is_current) VALUES (455, 98, '2025-02-23', '2025-03-25', FALSE);
INSERT INTO bookclub_reads (clubid, bookid, start_date, end_date, is_current) VALUES (455, 435, '2025-03-14', '2025-04-13', FALSE);
INSERT INTO bookclub_reads (clubid, bookid, start_date, end_date, is_current) VALUES (455, 534, '2025-04-12', '2025-05-12', FALSE);
INSERT INTO bookclub_reads (clubid, bookid, start_date, end_date, is_current) VALUES (455, 297, '2025-03-19', '2025-04-18', FALSE);
INSERT INTO bookclub_reads (clubid, bookid, start_date, end_date, is_current) VALUES (455, 987, '2025-02-14', '2025-03-16', FALSE);
INSERT INTO bookclub_reads (clubid, bookid, start_date, end_date, is_current) VALUES (455, 269, '2025-04-28', '2025-05-28', FALSE);

INSERT INTO bookclubs (clubid, name, description, max_members) VALUES (456, 'Book Club 89', 'This is the description for Book Club 89.', 13);
INSERT INTO bookclub_creators (clubid, userid) VALUES (456, 170);
INSERT INTO bookclub_members (clubid, userid) VALUES (456, 170);
INSERT INTO bookclub_members (clubid, userid) VALUES (456, 241);
INSERT INTO bookclub_members (clubid, userid) VALUES (456, 244);
INSERT INTO bookclub_members (clubid, userid) VALUES (456, 30);
INSERT INTO bookclub_members (clubid, userid) VALUES (456, 319);
INSERT INTO bookclub_reads (clubid, bookid, start_date, end_date, is_current) VALUES (456, 10, '2025-06-22', '2025-08-04', TRUE);
INSERT INTO bookclub_reads (clubid, bookid, start_date, end_date, is_current) VALUES (456, 269, '2025-06-27', '2025-08-11', TRUE);
INSERT INTO bookclub_reads (clubid, bookid, start_date, end_date, is_current) VALUES (456, 534, '2025-05-31', '2025-06-30', FALSE);
INSERT INTO bookclub_reads (clubid, bookid, start_date, end_date, is_current) VALUES (456, 182, '2025-06-07', '2025-07-07', FALSE);
INSERT INTO bookclub_reads (clubid, bookid, start_date, end_date, is_current) VALUES (456, 130, '2025-06-16', '2025-07-16', FALSE);
INSERT INTO bookclub_reads (clubid, bookid, start_date, end_date, is_current) VALUES (456, 156, '2025-06-09', '2025-07-09', FALSE);
INSERT INTO bookclub_reads (clubid, bookid, start_date, end_date, is_current) VALUES (456, 412, '2025-06-10', '2025-07-10', FALSE);
INSERT INTO bookclub_reads (clubid, bookid, start_date, end_date, is_current) VALUES (456, 431, '2025-06-08', '2025-07-08', FALSE);
INSERT INTO bookclub_reads (clubid, bookid, start_date, end_date, is_current) VALUES (456, 180, '2025-01-15', '2025-02-14', FALSE);
INSERT INTO bookclub_reads (clubid, bookid, start_date, end_date, is_current) VALUES (456, 69, '2025-05-12', '2025-06-11', FALSE);

INSERT INTO bookclubs (clubid, name, description, max_members) VALUES (457, 'Book Club 90', 'This is the description for Book Club 90.', 7);
INSERT INTO bookclub_creators (clubid, userid) VALUES (457, 198);
INSERT INTO bookclub_members (clubid, userid) VALUES (457, 325);
INSERT INTO bookclub_members (clubid, userid) VALUES (457, 198);
INSERT INTO bookclub_members (clubid, userid) VALUES (457, 359);
INSERT INTO bookclub_members (clubid, userid) VALUES (457, 15);
INSERT INTO bookclub_members (clubid, userid) VALUES (457, 337);
INSERT INTO bookclub_members (clubid, userid) VALUES (457, 91);
INSERT INTO bookclub_reads (clubid, bookid, start_date, end_date, is_current) VALUES (457, 681, '2025-06-21', '2025-08-24', TRUE);
INSERT INTO bookclub_reads (clubid, bookid, start_date, end_date, is_current) VALUES (457, 523, '2025-07-01', '2025-08-15', TRUE);
INSERT INTO bookclub_reads (clubid, bookid, start_date, end_date, is_current) VALUES (457, 538, '2025-07-01', '2025-08-07', TRUE);
INSERT INTO bookclub_reads (clubid, bookid, start_date, end_date, is_current) VALUES (457, 163, '2025-05-06', '2025-06-05', FALSE);
INSERT INTO bookclub_reads (clubid, bookid, start_date, end_date, is_current) VALUES (457, 166, '2025-04-14', '2025-05-14', FALSE);
INSERT INTO bookclub_reads (clubid, bookid, start_date, end_date, is_current) VALUES (457, 410, '2025-04-03', '2025-05-03', FALSE);
INSERT INTO bookclub_reads (clubid, bookid, start_date, end_date, is_current) VALUES (457, 68, '2025-01-09', '2025-02-08', FALSE);
INSERT INTO bookclub_reads (clubid, bookid, start_date, end_date, is_current) VALUES (457, 1078, '2025-03-09', '2025-04-08', FALSE);

INSERT INTO bookclubs (clubid, name, description, max_members) VALUES (458, 'Book Club 91', 'This is the description for Book Club 91.', 5);
INSERT INTO bookclub_creators (clubid, userid) VALUES (458, 99);
INSERT INTO bookclub_members (clubid, userid) VALUES (458, 99);
INSERT INTO bookclub_members (clubid, userid) VALUES (458, 235);
INSERT INTO bookclub_reads (clubid, bookid, start_date, end_date, is_current) VALUES (458, 869, '2025-06-18', '2025-08-22', TRUE);
INSERT INTO bookclub_reads (clubid, bookid, start_date, end_date, is_current) VALUES (458, 841, '2025-05-04', '2025-06-03', FALSE);
INSERT INTO bookclub_reads (clubid, bookid, start_date, end_date, is_current) VALUES (458, 597, '2025-04-01', '2025-05-01', FALSE);
INSERT INTO bookclub_reads (clubid, bookid, start_date, end_date, is_current) VALUES (458, 665, '2025-05-08', '2025-06-07', FALSE);
INSERT INTO bookclub_reads (clubid, bookid, start_date, end_date, is_current) VALUES (458, 764, '2025-06-10', '2025-07-10', FALSE);
INSERT INTO bookclub_reads (clubid, bookid, start_date, end_date, is_current) VALUES (458, 1032, '2025-05-23', '2025-06-22', FALSE);
INSERT INTO bookclub_reads (clubid, bookid, start_date, end_date, is_current) VALUES (458, 31, '2025-01-01', '2025-01-31', FALSE);
INSERT INTO bookclub_reads (clubid, bookid, start_date, end_date, is_current) VALUES (458, 434, '2025-01-07', '2025-02-06', FALSE);
INSERT INTO bookclub_reads (clubid, bookid, start_date, end_date, is_current) VALUES (458, 403, '2025-03-14', '2025-04-13', FALSE);
INSERT INTO bookclub_reads (clubid, bookid, start_date, end_date, is_current) VALUES (458, 835, '2025-02-03', '2025-03-05', FALSE);
INSERT INTO bookclub_reads (clubid, bookid, start_date, end_date, is_current) VALUES (458, 815, '2025-06-09', '2025-07-09', FALSE);
INSERT INTO bookclub_reads (clubid, bookid, start_date, end_date, is_current) VALUES (458, 453, '2025-03-15', '2025-04-14', FALSE);
INSERT INTO bookclub_reads (clubid, bookid, start_date, end_date, is_current) VALUES (458, 10, '2025-03-11', '2025-04-10', FALSE);
INSERT INTO bookclub_reads (clubid, bookid, start_date, end_date, is_current) VALUES (458, 848, '2025-06-11', '2025-07-11', FALSE);
INSERT INTO bookclub_reads (clubid, bookid, start_date, end_date, is_current) VALUES (458, 1067, '2025-02-18', '2025-03-20', FALSE);

INSERT INTO bookclubs (clubid, name, description, max_members) VALUES (459, 'Book Club 92', 'This is the description for Book Club 92.', 7);
INSERT INTO bookclub_creators (clubid, userid) VALUES (459, 333);
INSERT INTO bookclub_members (clubid, userid) VALUES (459, 32);
INSERT INTO bookclub_members (clubid, userid) VALUES (459, 333);
INSERT INTO bookclub_members (clubid, userid) VALUES (459, 405);
INSERT INTO bookclub_members (clubid, userid) VALUES (459, 111);
INSERT INTO bookclub_reads (clubid, bookid, start_date, end_date, is_current) VALUES (459, 407, '2025-07-10', '2025-08-13', TRUE);
INSERT INTO bookclub_reads (clubid, bookid, start_date, end_date, is_current) VALUES (459, 31, '2025-06-23', '2025-08-01', TRUE);
INSERT INTO bookclub_reads (clubid, bookid, start_date, end_date, is_current) VALUES (459, 302, '2025-07-04', '2025-08-13', TRUE);
INSERT INTO bookclub_reads (clubid, bookid, start_date, end_date, is_current) VALUES (459, 698, '2025-01-17', '2025-02-16', FALSE);
INSERT INTO bookclub_reads (clubid, bookid, start_date, end_date, is_current) VALUES (459, 355, '2025-05-14', '2025-06-13', FALSE);
INSERT INTO bookclub_reads (clubid, bookid, start_date, end_date, is_current) VALUES (459, 842, '2024-12-22', '2025-01-21', FALSE);
INSERT INTO bookclub_reads (clubid, bookid, start_date, end_date, is_current) VALUES (459, 55, '2025-03-24', '2025-04-23', FALSE);
INSERT INTO bookclub_reads (clubid, bookid, start_date, end_date, is_current) VALUES (459, 57, '2025-04-30', '2025-05-30', FALSE);
INSERT INTO bookclub_reads (clubid, bookid, start_date, end_date, is_current) VALUES (459, 524, '2025-04-06', '2025-05-06', FALSE);
INSERT INTO bookclub_reads (clubid, bookid, start_date, end_date, is_current) VALUES (459, 291, '2025-03-21', '2025-04-20', FALSE);
INSERT INTO bookclub_reads (clubid, bookid, start_date, end_date, is_current) VALUES (459, 59, '2025-06-14', '2025-07-14', FALSE);
INSERT INTO bookclub_reads (clubid, bookid, start_date, end_date, is_current) VALUES (459, 955, '2025-04-08', '2025-05-08', FALSE);
INSERT INTO bookclub_reads (clubid, bookid, start_date, end_date, is_current) VALUES (459, 665, '2024-12-25', '2025-01-24', FALSE);
INSERT INTO bookclub_reads (clubid, bookid, start_date, end_date, is_current) VALUES (459, 28, '2025-01-08', '2025-02-07', FALSE);
INSERT INTO bookclub_reads (clubid, bookid, start_date, end_date, is_current) VALUES (459, 827, '2025-04-02', '2025-05-02', FALSE);

INSERT INTO bookclubs (clubid, name, description, max_members) VALUES (460, 'Book Club 93', 'This is the description for Book Club 93.', 5);
INSERT INTO bookclub_creators (clubid, userid) VALUES (460, 14);
INSERT INTO bookclub_members (clubid, userid) VALUES (460, 216);
INSERT INTO bookclub_members (clubid, userid) VALUES (460, 379);
INSERT INTO bookclub_members (clubid, userid) VALUES (460, 14);
INSERT INTO bookclub_reads (clubid, bookid, start_date, end_date, is_current) VALUES (460, 432, '2025-06-24', '2025-08-17', TRUE);
INSERT INTO bookclub_reads (clubid, bookid, start_date, end_date, is_current) VALUES (460, 1014, '2025-02-16', '2025-03-18', FALSE);
INSERT INTO bookclub_reads (clubid, bookid, start_date, end_date, is_current) VALUES (460, 18, '2025-04-28', '2025-05-28', FALSE);
INSERT INTO bookclub_reads (clubid, bookid, start_date, end_date, is_current) VALUES (460, 775, '2025-03-02', '2025-04-01', FALSE);
INSERT INTO bookclub_reads (clubid, bookid, start_date, end_date, is_current) VALUES (460, 109, '2025-05-27', '2025-06-26', FALSE);
INSERT INTO bookclub_reads (clubid, bookid, start_date, end_date, is_current) VALUES (460, 50, '2025-04-12', '2025-05-12', FALSE);
INSERT INTO bookclub_reads (clubid, bookid, start_date, end_date, is_current) VALUES (460, 201, '2025-03-23', '2025-04-22', FALSE);
INSERT INTO bookclub_reads (clubid, bookid, start_date, end_date, is_current) VALUES (460, 880, '2025-01-18', '2025-02-17', FALSE);
INSERT INTO bookclub_reads (clubid, bookid, start_date, end_date, is_current) VALUES (460, 100, '2025-01-25', '2025-02-24', FALSE);
INSERT INTO bookclub_reads (clubid, bookid, start_date, end_date, is_current) VALUES (460, 354, '2025-04-11', '2025-05-11', FALSE);
INSERT INTO bookclub_reads (clubid, bookid, start_date, end_date, is_current) VALUES (460, 290, '2025-04-09', '2025-05-09', FALSE);
INSERT INTO bookclub_reads (clubid, bookid, start_date, end_date, is_current) VALUES (460, 763, '2025-01-27', '2025-02-26', FALSE);

INSERT INTO bookclubs (clubid, name, description, max_members) VALUES (461, 'Book Club 94', 'This is the description for Book Club 94.', 18);
INSERT INTO bookclub_creators (clubid, userid) VALUES (461, 132);
INSERT INTO bookclub_members (clubid, userid) VALUES (461, 290);
INSERT INTO bookclub_members (clubid, userid) VALUES (461, 68);
INSERT INTO bookclub_members (clubid, userid) VALUES (461, 132);
INSERT INTO bookclub_members (clubid, userid) VALUES (461, 38);
INSERT INTO bookclub_members (clubid, userid) VALUES (461, 427);
INSERT INTO bookclub_members (clubid, userid) VALUES (461, 172);
INSERT INTO bookclub_members (clubid, userid) VALUES (461, 171);
INSERT INTO bookclub_members (clubid, userid) VALUES (461, 366);
INSERT INTO bookclub_members (clubid, userid) VALUES (461, 208);
INSERT INTO bookclub_members (clubid, userid) VALUES (461, 210);
INSERT INTO bookclub_members (clubid, userid) VALUES (461, 19);
INSERT INTO bookclub_members (clubid, userid) VALUES (461, 404);
INSERT INTO bookclub_members (clubid, userid) VALUES (461, 405);
INSERT INTO bookclub_members (clubid, userid) VALUES (461, 310);
INSERT INTO bookclub_members (clubid, userid) VALUES (461, 246);
INSERT INTO bookclub_members (clubid, userid) VALUES (461, 374);
INSERT INTO bookclub_members (clubid, userid) VALUES (461, 51);
INSERT INTO bookclub_members (clubid, userid) VALUES (461, 250);
INSERT INTO bookclub_reads (clubid, bookid, start_date, end_date, is_current) VALUES (461, 69, '2025-07-01', '2025-08-27', TRUE);
INSERT INTO bookclub_reads (clubid, bookid, start_date, end_date, is_current) VALUES (461, 79, '2025-01-29', '2025-02-28', FALSE);
INSERT INTO bookclub_reads (clubid, bookid, start_date, end_date, is_current) VALUES (461, 629, '2024-12-30', '2025-01-29', FALSE);
INSERT INTO bookclub_reads (clubid, bookid, start_date, end_date, is_current) VALUES (461, 799, '2025-03-04', '2025-04-03', FALSE);
INSERT INTO bookclub_reads (clubid, bookid, start_date, end_date, is_current) VALUES (461, 132, '2025-05-30', '2025-06-29', FALSE);
INSERT INTO bookclub_reads (clubid, bookid, start_date, end_date, is_current) VALUES (461, 524, '2025-05-25', '2025-06-24', FALSE);
INSERT INTO bookclub_reads (clubid, bookid, start_date, end_date, is_current) VALUES (461, 356, '2024-12-19', '2025-01-18', FALSE);
INSERT INTO bookclub_reads (clubid, bookid, start_date, end_date, is_current) VALUES (461, 531, '2025-03-20', '2025-04-19', FALSE);
INSERT INTO bookclub_reads (clubid, bookid, start_date, end_date, is_current) VALUES (461, 1007, '2025-02-25', '2025-03-27', FALSE);

INSERT INTO bookclubs (clubid, name, description, max_members) VALUES (462, 'Book Club 95', 'This is the description for Book Club 95.', 19);
INSERT INTO bookclub_creators (clubid, userid) VALUES (462, 213);
INSERT INTO bookclub_members (clubid, userid) VALUES (462, 408);
INSERT INTO bookclub_members (clubid, userid) VALUES (462, 103);
INSERT INTO bookclub_members (clubid, userid) VALUES (462, 424);
INSERT INTO bookclub_members (clubid, userid) VALUES (462, 394);
INSERT INTO bookclub_members (clubid, userid) VALUES (462, 268);
INSERT INTO bookclub_members (clubid, userid) VALUES (462, 429);
INSERT INTO bookclub_members (clubid, userid) VALUES (462, 173);
INSERT INTO bookclub_members (clubid, userid) VALUES (462, 271);
INSERT INTO bookclub_members (clubid, userid) VALUES (462, 273);
INSERT INTO bookclub_members (clubid, userid) VALUES (462, 83);
INSERT INTO bookclub_members (clubid, userid) VALUES (462, 23);
INSERT INTO bookclub_members (clubid, userid) VALUES (462, 213);
INSERT INTO bookclub_members (clubid, userid) VALUES (462, 246);
INSERT INTO bookclub_members (clubid, userid) VALUES (462, 87);
INSERT INTO bookclub_members (clubid, userid) VALUES (462, 56);
INSERT INTO bookclub_members (clubid, userid) VALUES (462, 345);
INSERT INTO bookclub_members (clubid, userid) VALUES (462, 123);
INSERT INTO bookclub_reads (clubid, bookid, start_date, end_date, is_current) VALUES (462, 955, '2025-07-01', '2025-08-19', TRUE);
INSERT INTO bookclub_reads (clubid, bookid, start_date, end_date, is_current) VALUES (462, 155, '2025-07-13', '2025-08-07', TRUE);
INSERT INTO bookclub_reads (clubid, bookid, start_date, end_date, is_current) VALUES (462, 408, '2025-07-02', '2025-08-25', TRUE);
INSERT INTO bookclub_reads (clubid, bookid, start_date, end_date, is_current) VALUES (462, 403, '2024-12-26', '2025-01-25', FALSE);
INSERT INTO bookclub_reads (clubid, bookid, start_date, end_date, is_current) VALUES (462, 13, '2025-03-30', '2025-04-29', FALSE);
INSERT INTO bookclub_reads (clubid, bookid, start_date, end_date, is_current) VALUES (462, 619, '2025-04-26', '2025-05-26', FALSE);
INSERT INTO bookclub_reads (clubid, bookid, start_date, end_date, is_current) VALUES (462, 152, '2025-02-24', '2025-03-26', FALSE);
INSERT INTO bookclub_reads (clubid, bookid, start_date, end_date, is_current) VALUES (462, 31, '2025-04-25', '2025-05-25', FALSE);
INSERT INTO bookclub_reads (clubid, bookid, start_date, end_date, is_current) VALUES (462, 394, '2025-01-03', '2025-02-02', FALSE);
INSERT INTO bookclub_reads (clubid, bookid, start_date, end_date, is_current) VALUES (462, 182, '2025-05-17', '2025-06-16', FALSE);
INSERT INTO bookclub_reads (clubid, bookid, start_date, end_date, is_current) VALUES (462, 428, '2025-05-17', '2025-06-16', FALSE);
INSERT INTO bookclub_reads (clubid, bookid, start_date, end_date, is_current) VALUES (462, 216, '2025-06-12', '2025-07-12', FALSE);
INSERT INTO bookclub_reads (clubid, bookid, start_date, end_date, is_current) VALUES (462, 135, '2025-02-04', '2025-03-06', FALSE);
INSERT INTO bookclub_reads (clubid, bookid, start_date, end_date, is_current) VALUES (462, 140, '2025-03-17', '2025-04-16', FALSE);
INSERT INTO bookclub_reads (clubid, bookid, start_date, end_date, is_current) VALUES (462, 36, '2025-04-18', '2025-05-18', FALSE);

INSERT INTO bookclubs (clubid, name, description, max_members) VALUES (463, 'Book Club 96', 'This is the description for Book Club 96.', 17);
INSERT INTO bookclub_creators (clubid, userid) VALUES (463, 68);
INSERT INTO bookclub_members (clubid, userid) VALUES (463, 68);
INSERT INTO bookclub_members (clubid, userid) VALUES (463, 426);
INSERT INTO bookclub_members (clubid, userid) VALUES (463, 266);
INSERT INTO bookclub_members (clubid, userid) VALUES (463, 405);
INSERT INTO bookclub_members (clubid, userid) VALUES (463, 342);
INSERT INTO bookclub_reads (clubid, bookid, start_date, end_date, is_current) VALUES (463, 681, '2025-06-26', '2025-08-28', TRUE);
INSERT INTO bookclub_reads (clubid, bookid, start_date, end_date, is_current) VALUES (463, 643, '2025-07-04', '2025-08-29', TRUE);
INSERT INTO bookclub_reads (clubid, bookid, start_date, end_date, is_current) VALUES (463, 117, '2025-01-27', '2025-02-26', FALSE);
INSERT INTO bookclub_reads (clubid, bookid, start_date, end_date, is_current) VALUES (463, 870, '2025-02-19', '2025-03-21', FALSE);
INSERT INTO bookclub_reads (clubid, bookid, start_date, end_date, is_current) VALUES (463, 408, '2025-06-02', '2025-07-02', FALSE);
INSERT INTO bookclub_reads (clubid, bookid, start_date, end_date, is_current) VALUES (463, 25, '2024-12-25', '2025-01-24', FALSE);
INSERT INTO bookclub_reads (clubid, bookid, start_date, end_date, is_current) VALUES (463, 26, '2025-01-07', '2025-02-06', FALSE);
INSERT INTO bookclub_reads (clubid, bookid, start_date, end_date, is_current) VALUES (463, 407, '2025-04-14', '2025-05-14', FALSE);
INSERT INTO bookclub_reads (clubid, bookid, start_date, end_date, is_current) VALUES (463, 1022, '2025-04-10', '2025-05-10', FALSE);
INSERT INTO bookclub_reads (clubid, bookid, start_date, end_date, is_current) VALUES (463, 411, '2025-06-09', '2025-07-09', FALSE);
INSERT INTO bookclub_reads (clubid, bookid, start_date, end_date, is_current) VALUES (463, 841, '2025-04-28', '2025-05-28', FALSE);

INSERT INTO bookclubs (clubid, name, description, max_members) VALUES (464, 'Book Club 97', 'This is the description for Book Club 97.', 18);
INSERT INTO bookclub_creators (clubid, userid) VALUES (464, 358);
INSERT INTO bookclub_members (clubid, userid) VALUES (464, 419);
INSERT INTO bookclub_members (clubid, userid) VALUES (464, 163);
INSERT INTO bookclub_members (clubid, userid) VALUES (464, 358);
INSERT INTO bookclub_members (clubid, userid) VALUES (464, 233);
INSERT INTO bookclub_members (clubid, userid) VALUES (464, 170);
INSERT INTO bookclub_members (clubid, userid) VALUES (464, 107);
INSERT INTO bookclub_members (clubid, userid) VALUES (464, 202);
INSERT INTO bookclub_members (clubid, userid) VALUES (464, 206);
INSERT INTO bookclub_members (clubid, userid) VALUES (464, 276);
INSERT INTO bookclub_members (clubid, userid) VALUES (464, 407);
INSERT INTO bookclub_members (clubid, userid) VALUES (464, 125);
INSERT INTO bookclub_reads (clubid, bookid, start_date, end_date, is_current) VALUES (464, 771, '2025-06-21', '2025-08-01', TRUE);
INSERT INTO bookclub_reads (clubid, bookid, start_date, end_date, is_current) VALUES (464, 57, '2025-05-01', '2025-05-31', FALSE);
INSERT INTO bookclub_reads (clubid, bookid, start_date, end_date, is_current) VALUES (464, 72, '2024-12-23', '2025-01-22', FALSE);
INSERT INTO bookclub_reads (clubid, bookid, start_date, end_date, is_current) VALUES (464, 639, '2025-03-06', '2025-04-05', FALSE);
INSERT INTO bookclub_reads (clubid, bookid, start_date, end_date, is_current) VALUES (464, 406, '2025-06-08', '2025-07-08', FALSE);
INSERT INTO bookclub_reads (clubid, bookid, start_date, end_date, is_current) VALUES (464, 668, '2025-01-02', '2025-02-01', FALSE);
INSERT INTO bookclub_reads (clubid, bookid, start_date, end_date, is_current) VALUES (464, 67, '2025-06-12', '2025-07-12', FALSE);
INSERT INTO bookclub_reads (clubid, bookid, start_date, end_date, is_current) VALUES (464, 59, '2025-02-04', '2025-03-06', FALSE);
INSERT INTO bookclub_reads (clubid, bookid, start_date, end_date, is_current) VALUES (464, 385, '2025-06-08', '2025-07-08', FALSE);
INSERT INTO bookclub_reads (clubid, bookid, start_date, end_date, is_current) VALUES (464, 960, '2025-03-29', '2025-04-28', FALSE);
INSERT INTO bookclub_reads (clubid, bookid, start_date, end_date, is_current) VALUES (464, 834, '2025-03-12', '2025-04-11', FALSE);
INSERT INTO bookclub_reads (clubid, bookid, start_date, end_date, is_current) VALUES (464, 180, '2025-01-28', '2025-02-27', FALSE);
INSERT INTO bookclub_reads (clubid, bookid, start_date, end_date, is_current) VALUES (464, 292, '2025-05-31', '2025-06-30', FALSE);
INSERT INTO bookclub_reads (clubid, bookid, start_date, end_date, is_current) VALUES (464, 289, '2025-04-16', '2025-05-16', FALSE);
INSERT INTO bookclub_reads (clubid, bookid, start_date, end_date, is_current) VALUES (464, 412, '2025-02-02', '2025-03-04', FALSE);

INSERT INTO bookclubs (clubid, name, description, max_members) VALUES (465, 'Book Club 98', 'This is the description for Book Club 98.', 13);
INSERT INTO bookclub_creators (clubid, userid) VALUES (465, 402);
INSERT INTO bookclub_members (clubid, userid) VALUES (465, 402);
INSERT INTO bookclub_members (clubid, userid) VALUES (465, 213);
INSERT INTO bookclub_members (clubid, userid) VALUES (465, 62);
INSERT INTO bookclub_reads (clubid, bookid, start_date, end_date, is_current) VALUES (465, 538, '2025-07-02', '2025-08-15', TRUE);
INSERT INTO bookclub_reads (clubid, bookid, start_date, end_date, is_current) VALUES (465, 285, '2025-03-11', '2025-04-10', FALSE);
INSERT INTO bookclub_reads (clubid, bookid, start_date, end_date, is_current) VALUES (465, 109, '2024-12-24', '2025-01-23', FALSE);
INSERT INTO bookclub_reads (clubid, bookid, start_date, end_date, is_current) VALUES (465, 415, '2025-04-10', '2025-05-10', FALSE);
INSERT INTO bookclub_reads (clubid, bookid, start_date, end_date, is_current) VALUES (465, 166, '2025-06-01', '2025-07-01', FALSE);
INSERT INTO bookclub_reads (clubid, bookid, start_date, end_date, is_current) VALUES (465, 168, '2025-01-17', '2025-02-16', FALSE);

INSERT INTO bookclubs (clubid, name, description, max_members) VALUES (466, 'Book Club 99', 'This is the description for Book Club 99.', 5);
INSERT INTO bookclub_creators (clubid, userid) VALUES (466, 355);
INSERT INTO bookclub_members (clubid, userid) VALUES (466, 384);
INSERT INTO bookclub_members (clubid, userid) VALUES (466, 355);
INSERT INTO bookclub_members (clubid, userid) VALUES (466, 268);
INSERT INTO bookclub_members (clubid, userid) VALUES (466, 302);
INSERT INTO bookclub_members (clubid, userid) VALUES (466, 222);
INSERT INTO bookclub_reads (clubid, bookid, start_date, end_date, is_current) VALUES (466, 30, '2025-07-08', '2025-08-12', TRUE);
INSERT INTO bookclub_reads (clubid, bookid, start_date, end_date, is_current) VALUES (466, 201, '2025-04-21', '2025-05-21', FALSE);
INSERT INTO bookclub_reads (clubid, bookid, start_date, end_date, is_current) VALUES (466, 117, '2025-04-12', '2025-05-12', FALSE);
INSERT INTO bookclub_reads (clubid, bookid, start_date, end_date, is_current) VALUES (466, 1022, '2025-02-05', '2025-03-07', FALSE);
INSERT INTO bookclub_reads (clubid, bookid, start_date, end_date, is_current) VALUES (466, 944, '2025-05-21', '2025-06-20', FALSE);
INSERT INTO bookclub_reads (clubid, bookid, start_date, end_date, is_current) VALUES (466, 403, '2025-04-08', '2025-05-08', FALSE);
INSERT INTO bookclub_reads (clubid, bookid, start_date, end_date, is_current) VALUES (466, 63, '2025-04-01', '2025-05-01', FALSE);
INSERT INTO bookclub_reads (clubid, bookid, start_date, end_date, is_current) VALUES (466, 484, '2025-02-08', '2025-03-10', FALSE);

INSERT INTO bookclubs (clubid, name, description, max_members) VALUES (467, 'Book Club 100', 'This is the description for Book Club 100.', 7);
INSERT INTO bookclub_creators (clubid, userid) VALUES (467, 259);
INSERT INTO bookclub_members (clubid, userid) VALUES (467, 352);
INSERT INTO bookclub_members (clubid, userid) VALUES (467, 259);
INSERT INTO bookclub_members (clubid, userid) VALUES (467, 11);
INSERT INTO bookclub_members (clubid, userid) VALUES (467, 55);
INSERT INTO bookclub_members (clubid, userid) VALUES (467, 249);
INSERT INTO bookclub_members (clubid, userid) VALUES (467, 155);
INSERT INTO bookclub_members (clubid, userid) VALUES (467, 223);
INSERT INTO bookclub_reads (clubid, bookid, start_date, end_date, is_current) VALUES (467, 71, '2025-06-20', '2025-08-07', TRUE);
INSERT INTO bookclub_reads (clubid, bookid, start_date, end_date, is_current) VALUES (467, 935, '2025-07-17', '2025-08-14', TRUE);
INSERT INTO bookclub_reads (clubid, bookid, start_date, end_date, is_current) VALUES (467, 207, '2025-07-12', '2025-08-05', TRUE);
INSERT INTO bookclub_reads (clubid, bookid, start_date, end_date, is_current) VALUES (467, 902, '2025-02-02', '2025-03-04', FALSE);
INSERT INTO bookclub_reads (clubid, bookid, start_date, end_date, is_current) VALUES (467, 1090, '2025-05-12', '2025-06-11', FALSE);
INSERT INTO bookclub_reads (clubid, bookid, start_date, end_date, is_current) VALUES (467, 30, '2025-02-08', '2025-03-10', FALSE);
INSERT INTO bookclub_reads (clubid, bookid, start_date, end_date, is_current) VALUES (467, 822, '2025-01-17', '2025-02-16', FALSE);
INSERT INTO bookclub_reads (clubid, bookid, start_date, end_date, is_current) VALUES (467, 163, '2025-01-05', '2025-02-04', FALSE);
INSERT INTO bookclub_reads (clubid, bookid, start_date, end_date, is_current) VALUES (467, 903, '2025-01-20', '2025-02-19', FALSE);
INSERT INTO bookclub_reads (clubid, bookid, start_date, end_date, is_current) VALUES (467, 524, '2024-12-30', '2025-01-29', FALSE);
INSERT INTO bookclub_reads (clubid, bookid, start_date, end_date, is_current) VALUES (467, 297, '2025-03-20', '2025-04-19', FALSE);
INSERT INTO bookclub_reads (clubid, bookid, start_date, end_date, is_current) VALUES (467, 888, '2025-03-30', '2025-04-29', FALSE);
INSERT INTO bookclub_reads (clubid, bookid, start_date, end_date, is_current) VALUES (467, 123, '2025-02-02', '2025-03-04', FALSE);
INSERT INTO bookclub_reads (clubid, bookid, start_date, end_date, is_current) VALUES (467, 362, '2025-02-07', '2025-03-09', FALSE);
INSERT INTO bookclub_reads (clubid, bookid, start_date, end_date, is_current) VALUES (467, 78, '2025-04-08', '2025-05-08', FALSE);
INSERT INTO bookclub_reads (clubid, bookid, start_date, end_date, is_current) VALUES (467, 75, '2025-03-12', '2025-04-11', FALSE);
INSERT INTO bookclub_reads (clubid, bookid, start_date, end_date, is_current) VALUES (467, 205, '2025-05-29', '2025-06-28', FALSE);
INSERT INTO bookclub_reads (clubid, bookid, start_date, end_date, is_current) VALUES (467, 313, '2025-05-21', '2025-06-20', FALSE);

INSERT INTO bookclubs (clubid, name, description, max_members) VALUES (468, 'Book Club 101', 'This is the description for Book Club 101.', 8);
INSERT INTO bookclub_creators (clubid, userid) VALUES (468, 187);
INSERT INTO bookclub_members (clubid, userid) VALUES (468, 228);
INSERT INTO bookclub_members (clubid, userid) VALUES (468, 118);
INSERT INTO bookclub_members (clubid, userid) VALUES (468, 56);
INSERT INTO bookclub_members (clubid, userid) VALUES (468, 26);
INSERT INTO bookclub_members (clubid, userid) VALUES (468, 187);
INSERT INTO bookclub_members (clubid, userid) VALUES (468, 188);
INSERT INTO bookclub_members (clubid, userid) VALUES (468, 223);
INSERT INTO bookclub_reads (clubid, bookid, start_date, end_date, is_current) VALUES (468, 1053, '2025-06-29', '2025-08-24', TRUE);
INSERT INTO bookclub_reads (clubid, bookid, start_date, end_date, is_current) VALUES (468, 359, '2025-07-11', '2025-08-28', TRUE);
INSERT INTO bookclub_reads (clubid, bookid, start_date, end_date, is_current) VALUES (468, 54, '2025-07-07', '2025-08-19', TRUE);
INSERT INTO bookclub_reads (clubid, bookid, start_date, end_date, is_current) VALUES (468, 66, '2025-04-15', '2025-05-15', FALSE);
INSERT INTO bookclub_reads (clubid, bookid, start_date, end_date, is_current) VALUES (468, 61, '2025-04-30', '2025-05-30', FALSE);
INSERT INTO bookclub_reads (clubid, bookid, start_date, end_date, is_current) VALUES (468, 99, '2025-01-18', '2025-02-17', FALSE);
INSERT INTO bookclub_reads (clubid, bookid, start_date, end_date, is_current) VALUES (468, 658, '2025-05-03', '2025-06-02', FALSE);
INSERT INTO bookclub_reads (clubid, bookid, start_date, end_date, is_current) VALUES (468, 5, '2025-02-05', '2025-03-07', FALSE);
INSERT INTO bookclub_reads (clubid, bookid, start_date, end_date, is_current) VALUES (468, 685, '2025-06-07', '2025-07-07', FALSE);
INSERT INTO bookclub_reads (clubid, bookid, start_date, end_date, is_current) VALUES (468, 4, '2025-01-30', '2025-03-01', FALSE);

INSERT INTO bookclubs (clubid, name, description, max_members) VALUES (469, 'Book Club 102', 'This is the description for Book Club 102.', 7);
INSERT INTO bookclub_creators (clubid, userid) VALUES (469, 400);
INSERT INTO bookclub_members (clubid, userid) VALUES (469, 321);
INSERT INTO bookclub_members (clubid, userid) VALUES (469, 138);
INSERT INTO bookclub_members (clubid, userid) VALUES (469, 400);
INSERT INTO bookclub_members (clubid, userid) VALUES (469, 53);
INSERT INTO bookclub_members (clubid, userid) VALUES (469, 55);
INSERT INTO bookclub_members (clubid, userid) VALUES (469, 255);
INSERT INTO bookclub_reads (clubid, bookid, start_date, end_date, is_current) VALUES (469, 61, '2025-07-02', '2025-08-19', TRUE);
INSERT INTO bookclub_reads (clubid, bookid, start_date, end_date, is_current) VALUES (469, 86, '2024-12-24', '2025-01-23', FALSE);
INSERT INTO bookclub_reads (clubid, bookid, start_date, end_date, is_current) VALUES (469, 77, '2025-02-15', '2025-03-17', FALSE);
INSERT INTO bookclub_reads (clubid, bookid, start_date, end_date, is_current) VALUES (469, 105, '2025-02-24', '2025-03-26', FALSE);
INSERT INTO bookclub_reads (clubid, bookid, start_date, end_date, is_current) VALUES (469, 1067, '2025-05-10', '2025-06-09', FALSE);
INSERT INTO bookclub_reads (clubid, bookid, start_date, end_date, is_current) VALUES (469, 966, '2025-02-24', '2025-03-26', FALSE);
INSERT INTO bookclub_reads (clubid, bookid, start_date, end_date, is_current) VALUES (469, 972, '2025-04-17', '2025-05-17', FALSE);
INSERT INTO bookclub_reads (clubid, bookid, start_date, end_date, is_current) VALUES (469, 359, '2025-05-06', '2025-06-05', FALSE);
INSERT INTO bookclub_reads (clubid, bookid, start_date, end_date, is_current) VALUES (469, 18, '2025-01-16', '2025-02-15', FALSE);

INSERT INTO bookclubs (clubid, name, description, max_members) VALUES (470, 'Book Club 103', 'This is the description for Book Club 103.', 8);
INSERT INTO bookclub_creators (clubid, userid) VALUES (470, 316);
INSERT INTO bookclub_members (clubid, userid) VALUES (470, 51);
INSERT INTO bookclub_members (clubid, userid) VALUES (470, 316);
INSERT INTO bookclub_members (clubid, userid) VALUES (470, 54);
INSERT INTO bookclub_reads (clubid, bookid, start_date, end_date, is_current) VALUES (470, 702, '2025-06-27', '2025-08-09', TRUE);
INSERT INTO bookclub_reads (clubid, bookid, start_date, end_date, is_current) VALUES (470, 664, '2025-07-10', '2025-08-14', TRUE);
INSERT INTO bookclub_reads (clubid, bookid, start_date, end_date, is_current) VALUES (470, 866, '2025-06-28', '2025-08-14', TRUE);
INSERT INTO bookclub_reads (clubid, bookid, start_date, end_date, is_current) VALUES (470, 888, '2025-04-19', '2025-05-19', FALSE);
INSERT INTO bookclub_reads (clubid, bookid, start_date, end_date, is_current) VALUES (470, 164, '2025-05-30', '2025-06-29', FALSE);
INSERT INTO bookclub_reads (clubid, bookid, start_date, end_date, is_current) VALUES (470, 826, '2025-06-02', '2025-07-02', FALSE);
INSERT INTO bookclub_reads (clubid, bookid, start_date, end_date, is_current) VALUES (470, 1073, '2025-03-02', '2025-04-01', FALSE);
INSERT INTO bookclub_reads (clubid, bookid, start_date, end_date, is_current) VALUES (470, 931, '2025-03-26', '2025-04-25', FALSE);
INSERT INTO bookclub_reads (clubid, bookid, start_date, end_date, is_current) VALUES (470, 78, '2025-01-19', '2025-02-18', FALSE);
INSERT INTO bookclub_reads (clubid, bookid, start_date, end_date, is_current) VALUES (470, 643, '2025-05-05', '2025-06-04', FALSE);
INSERT INTO bookclub_reads (clubid, bookid, start_date, end_date, is_current) VALUES (470, 815, '2025-05-18', '2025-06-17', FALSE);
INSERT INTO bookclub_reads (clubid, bookid, start_date, end_date, is_current) VALUES (470, 141, '2024-12-23', '2025-01-22', FALSE);
INSERT INTO bookclub_reads (clubid, bookid, start_date, end_date, is_current) VALUES (470, 252, '2025-05-20', '2025-06-19', FALSE);
INSERT INTO bookclub_reads (clubid, bookid, start_date, end_date, is_current) VALUES (470, 639, '2025-03-24', '2025-04-23', FALSE);
INSERT INTO bookclub_reads (clubid, bookid, start_date, end_date, is_current) VALUES (470, 356, '2025-01-22', '2025-02-21', FALSE);
INSERT INTO bookclub_reads (clubid, bookid, start_date, end_date, is_current) VALUES (470, 841, '2025-01-10', '2025-02-09', FALSE);
INSERT INTO bookclub_reads (clubid, bookid, start_date, end_date, is_current) VALUES (470, 432, '2025-03-07', '2025-04-06', FALSE);
INSERT INTO bookclub_reads (clubid, bookid, start_date, end_date, is_current) VALUES (470, 823, '2025-01-23', '2025-02-22', FALSE);

INSERT INTO bookclubs (clubid, name, description, max_members) VALUES (471, 'Book Club 104', 'This is the description for Book Club 104.', 6);
INSERT INTO bookclub_creators (clubid, userid) VALUES (471, 440);
INSERT INTO bookclub_members (clubid, userid) VALUES (471, 56);
INSERT INTO bookclub_members (clubid, userid) VALUES (471, 440);
INSERT INTO bookclub_reads (clubid, bookid, start_date, end_date, is_current) VALUES (471, 835, '2025-07-06', '2025-08-14', TRUE);
INSERT INTO bookclub_reads (clubid, bookid, start_date, end_date, is_current) VALUES (471, 69, '2025-07-15', '2025-08-28', TRUE);
INSERT INTO bookclub_reads (clubid, bookid, start_date, end_date, is_current) VALUES (471, 842, '2025-07-06', '2025-08-26', TRUE);
INSERT INTO bookclub_reads (clubid, bookid, start_date, end_date, is_current) VALUES (471, 903, '2025-05-17', '2025-06-16', FALSE);
INSERT INTO bookclub_reads (clubid, bookid, start_date, end_date, is_current) VALUES (471, 597, '2025-03-04', '2025-04-03', FALSE);
INSERT INTO bookclub_reads (clubid, bookid, start_date, end_date, is_current) VALUES (471, 824, '2025-05-11', '2025-06-10', FALSE);
INSERT INTO bookclub_reads (clubid, bookid, start_date, end_date, is_current) VALUES (471, 131, '2024-12-29', '2025-01-28', FALSE);
INSERT INTO bookclub_reads (clubid, bookid, start_date, end_date, is_current) VALUES (471, 204, '2025-04-24', '2025-05-24', FALSE);
INSERT INTO bookclub_reads (clubid, bookid, start_date, end_date, is_current) VALUES (471, 681, '2025-02-03', '2025-03-05', FALSE);

INSERT INTO bookclubs (clubid, name, description, max_members) VALUES (472, 'Book Club 105', 'This is the description for Book Club 105.', 17);
INSERT INTO bookclub_creators (clubid, userid) VALUES (472, 165);
INSERT INTO bookclub_members (clubid, userid) VALUES (472, 290);
INSERT INTO bookclub_members (clubid, userid) VALUES (472, 165);
INSERT INTO bookclub_members (clubid, userid) VALUES (472, 424);
INSERT INTO bookclub_members (clubid, userid) VALUES (472, 331);
INSERT INTO bookclub_members (clubid, userid) VALUES (472, 13);
INSERT INTO bookclub_members (clubid, userid) VALUES (472, 369);
INSERT INTO bookclub_members (clubid, userid) VALUES (472, 158);
INSERT INTO bookclub_reads (clubid, bookid, start_date, end_date, is_current) VALUES (472, 933, '2025-07-14', '2025-08-20', TRUE);
INSERT INTO bookclub_reads (clubid, bookid, start_date, end_date, is_current) VALUES (472, 987, '2025-02-22', '2025-03-24', FALSE);
INSERT INTO bookclub_reads (clubid, bookid, start_date, end_date, is_current) VALUES (472, 14, '2025-02-22', '2025-03-24', FALSE);
INSERT INTO bookclub_reads (clubid, bookid, start_date, end_date, is_current) VALUES (472, 23, '2025-03-19', '2025-04-18', FALSE);
INSERT INTO bookclub_reads (clubid, bookid, start_date, end_date, is_current) VALUES (472, 597, '2025-01-15', '2025-02-14', FALSE);
INSERT INTO bookclub_reads (clubid, bookid, start_date, end_date, is_current) VALUES (472, 702, '2024-12-31', '2025-01-30', FALSE);
INSERT INTO bookclub_reads (clubid, bookid, start_date, end_date, is_current) VALUES (472, 93, '2025-05-29', '2025-06-28', FALSE);
INSERT INTO bookclub_reads (clubid, bookid, start_date, end_date, is_current) VALUES (472, 181, '2025-03-22', '2025-04-21', FALSE);
INSERT INTO bookclub_reads (clubid, bookid, start_date, end_date, is_current) VALUES (472, 656, '2025-02-23', '2025-03-25', FALSE);
INSERT INTO bookclub_reads (clubid, bookid, start_date, end_date, is_current) VALUES (472, 204, '2025-06-10', '2025-07-10', FALSE);
INSERT INTO bookclub_reads (clubid, bookid, start_date, end_date, is_current) VALUES (472, 410, '2024-12-28', '2025-01-27', FALSE);
INSERT INTO bookclub_reads (clubid, bookid, start_date, end_date, is_current) VALUES (472, 250, '2025-06-06', '2025-07-06', FALSE);
INSERT INTO bookclub_reads (clubid, bookid, start_date, end_date, is_current) VALUES (472, 290, '2025-02-03', '2025-03-05', FALSE);

INSERT INTO bookclubs (clubid, name, description, max_members) VALUES (473, 'Book Club 106', 'This is the description for Book Club 106.', 9);
INSERT INTO bookclub_creators (clubid, userid) VALUES (473, 432);
INSERT INTO bookclub_members (clubid, userid) VALUES (473, 97);
INSERT INTO bookclub_members (clubid, userid) VALUES (473, 227);
INSERT INTO bookclub_members (clubid, userid) VALUES (473, 135);
INSERT INTO bookclub_members (clubid, userid) VALUES (473, 232);
INSERT INTO bookclub_members (clubid, userid) VALUES (473, 39);
INSERT INTO bookclub_members (clubid, userid) VALUES (473, 139);
INSERT INTO bookclub_members (clubid, userid) VALUES (473, 432);
INSERT INTO bookclub_members (clubid, userid) VALUES (473, 307);
INSERT INTO bookclub_reads (clubid, bookid, start_date, end_date, is_current) VALUES (473, 685, '2025-07-01', '2025-08-07', TRUE);
INSERT INTO bookclub_reads (clubid, bookid, start_date, end_date, is_current) VALUES (473, 829, '2025-07-13', '2025-08-09', TRUE);
INSERT INTO bookclub_reads (clubid, bookid, start_date, end_date, is_current) VALUES (473, 10, '2025-03-10', '2025-04-09', FALSE);
INSERT INTO bookclub_reads (clubid, bookid, start_date, end_date, is_current) VALUES (473, 968, '2025-03-29', '2025-04-28', FALSE);
INSERT INTO bookclub_reads (clubid, bookid, start_date, end_date, is_current) VALUES (473, 244, '2025-04-24', '2025-05-24', FALSE);
INSERT INTO bookclub_reads (clubid, bookid, start_date, end_date, is_current) VALUES (473, 119, '2025-05-10', '2025-06-09', FALSE);
INSERT INTO bookclub_reads (clubid, bookid, start_date, end_date, is_current) VALUES (473, 333, '2025-01-12', '2025-02-11', FALSE);
INSERT INTO bookclub_reads (clubid, bookid, start_date, end_date, is_current) VALUES (473, 31, '2025-04-15', '2025-05-15', FALSE);
INSERT INTO bookclub_reads (clubid, bookid, start_date, end_date, is_current) VALUES (473, 26, '2024-12-20', '2025-01-19', FALSE);

INSERT INTO bookclubs (clubid, name, description, max_members) VALUES (474, 'Book Club 107', 'This is the description for Book Club 107.', 6);
INSERT INTO bookclub_creators (clubid, userid) VALUES (474, 142);
INSERT INTO bookclub_members (clubid, userid) VALUES (474, 44);
INSERT INTO bookclub_members (clubid, userid) VALUES (474, 229);
INSERT INTO bookclub_members (clubid, userid) VALUES (474, 142);
INSERT INTO bookclub_reads (clubid, bookid, start_date, end_date, is_current) VALUES (474, 142, '2025-07-07', '2025-08-16', TRUE);
INSERT INTO bookclub_reads (clubid, bookid, start_date, end_date, is_current) VALUES (474, 665, '2025-06-26', '2025-08-11', TRUE);
INSERT INTO bookclub_reads (clubid, bookid, start_date, end_date, is_current) VALUES (474, 759, '2025-07-14', '2025-08-17', TRUE);
INSERT INTO bookclub_reads (clubid, bookid, start_date, end_date, is_current) VALUES (474, 888, '2025-03-27', '2025-04-26', FALSE);
INSERT INTO bookclub_reads (clubid, bookid, start_date, end_date, is_current) VALUES (474, 67, '2025-05-30', '2025-06-29', FALSE);
INSERT INTO bookclub_reads (clubid, bookid, start_date, end_date, is_current) VALUES (474, 96, '2025-01-04', '2025-02-03', FALSE);
INSERT INTO bookclub_reads (clubid, bookid, start_date, end_date, is_current) VALUES (474, 700, '2025-05-10', '2025-06-09', FALSE);
INSERT INTO bookclub_reads (clubid, bookid, start_date, end_date, is_current) VALUES (474, 444, '2025-02-27', '2025-03-29', FALSE);
INSERT INTO bookclub_reads (clubid, bookid, start_date, end_date, is_current) VALUES (474, 160, '2025-06-11', '2025-07-11', FALSE);

INSERT INTO bookclubs (clubid, name, description, max_members) VALUES (475, 'Book Club 108', 'This is the description for Book Club 108.', 10);
INSERT INTO bookclub_creators (clubid, userid) VALUES (475, 247);
INSERT INTO bookclub_members (clubid, userid) VALUES (475, 332);
INSERT INTO bookclub_members (clubid, userid) VALUES (475, 247);
INSERT INTO bookclub_reads (clubid, bookid, start_date, end_date, is_current) VALUES (475, 900, '2025-06-21', '2025-08-22', TRUE);
INSERT INTO bookclub_reads (clubid, bookid, start_date, end_date, is_current) VALUES (475, 8, '2025-06-19', '2025-08-14', TRUE);
INSERT INTO bookclub_reads (clubid, bookid, start_date, end_date, is_current) VALUES (475, 421, '2025-03-31', '2025-04-30', FALSE);
INSERT INTO bookclub_reads (clubid, bookid, start_date, end_date, is_current) VALUES (475, 975, '2025-04-06', '2025-05-06', FALSE);
INSERT INTO bookclub_reads (clubid, bookid, start_date, end_date, is_current) VALUES (475, 18, '2025-06-01', '2025-07-01', FALSE);
INSERT INTO bookclub_reads (clubid, bookid, start_date, end_date, is_current) VALUES (475, 823, '2025-01-15', '2025-02-14', FALSE);
INSERT INTO bookclub_reads (clubid, bookid, start_date, end_date, is_current) VALUES (475, 250, '2025-03-04', '2025-04-03', FALSE);
INSERT INTO bookclub_reads (clubid, bookid, start_date, end_date, is_current) VALUES (475, 182, '2025-02-26', '2025-03-28', FALSE);

INSERT INTO bookclubs (clubid, name, description, max_members) VALUES (476, 'Book Club 109', 'This is the description for Book Club 109.', 7);
INSERT INTO bookclub_creators (clubid, userid) VALUES (476, 357);
INSERT INTO bookclub_members (clubid, userid) VALUES (476, 292);
INSERT INTO bookclub_members (clubid, userid) VALUES (476, 357);
INSERT INTO bookclub_members (clubid, userid) VALUES (476, 329);
INSERT INTO bookclub_members (clubid, userid) VALUES (476, 170);
INSERT INTO bookclub_members (clubid, userid) VALUES (476, 111);
INSERT INTO bookclub_members (clubid, userid) VALUES (476, 373);
INSERT INTO bookclub_members (clubid, userid) VALUES (476, 413);
INSERT INTO bookclub_reads (clubid, bookid, start_date, end_date, is_current) VALUES (476, 55, '2025-07-01', '2025-08-28', TRUE);
INSERT INTO bookclub_reads (clubid, bookid, start_date, end_date, is_current) VALUES (476, 1014, '2025-07-14', '2025-08-14', TRUE);
INSERT INTO bookclub_reads (clubid, bookid, start_date, end_date, is_current) VALUES (476, 61, '2025-07-06', '2025-08-13', TRUE);
INSERT INTO bookclub_reads (clubid, bookid, start_date, end_date, is_current) VALUES (476, 702, '2025-04-19', '2025-05-19', FALSE);
INSERT INTO bookclub_reads (clubid, bookid, start_date, end_date, is_current) VALUES (476, 1053, '2025-02-22', '2025-03-24', FALSE);
INSERT INTO bookclub_reads (clubid, bookid, start_date, end_date, is_current) VALUES (476, 944, '2025-05-05', '2025-06-04', FALSE);
INSERT INTO bookclub_reads (clubid, bookid, start_date, end_date, is_current) VALUES (476, 1, '2025-05-08', '2025-06-07', FALSE);
INSERT INTO bookclub_reads (clubid, bookid, start_date, end_date, is_current) VALUES (476, 762, '2025-03-02', '2025-04-01', FALSE);
INSERT INTO bookclub_reads (clubid, bookid, start_date, end_date, is_current) VALUES (476, 477, '2024-12-25', '2025-01-24', FALSE);
INSERT INTO bookclub_reads (clubid, bookid, start_date, end_date, is_current) VALUES (476, 869, '2025-04-12', '2025-05-12', FALSE);
INSERT INTO bookclub_reads (clubid, bookid, start_date, end_date, is_current) VALUES (476, 656, '2025-05-12', '2025-06-11', FALSE);
INSERT INTO bookclub_reads (clubid, bookid, start_date, end_date, is_current) VALUES (476, 834, '2025-02-09', '2025-03-11', FALSE);
INSERT INTO bookclub_reads (clubid, bookid, start_date, end_date, is_current) VALUES (476, 27, '2025-03-22', '2025-04-21', FALSE);

INSERT INTO bookclubs (clubid, name, description, max_members) VALUES (477, 'Book Club 110', 'This is the description for Book Club 110.', 17);
INSERT INTO bookclub_creators (clubid, userid) VALUES (477, 394);
INSERT INTO bookclub_members (clubid, userid) VALUES (477, 281);
INSERT INTO bookclub_members (clubid, userid) VALUES (477, 394);
INSERT INTO bookclub_members (clubid, userid) VALUES (477, 235);
INSERT INTO bookclub_members (clubid, userid) VALUES (477, 409);
INSERT INTO bookclub_members (clubid, userid) VALUES (477, 61);
INSERT INTO bookclub_reads (clubid, bookid, start_date, end_date, is_current) VALUES (477, 130, '2025-07-02', '2025-08-07', TRUE);
INSERT INTO bookclub_reads (clubid, bookid, start_date, end_date, is_current) VALUES (477, 285, '2025-06-18', '2025-08-05', TRUE);
INSERT INTO bookclub_reads (clubid, bookid, start_date, end_date, is_current) VALUES (477, 834, '2025-03-27', '2025-04-26', FALSE);
INSERT INTO bookclub_reads (clubid, bookid, start_date, end_date, is_current) VALUES (477, 50, '2025-01-12', '2025-02-11', FALSE);
INSERT INTO bookclub_reads (clubid, bookid, start_date, end_date, is_current) VALUES (477, 201, '2024-12-25', '2025-01-24', FALSE);
INSERT INTO bookclub_reads (clubid, bookid, start_date, end_date, is_current) VALUES (477, 481, '2025-05-26', '2025-06-25', FALSE);
INSERT INTO bookclub_reads (clubid, bookid, start_date, end_date, is_current) VALUES (477, 4, '2025-03-16', '2025-04-15', FALSE);
INSERT INTO bookclub_reads (clubid, bookid, start_date, end_date, is_current) VALUES (477, 685, '2025-01-20', '2025-02-19', FALSE);
INSERT INTO bookclub_reads (clubid, bookid, start_date, end_date, is_current) VALUES (477, 476, '2025-03-29', '2025-04-28', FALSE);
INSERT INTO bookclub_reads (clubid, bookid, start_date, end_date, is_current) VALUES (477, 828, '2025-05-31', '2025-06-30', FALSE);
INSERT INTO bookclub_reads (clubid, bookid, start_date, end_date, is_current) VALUES (477, 842, '2025-04-11', '2025-05-11', FALSE);
INSERT INTO bookclub_reads (clubid, bookid, start_date, end_date, is_current) VALUES (477, 815, '2025-03-30', '2025-04-29', FALSE);
INSERT INTO bookclub_reads (clubid, bookid, start_date, end_date, is_current) VALUES (477, 168, '2025-01-01', '2025-01-31', FALSE);
INSERT INTO bookclub_reads (clubid, bookid, start_date, end_date, is_current) VALUES (477, 1005, '2025-02-24', '2025-03-26', FALSE);
INSERT INTO bookclub_reads (clubid, bookid, start_date, end_date, is_current) VALUES (477, 410, '2025-01-31', '2025-03-02', FALSE);
INSERT INTO bookclub_reads (clubid, bookid, start_date, end_date, is_current) VALUES (477, 404, '2025-01-28', '2025-02-27', FALSE);
INSERT INTO bookclub_reads (clubid, bookid, start_date, end_date, is_current) VALUES (477, 205, '2025-06-07', '2025-07-07', FALSE);

INSERT INTO bookclubs (clubid, name, description, max_members) VALUES (478, 'Book Club 111', 'This is the description for Book Club 111.', 13);
INSERT INTO bookclub_creators (clubid, userid) VALUES (478, 371);
INSERT INTO bookclub_members (clubid, userid) VALUES (478, 384);
INSERT INTO bookclub_members (clubid, userid) VALUES (478, 39);
INSERT INTO bookclub_members (clubid, userid) VALUES (478, 392);
INSERT INTO bookclub_members (clubid, userid) VALUES (478, 234);
INSERT INTO bookclub_members (clubid, userid) VALUES (478, 397);
INSERT INTO bookclub_members (clubid, userid) VALUES (478, 371);
INSERT INTO bookclub_members (clubid, userid) VALUES (478, 244);
INSERT INTO bookclub_members (clubid, userid) VALUES (478, 373);
INSERT INTO bookclub_members (clubid, userid) VALUES (478, 121);
INSERT INTO bookclub_members (clubid, userid) VALUES (478, 122);
INSERT INTO bookclub_reads (clubid, bookid, start_date, end_date, is_current) VALUES (478, 667, '2025-07-12', '2025-08-09', TRUE);
INSERT INTO bookclub_reads (clubid, bookid, start_date, end_date, is_current) VALUES (478, 57, '2025-03-18', '2025-04-17', FALSE);
INSERT INTO bookclub_reads (clubid, bookid, start_date, end_date, is_current) VALUES (478, 873, '2025-04-22', '2025-05-22', FALSE);
INSERT INTO bookclub_reads (clubid, bookid, start_date, end_date, is_current) VALUES (478, 54, '2025-02-12', '2025-03-14', FALSE);
INSERT INTO bookclub_reads (clubid, bookid, start_date, end_date, is_current) VALUES (478, 998, '2024-12-21', '2025-01-20', FALSE);
INSERT INTO bookclub_reads (clubid, bookid, start_date, end_date, is_current) VALUES (478, 250, '2025-05-21', '2025-06-20', FALSE);
INSERT INTO bookclub_reads (clubid, bookid, start_date, end_date, is_current) VALUES (478, 216, '2025-01-23', '2025-02-22', FALSE);
INSERT INTO bookclub_reads (clubid, bookid, start_date, end_date, is_current) VALUES (478, 155, '2025-02-22', '2025-03-24', FALSE);
INSERT INTO bookclub_reads (clubid, bookid, start_date, end_date, is_current) VALUES (478, 362, '2024-12-25', '2025-01-24', FALSE);
INSERT INTO bookclub_reads (clubid, bookid, start_date, end_date, is_current) VALUES (478, 764, '2025-01-14', '2025-02-13', FALSE);
INSERT INTO bookclub_reads (clubid, bookid, start_date, end_date, is_current) VALUES (478, 870, '2025-05-19', '2025-06-18', FALSE);

INSERT INTO bookclubs (clubid, name, description, max_members) VALUES (479, 'Book Club 112', 'This is the description for Book Club 112.', 6);
INSERT INTO bookclub_creators (clubid, userid) VALUES (479, 259);
INSERT INTO bookclub_members (clubid, userid) VALUES (479, 442);
INSERT INTO bookclub_members (clubid, userid) VALUES (479, 259);
INSERT INTO bookclub_members (clubid, userid) VALUES (479, 36);
INSERT INTO bookclub_reads (clubid, bookid, start_date, end_date, is_current) VALUES (479, 13, '2025-07-11', '2025-08-21', TRUE);
INSERT INTO bookclub_reads (clubid, bookid, start_date, end_date, is_current) VALUES (479, 359, '2025-01-04', '2025-02-03', FALSE);
INSERT INTO bookclub_reads (clubid, bookid, start_date, end_date, is_current) VALUES (479, 977, '2025-06-07', '2025-07-07', FALSE);
INSERT INTO bookclub_reads (clubid, bookid, start_date, end_date, is_current) VALUES (479, 53, '2025-02-27', '2025-03-29', FALSE);
INSERT INTO bookclub_reads (clubid, bookid, start_date, end_date, is_current) VALUES (479, 16, '2025-03-05', '2025-04-04', FALSE);
INSERT INTO bookclub_reads (clubid, bookid, start_date, end_date, is_current) VALUES (479, 497, '2025-04-02', '2025-05-02', FALSE);
INSERT INTO bookclub_reads (clubid, bookid, start_date, end_date, is_current) VALUES (479, 99, '2025-06-02', '2025-07-02', FALSE);
INSERT INTO bookclub_reads (clubid, bookid, start_date, end_date, is_current) VALUES (479, 130, '2024-12-29', '2025-01-28', FALSE);
INSERT INTO bookclub_reads (clubid, bookid, start_date, end_date, is_current) VALUES (479, 137, '2025-04-30', '2025-05-30', FALSE);
INSERT INTO bookclub_reads (clubid, bookid, start_date, end_date, is_current) VALUES (479, 76, '2025-01-25', '2025-02-24', FALSE);
INSERT INTO bookclub_reads (clubid, bookid, start_date, end_date, is_current) VALUES (479, 1059, '2025-03-28', '2025-04-27', FALSE);
INSERT INTO bookclub_reads (clubid, bookid, start_date, end_date, is_current) VALUES (479, 834, '2025-04-18', '2025-05-18', FALSE);
INSERT INTO bookclub_reads (clubid, bookid, start_date, end_date, is_current) VALUES (479, 109, '2025-02-25', '2025-03-27', FALSE);
INSERT INTO bookclub_reads (clubid, bookid, start_date, end_date, is_current) VALUES (479, 980, '2025-05-05', '2025-06-04', FALSE);
INSERT INTO bookclub_reads (clubid, bookid, start_date, end_date, is_current) VALUES (479, 231, '2025-02-14', '2025-03-16', FALSE);
INSERT INTO bookclub_reads (clubid, bookid, start_date, end_date, is_current) VALUES (479, 793, '2025-05-25', '2025-06-24', FALSE);

INSERT INTO bookclubs (clubid, name, description, max_members) VALUES (480, 'Book Club 113', 'This is the description for Book Club 113.', 20);
INSERT INTO bookclub_creators (clubid, userid) VALUES (480, 415);
INSERT INTO bookclub_members (clubid, userid) VALUES (480, 423);
INSERT INTO bookclub_members (clubid, userid) VALUES (480, 77);
INSERT INTO bookclub_members (clubid, userid) VALUES (480, 78);
INSERT INTO bookclub_members (clubid, userid) VALUES (480, 144);
INSERT INTO bookclub_members (clubid, userid) VALUES (480, 244);
INSERT INTO bookclub_members (clubid, userid) VALUES (480, 247);
INSERT INTO bookclub_members (clubid, userid) VALUES (480, 415);
INSERT INTO bookclub_reads (clubid, bookid, start_date, end_date, is_current) VALUES (480, 21, '2025-07-02', '2025-08-19', TRUE);
INSERT INTO bookclub_reads (clubid, bookid, start_date, end_date, is_current) VALUES (480, 1007, '2025-07-17', '2025-08-18', TRUE);
INSERT INTO bookclub_reads (clubid, bookid, start_date, end_date, is_current) VALUES (480, 201, '2025-03-31', '2025-04-30', FALSE);
INSERT INTO bookclub_reads (clubid, bookid, start_date, end_date, is_current) VALUES (480, 955, '2025-04-09', '2025-05-09', FALSE);
INSERT INTO bookclub_reads (clubid, bookid, start_date, end_date, is_current) VALUES (480, 244, '2025-03-13', '2025-04-12', FALSE);
INSERT INTO bookclub_reads (clubid, bookid, start_date, end_date, is_current) VALUES (480, 420, '2025-05-07', '2025-06-06', FALSE);
INSERT INTO bookclub_reads (clubid, bookid, start_date, end_date, is_current) VALUES (480, 247, '2025-02-17', '2025-03-19', FALSE);
INSERT INTO bookclub_reads (clubid, bookid, start_date, end_date, is_current) VALUES (480, 890, '2025-04-30', '2025-05-30', FALSE);
INSERT INTO bookclub_reads (clubid, bookid, start_date, end_date, is_current) VALUES (480, 1097, '2025-02-08', '2025-03-10', FALSE);

INSERT INTO bookclubs (clubid, name, description, max_members) VALUES (481, 'Book Club 114', 'This is the description for Book Club 114.', 12);
INSERT INTO bookclub_creators (clubid, userid) VALUES (481, 120);
INSERT INTO bookclub_members (clubid, userid) VALUES (481, 120);
INSERT INTO bookclub_members (clubid, userid) VALUES (481, 268);
INSERT INTO bookclub_reads (clubid, bookid, start_date, end_date, is_current) VALUES (481, 1052, '2025-07-12', '2025-08-24', TRUE);
INSERT INTO bookclub_reads (clubid, bookid, start_date, end_date, is_current) VALUES (481, 245, '2025-01-14', '2025-02-13', FALSE);
INSERT INTO bookclub_reads (clubid, bookid, start_date, end_date, is_current) VALUES (481, 444, '2025-05-05', '2025-06-04', FALSE);
INSERT INTO bookclub_reads (clubid, bookid, start_date, end_date, is_current) VALUES (481, 72, '2025-05-28', '2025-06-27', FALSE);
INSERT INTO bookclub_reads (clubid, bookid, start_date, end_date, is_current) VALUES (481, 400, '2025-04-27', '2025-05-27', FALSE);
INSERT INTO bookclub_reads (clubid, bookid, start_date, end_date, is_current) VALUES (481, 159, '2025-02-13', '2025-03-15', FALSE);
INSERT INTO bookclub_reads (clubid, bookid, start_date, end_date, is_current) VALUES (481, 78, '2025-05-24', '2025-06-23', FALSE);
INSERT INTO bookclub_reads (clubid, bookid, start_date, end_date, is_current) VALUES (481, 61, '2025-01-02', '2025-02-01', FALSE);
INSERT INTO bookclub_reads (clubid, bookid, start_date, end_date, is_current) VALUES (481, 524, '2025-03-12', '2025-04-11', FALSE);
INSERT INTO bookclub_reads (clubid, bookid, start_date, end_date, is_current) VALUES (481, 382, '2025-01-13', '2025-02-12', FALSE);
INSERT INTO bookclub_reads (clubid, bookid, start_date, end_date, is_current) VALUES (481, 670, '2025-05-14', '2025-06-13', FALSE);

INSERT INTO bookclubs (clubid, name, description, max_members) VALUES (482, 'Book Club 115', 'This is the description for Book Club 115.', 6);
INSERT INTO bookclub_creators (clubid, userid) VALUES (482, 289);
INSERT INTO bookclub_members (clubid, userid) VALUES (482, 289);
INSERT INTO bookclub_members (clubid, userid) VALUES (482, 293);
INSERT INTO bookclub_members (clubid, userid) VALUES (482, 434);
INSERT INTO bookclub_members (clubid, userid) VALUES (482, 22);
INSERT INTO bookclub_members (clubid, userid) VALUES (482, 92);
INSERT INTO bookclub_reads (clubid, bookid, start_date, end_date, is_current) VALUES (482, 826, '2025-07-13', '2025-08-16', TRUE);
INSERT INTO bookclub_reads (clubid, bookid, start_date, end_date, is_current) VALUES (482, 213, '2025-06-23', '2025-08-20', TRUE);
INSERT INTO bookclub_reads (clubid, bookid, start_date, end_date, is_current) VALUES (482, 162, '2025-04-09', '2025-05-09', FALSE);
INSERT INTO bookclub_reads (clubid, bookid, start_date, end_date, is_current) VALUES (482, 94, '2025-04-13', '2025-05-13', FALSE);
INSERT INTO bookclub_reads (clubid, bookid, start_date, end_date, is_current) VALUES (482, 1059, '2025-04-06', '2025-05-06', FALSE);
INSERT INTO bookclub_reads (clubid, bookid, start_date, end_date, is_current) VALUES (482, 481, '2025-05-31', '2025-06-30', FALSE);
INSERT INTO bookclub_reads (clubid, bookid, start_date, end_date, is_current) VALUES (482, 337, '2025-01-07', '2025-02-06', FALSE);
INSERT INTO bookclub_reads (clubid, bookid, start_date, end_date, is_current) VALUES (482, 130, '2025-02-20', '2025-03-22', FALSE);
INSERT INTO bookclub_reads (clubid, bookid, start_date, end_date, is_current) VALUES (482, 251, '2025-05-19', '2025-06-18', FALSE);
INSERT INTO bookclub_reads (clubid, bookid, start_date, end_date, is_current) VALUES (482, 4, '2025-01-29', '2025-02-28', FALSE);
INSERT INTO bookclub_reads (clubid, bookid, start_date, end_date, is_current) VALUES (482, 619, '2025-05-21', '2025-06-20', FALSE);

INSERT INTO bookclubs (clubid, name, description, max_members) VALUES (483, 'Book Club 116', 'This is the description for Book Club 116.', 9);
INSERT INTO bookclub_creators (clubid, userid) VALUES (483, 109);
INSERT INTO bookclub_members (clubid, userid) VALUES (483, 331);
INSERT INTO bookclub_members (clubid, userid) VALUES (483, 109);
INSERT INTO bookclub_reads (clubid, bookid, start_date, end_date, is_current) VALUES (483, 408, '2025-06-18', '2025-08-04', TRUE);
INSERT INTO bookclub_reads (clubid, bookid, start_date, end_date, is_current) VALUES (483, 799, '2025-06-17', '2025-08-09', TRUE);
INSERT INTO bookclub_reads (clubid, bookid, start_date, end_date, is_current) VALUES (483, 333, '2025-06-21', '2025-08-16', TRUE);
INSERT INTO bookclub_reads (clubid, bookid, start_date, end_date, is_current) VALUES (483, 531, '2025-04-26', '2025-05-26', FALSE);
INSERT INTO bookclub_reads (clubid, bookid, start_date, end_date, is_current) VALUES (483, 132, '2025-06-04', '2025-07-04', FALSE);
INSERT INTO bookclub_reads (clubid, bookid, start_date, end_date, is_current) VALUES (483, 868, '2025-05-12', '2025-06-11', FALSE);
INSERT INTO bookclub_reads (clubid, bookid, start_date, end_date, is_current) VALUES (483, 834, '2024-12-25', '2025-01-24', FALSE);
INSERT INTO bookclub_reads (clubid, bookid, start_date, end_date, is_current) VALUES (483, 105, '2025-04-17', '2025-05-17', FALSE);
INSERT INTO bookclub_reads (clubid, bookid, start_date, end_date, is_current) VALUES (483, 703, '2025-01-01', '2025-01-31', FALSE);
INSERT INTO bookclub_reads (clubid, bookid, start_date, end_date, is_current) VALUES (483, 280, '2025-06-12', '2025-07-12', FALSE);
INSERT INTO bookclub_reads (clubid, bookid, start_date, end_date, is_current) VALUES (483, 26, '2025-03-08', '2025-04-07', FALSE);
INSERT INTO bookclub_reads (clubid, bookid, start_date, end_date, is_current) VALUES (483, 4, '2025-06-03', '2025-07-03', FALSE);
INSERT INTO bookclub_reads (clubid, bookid, start_date, end_date, is_current) VALUES (483, 888, '2025-06-11', '2025-07-11', FALSE);
INSERT INTO bookclub_reads (clubid, bookid, start_date, end_date, is_current) VALUES (483, 354, '2025-01-23', '2025-02-22', FALSE);
INSERT INTO bookclub_reads (clubid, bookid, start_date, end_date, is_current) VALUES (483, 523, '2024-12-31', '2025-01-30', FALSE);
INSERT INTO bookclub_reads (clubid, bookid, start_date, end_date, is_current) VALUES (483, 291, '2024-12-20', '2025-01-19', FALSE);

INSERT INTO bookclubs (clubid, name, description, max_members) VALUES (484, 'Book Club 117', 'This is the description for Book Club 117.', 17);
INSERT INTO bookclub_creators (clubid, userid) VALUES (484, 149);
INSERT INTO bookclub_members (clubid, userid) VALUES (484, 96);
INSERT INTO bookclub_members (clubid, userid) VALUES (484, 101);
INSERT INTO bookclub_members (clubid, userid) VALUES (484, 301);
INSERT INTO bookclub_members (clubid, userid) VALUES (484, 111);
INSERT INTO bookclub_members (clubid, userid) VALUES (484, 303);
INSERT INTO bookclub_members (clubid, userid) VALUES (484, 404);
INSERT INTO bookclub_members (clubid, userid) VALUES (484, 149);
INSERT INTO bookclub_members (clubid, userid) VALUES (484, 310);
INSERT INTO bookclub_members (clubid, userid) VALUES (484, 345);
INSERT INTO bookclub_members (clubid, userid) VALUES (484, 383);
INSERT INTO bookclub_reads (clubid, bookid, start_date, end_date, is_current) VALUES (484, 138, '2025-06-21', '2025-08-02', TRUE);
INSERT INTO bookclub_reads (clubid, bookid, start_date, end_date, is_current) VALUES (484, 76, '2025-07-11', '2025-08-15', TRUE);
INSERT INTO bookclub_reads (clubid, bookid, start_date, end_date, is_current) VALUES (484, 815, '2025-07-15', '2025-08-06', TRUE);
INSERT INTO bookclub_reads (clubid, bookid, start_date, end_date, is_current) VALUES (484, 576, '2025-03-07', '2025-04-06', FALSE);
INSERT INTO bookclub_reads (clubid, bookid, start_date, end_date, is_current) VALUES (484, 385, '2025-04-09', '2025-05-09', FALSE);
INSERT INTO bookclub_reads (clubid, bookid, start_date, end_date, is_current) VALUES (484, 350, '2024-12-31', '2025-01-30', FALSE);
INSERT INTO bookclub_reads (clubid, bookid, start_date, end_date, is_current) VALUES (484, 629, '2025-02-07', '2025-03-09', FALSE);
INSERT INTO bookclub_reads (clubid, bookid, start_date, end_date, is_current) VALUES (484, 251, '2025-03-21', '2025-04-20', FALSE);
INSERT INTO bookclub_reads (clubid, bookid, start_date, end_date, is_current) VALUES (484, 935, '2024-12-22', '2025-01-21', FALSE);

