CREATE TABLE bookclubs (
    clubid      SERIAL PRIMARY KEY,
    name        VARCHAR(255),
    description TEXT,
    creatorid   INT,
    created_at  TIMESTAMP DEFAULT CURRENT_TIMESTAMP,
    FOREIGN KEY (creatorid) REFERENCES users(userid)
);

CREATE TABLE bookclub_creators (
    clubid    INT PRIMARY KEY,
    userid    INT,
    created_at TIMESTAMP DEFAULT CURRENT_TIMESTAMP,
    FOREIGN KEY (clubid) REFERENCES bookclubs(clubid) ON DELETE CASCADE,
    FOREIGN KEY (userid) REFERENCES users(userid)     ON DELETE CASCADE
);

CREATE TABLE bookclub_members (
    clubid    INT,
    userid    INT,
    joined_at TIMESTAMP DEFAULT CURRENT_TIMESTAMP,
    PRIMARY KEY (clubid, userid),
    FOREIGN KEY (clubid) REFERENCES bookclubs(clubid) ON DELETE CASCADE,
    FOREIGN KEY (userid) REFERENCES users(userid)     ON DELETE CASCADE
);

CREATE TABLE bookclub_reads (
    clubid     INT,
    bookid     INT,
    start_date DATE,
    end_date   DATE,
    is_current BOOLEAN DEFAULT TRUE,
    PRIMARY KEY (clubid, bookid),
    FOREIGN KEY (clubid) REFERENCES bookclubs(clubid) ON DELETE CASCADE,
    FOREIGN KEY (bookid) REFERENCES books(bookid)     ON DELETE CASCADE
);

INSERT INTO bookclubs (clubid, name, description, creatorid) VALUES
(1, 'Harry Potter Lovers',
    'A club for fans of the Harry Potter universe.', 1);

INSERT INTO bookclub_members (clubid, userid) VALUES
(1,  1),(1,  5),(1,  8),(1, 23),(1, 44),(1, 46),(1, 50),(1, 56),
(1, 66),(1, 67),(1, 68),(1, 88),(1, 82),(1,140),(1,120),(1,110),(1,109);

INSERT INTO bookclub_reads (clubid, bookid, start_date, end_date, is_current) VALUES
(1, 1 ,'2025-07-01','2025-07-31', true ),
(1, 2 ,'2025-07-15','2025-08-15', false),
(1, 4 ,'2025-08-01','2025-08-31', true ),
(1, 5 ,'2025-08-15','2025-09-15', false),
(1, 8 ,'2025-09-01','2025-09-30', false),
(1, 9 ,'2025-09-10','2025-09-25', false),
(1,10 ,'2025-09-20','2025-10-10', true );

INSERT INTO bookclubs (clubid, name, description, creatorid) VALUES
(3, 'Sci-Fi Saturdays',
    'Exploring classic and modern science-fiction every month.', 3);

INSERT INTO bookclub_members (clubid, userid) VALUES
(3,  3),(3,  6),(3, 12),(3, 15),(3, 19),
(3, 24),(3, 30),(3, 34),(3, 40),(3, 45),
(3, 53),(3, 58),(3, 62),(3, 70),(3, 81),
(3,102),(3,137);

INSERT INTO bookclub_reads (clubid, bookid, start_date, end_date, is_current) VALUES
(3,103,'2025-07-01','2025-07-31', true ),
(3,105,'2025-08-01','2025-08-31', false),
(3,106,'2025-09-01','2025-09-30', true ),
(3,107,'2025-10-01','2025-10-31', true ),
(3,109,'2025-11-01','2025-11-30', false),
(3,110,'2025-12-01','2025-12-31', true );

INSERT INTO bookclubs (clubid, name, description, creatorid) VALUES
(4,'Non-Fiction Nation',
   'Biographies, science, and ideas that change the world.', 9);

INSERT INTO bookclub_members (clubid, userid) VALUES
(4, 9),(4,13),(4,17),(4,26),(4,29),
(4,33),(4,37),(4,43),(4,48),(4,55),
(4,63),(4,71),(4,90),(4,107),(4,118),
(4,121);

INSERT INTO bookclub_reads (clubid, bookid, start_date, end_date, is_current) VALUES
(4, 45,'2025-07-01','2025-07-31', false),
(4, 89,'2025-08-01','2025-08-31', true ),
(4, 92,'2025-09-01','2025-09-30', true ),
(4, 94,'2025-10-01','2025-10-31', false),
(4,141,'2025-11-01','2025-11-30', false),
(4,147,'2025-12-01','2025-12-31', true ),
(4,663,'2026-01-01','2026-01-31', true );

INSERT INTO bookclubs (clubid, name, description, creatorid) VALUES
(5,'Romance Corner',
   'Heart-warming, heart-wrenching, always swoon-worthy reads.', 16);

INSERT INTO bookclub_members (clubid, userid) VALUES
(5,16),(5,20),(5,28),(5,31),(5,38),
(5,47),(5,54),(5,57),(5,65),(5,72),
(5,80),(5,86),(5,92),(5,100),(5,112),
(5,125);

INSERT INTO bookclub_reads (clubid, bookid, start_date, end_date, is_current) VALUES
(5,675,'2025-07-01','2025-07-31', false),
(5,678,'2025-08-01','2025-08-31', true ),
(5,204,'2025-09-01','2025-09-30', false),
(5,205,'2025-10-01','2025-10-31', true ),
(5,207,'2025-11-01','2025-11-30', false),
(5,208,'2025-12-01','2025-12-31', false);

INSERT INTO bookclubs (clubid, name, description, creatorid) VALUES
(9,'Classic Must-Reads',
   'Timeless literature that shaped generations.', 7);

INSERT INTO bookclub_members (clubid, userid) VALUES
(9, 7),(9,12),(9,15),(9,21),(9,27),
(9,33),(9,36),(9,42),(9,49),(9,51),
(9,60),(9,72),(9,85),(9,99),(9,108);

INSERT INTO bookclub_reads (clubid, bookid, start_date, end_date, is_current) VALUES
(9,675,'2025-07-01','2025-07-31', false),
(9,103,'2025-08-01','2025-08-31', false),
(9,  1,'2025-09-01','2025-09-30', false),
(9,105,'2025-10-01','2025-10-31', false),
(9, 92,'2025-11-01','2025-11-30', true );

INSERT INTO bookclubs (clubid, name, description, creatorid) VALUES
(10,'Page-Turner Thrillers',
    'Gripping stories full of suspense and surprise.', 14);

INSERT INTO bookclub_members (clubid, userid) VALUES
(10,14),(10,18),(10,22),(10,25),(10,31),
(10,35),(10,41),(10,47),(10,52),(10,58),
(10,64),(10,70),(10,76),(10,83),(10,91);

INSERT INTO bookclub_reads (clubid, bookid, start_date, end_date, is_current) VALUES
(10,109,'2025-07-01','2025-07-31', false),
(10,106,'2025-08-01','2025-08-31', false),
(10,208,'2025-09-01','2025-09-30', true ),
(10,141,'2025-10-01','2025-10-31', true ),
(10,107,'2025-11-01','2025-11-30', true );

INSERT INTO bookclubs (clubid, name, description, creatorid) VALUES
(11,'Global Voices',
    'Stories and perspectives from around the world.', 11);

INSERT INTO bookclub_members (clubid, userid) VALUES
(11,11),(11,17),(11,20),(11,28),(11,32),
(11,37),(11,40),(11,44),(11,55),(11,61),
(11,66),(11,69),(11,74),(11,78),(11,95);

INSERT INTO bookclub_reads (clubid, bookid, start_date, end_date, is_current) VALUES
(11,204,'2025-07-01','2025-07-31', true ),
(11, 94,'2025-08-01','2025-08-31', false),
(11,  2,'2025-09-01','2025-09-30', false),
(11, 89,'2025-10-01','2025-10-31', false),
(11, 45,'2025-11-01','2025-11-30', true );

INSERT INTO bookclubs (clubid, name, description, creatorid) VALUES
(12,'Epic Fantasy Questers',
    'Journey through high-fantasy epics and classic quests.', 30);

INSERT INTO bookclub_members (clubid, userid) VALUES
(12,30),(12, 3),(12, 7),(12,12),(12,18),
(12,27),(12,33),(12,42),(12,55),(12,63),
(12,79),(12,88),(12,97),(12,104),(12,133);

INSERT INTO bookclub_reads (clubid, bookid, start_date, end_date, is_current) VALUES
(12, 30,'2025-07-01','2025-07-31', true ),
(12, 31,'2025-08-01','2025-08-31', true ),
(12, 34,'2025-09-01','2025-09-30', true ),
(12, 35,'2025-10-01','2025-10-31', true ),
(12, 36,'2025-11-01','2025-11-30', true );

INSERT INTO bookclubs (clubid, name, description, creatorid) VALUES
(13,'Money Masters',
    'Building wealth and financial wisdom together.', 45);

INSERT INTO bookclub_members (clubid, userid) VALUES
(13, 45),(13, 11),(13, 22),(13, 28),(13, 38),
(13, 49),(13, 58),(13, 67),(13, 72),(13, 84),
(13, 93),(13,101),(13,117),(13,126),(13,142);

INSERT INTO bookclub_reads (clubid, bookid, start_date, end_date, is_current) VALUES
(13, 998,'2025-07-01','2025-07-31', true ),
(13,1005,'2025-08-01','2025-08-31', true ),
(13,1007,'2025-09-01','2025-09-30', true ),
(13,1052,'2025-10-01','2025-10-31', true ),
(13,1053,'2025-11-01','2025-11-30', true );

INSERT INTO bookclubs (clubid, name, description, creatorid) VALUES (14, 'Book Club 1', 'This is the description for Book Club 1.', 13);
INSERT INTO bookclub_members (clubid, userid) VALUES (14, 33);
INSERT INTO bookclub_members (clubid, userid) VALUES (14, 103);
INSERT INTO bookclub_members (clubid, userid) VALUES (14, 8);
INSERT INTO bookclub_members (clubid, userid) VALUES (14, 41);
INSERT INTO bookclub_members (clubid, userid) VALUES (14, 7);
INSERT INTO bookclub_members (clubid, userid) VALUES (14, 123);
INSERT INTO bookclub_members (clubid, userid) VALUES (14, 13);
INSERT INTO bookclub_members (clubid, userid) VALUES (14, 110);
INSERT INTO bookclub_members (clubid, userid) VALUES (14, 17);
INSERT INTO bookclub_members (clubid, userid) VALUES (14, 18);
INSERT INTO bookclub_members (clubid, userid) VALUES (14, 51);
INSERT INTO bookclub_members (clubid, userid) VALUES (14, 153);
INSERT INTO bookclub_members (clubid, userid) VALUES (14, 27);
INSERT INTO bookclub_members (clubid, userid) VALUES (14, 94);
INSERT INTO bookclub_members (clubid, userid) VALUES (14, 57);
INSERT INTO bookclub_reads (clubid, bookid, start_date, end_date, is_current) VALUES (14, 359, '2025-06-15', '2025-08-07', TRUE);
INSERT INTO bookclub_reads (clubid, bookid, start_date, end_date, is_current) VALUES (14, 842, '2025-06-10', '2025-07-25', TRUE);
INSERT INTO bookclub_reads (clubid, bookid, start_date, end_date, is_current) VALUES (14, 78, '2025-06-29', '2025-08-20', TRUE);
INSERT INTO bookclub_reads (clubid, bookid, start_date, end_date, is_current) VALUES (14, 944, '2025-05-22', '2025-06-21', FALSE);
INSERT INTO bookclub_reads (clubid, bookid, start_date, end_date, is_current) VALUES (14, 171, '2025-01-14', '2025-02-13', FALSE);
INSERT INTO bookclub_reads (clubid, bookid, start_date, end_date, is_current) VALUES (14, 840, '2024-12-16', '2025-01-15', FALSE);
INSERT INTO bookclub_reads (clubid, bookid, start_date, end_date, is_current) VALUES (14, 79, '2025-04-26', '2025-05-26', FALSE);
INSERT INTO bookclub_reads (clubid, bookid, start_date, end_date, is_current) VALUES (14, 1005, '2025-05-23', '2025-06-22', FALSE);
INSERT INTO bookclub_reads (clubid, bookid, start_date, end_date, is_current) VALUES (14, 397, '2025-04-02', '2025-05-02', FALSE);
INSERT INTO bookclub_reads (clubid, bookid, start_date, end_date, is_current) VALUES (14, 432, '2025-01-08', '2025-02-07', FALSE);
INSERT INTO bookclub_reads (clubid, bookid, start_date, end_date, is_current) VALUES (14, 23, '2024-12-16', '2025-01-15', FALSE);

INSERT INTO bookclubs (clubid, name, description, creatorid) VALUES (15, 'Book Club 2', 'This is the description for Book Club 2.', 67);
INSERT INTO bookclub_members (clubid, userid) VALUES (15, 65);
INSERT INTO bookclub_members (clubid, userid) VALUES (15, 67);
INSERT INTO bookclub_members (clubid, userid) VALUES (15, 75);
INSERT INTO bookclub_members (clubid, userid) VALUES (15, 16);
INSERT INTO bookclub_members (clubid, userid) VALUES (15, 150);
INSERT INTO bookclub_members (clubid, userid) VALUES (15, 121);
INSERT INTO bookclub_members (clubid, userid) VALUES (15, 62);
INSERT INTO bookclub_reads (clubid, bookid, start_date, end_date, is_current) VALUES (15, 902, '2025-06-24', '2025-08-19', TRUE);
INSERT INTO bookclub_reads (clubid, bookid, start_date, end_date, is_current) VALUES (15, 166, '2025-05-27', '2025-06-26', FALSE);
INSERT INTO bookclub_reads (clubid, bookid, start_date, end_date, is_current) VALUES (15, 245, '2025-04-29', '2025-05-29', FALSE);
INSERT INTO bookclub_reads (clubid, bookid, start_date, end_date, is_current) VALUES (15, 133, '2025-02-28', '2025-03-30', FALSE);
INSERT INTO bookclub_reads (clubid, bookid, start_date, end_date, is_current) VALUES (15, 30, '2025-05-20', '2025-06-19', FALSE);
INSERT INTO bookclub_reads (clubid, bookid, start_date, end_date, is_current) VALUES (15, 90, '2025-03-04', '2025-04-03', FALSE);
INSERT INTO bookclub_reads (clubid, bookid, start_date, end_date, is_current) VALUES (15, 78, '2025-01-08', '2025-02-07', FALSE);
INSERT INTO bookclub_reads (clubid, bookid, start_date, end_date, is_current) VALUES (15, 147, '2025-02-18', '2025-03-20', FALSE);
INSERT INTO bookclub_reads (clubid, bookid, start_date, end_date, is_current) VALUES (15, 456, '2025-02-26', '2025-03-28', FALSE);
INSERT INTO bookclub_reads (clubid, bookid, start_date, end_date, is_current) VALUES (15, 643, '2025-03-19', '2025-04-18', FALSE);
INSERT INTO bookclub_reads (clubid, bookid, start_date, end_date, is_current) VALUES (15, 58, '2025-02-09', '2025-03-11', FALSE);
INSERT INTO bookclub_reads (clubid, bookid, start_date, end_date, is_current) VALUES (15, 399, '2025-04-16', '2025-05-16', FALSE);
INSERT INTO bookclub_reads (clubid, bookid, start_date, end_date, is_current) VALUES (15, 676, '2025-02-25', '2025-03-27', FALSE);

INSERT INTO bookclubs (clubid, name, description, creatorid) VALUES (16, 'Book Club 3', 'This is the description for Book Club 3.', 60);
INSERT INTO bookclub_members (clubid, userid) VALUES (16, 37);
INSERT INTO bookclub_members (clubid, userid) VALUES (16, 135);
INSERT INTO bookclub_members (clubid, userid) VALUES (16, 136);
INSERT INTO bookclub_members (clubid, userid) VALUES (16, 10);
INSERT INTO bookclub_members (clubid, userid) VALUES (16, 60);
INSERT INTO bookclub_members (clubid, userid) VALUES (16, 92);
INSERT INTO bookclub_members (clubid, userid) VALUES (16, 83);
INSERT INTO bookclub_members (clubid, userid) VALUES (16, 117);
INSERT INTO bookclub_members (clubid, userid) VALUES (16, 124);
INSERT INTO bookclub_reads (clubid, bookid, start_date, end_date, is_current) VALUES (16, 181, '2025-07-03', '2025-08-04', TRUE);
INSERT INTO bookclub_reads (clubid, bookid, start_date, end_date, is_current) VALUES (16, 132, '2025-01-26', '2025-02-25', FALSE);
INSERT INTO bookclub_reads (clubid, bookid, start_date, end_date, is_current) VALUES (16, 85, '2025-02-12', '2025-03-14', FALSE);
INSERT INTO bookclub_reads (clubid, bookid, start_date, end_date, is_current) VALUES (16, 890, '2025-01-30', '2025-03-01', FALSE);
INSERT INTO bookclub_reads (clubid, bookid, start_date, end_date, is_current) VALUES (16, 955, '2025-03-21', '2025-04-20', FALSE);
INSERT INTO bookclub_reads (clubid, bookid, start_date, end_date, is_current) VALUES (16, 415, '2025-02-13', '2025-03-15', FALSE);
INSERT INTO bookclub_reads (clubid, bookid, start_date, end_date, is_current) VALUES (16, 156, '2025-02-02', '2025-03-04', FALSE);
INSERT INTO bookclub_reads (clubid, bookid, start_date, end_date, is_current) VALUES (16, 34, '2025-05-09', '2025-06-08', FALSE);

INSERT INTO bookclubs (clubid, name, description, creatorid) VALUES (17, 'Book Club 1', 'This is the description for Book Club 1.', 25);
INSERT INTO bookclub_members (clubid, userid) VALUES (17, 1);
INSERT INTO bookclub_members (clubid, userid) VALUES (17, 2);
INSERT INTO bookclub_members (clubid, userid) VALUES (17, 4);
INSERT INTO bookclub_members (clubid, userid) VALUES (17, 133);
INSERT INTO bookclub_members (clubid, userid) VALUES (17, 136);
INSERT INTO bookclub_members (clubid, userid) VALUES (17, 111);
INSERT INTO bookclub_members (clubid, userid) VALUES (17, 83);
INSERT INTO bookclub_members (clubid, userid) VALUES (17, 84);
INSERT INTO bookclub_members (clubid, userid) VALUES (17, 55);
INSERT INTO bookclub_members (clubid, userid) VALUES (17, 25);
INSERT INTO bookclub_members (clubid, userid) VALUES (17, 60);
INSERT INTO bookclub_reads (clubid, bookid, start_date, end_date, is_current) VALUES (17, 109, '2025-06-24', '2025-08-01', TRUE);
INSERT INTO bookclub_reads (clubid, bookid, start_date, end_date, is_current) VALUES (17, 409, '2025-07-06', '2025-08-02', TRUE);
INSERT INTO bookclub_reads (clubid, bookid, start_date, end_date, is_current) VALUES (17, 362, '2025-07-03', '2025-07-25', TRUE);
INSERT INTO bookclub_reads (clubid, bookid, start_date, end_date, is_current) VALUES (17, 829, '2025-03-11', '2025-04-10', FALSE);
INSERT INTO bookclub_reads (clubid, bookid, start_date, end_date, is_current) VALUES (17, 354, '2025-01-12', '2025-02-11', FALSE);
INSERT INTO bookclub_reads (clubid, bookid, start_date, end_date, is_current) VALUES (17, 67, '2025-03-26', '2025-04-25', FALSE);
INSERT INTO bookclub_reads (clubid, bookid, start_date, end_date, is_current) VALUES (17, 576, '2025-04-04', '2025-05-04', FALSE);
INSERT INTO bookclub_reads (clubid, bookid, start_date, end_date, is_current) VALUES (17, 93, '2025-03-27', '2025-04-26', FALSE);
INSERT INTO bookclub_reads (clubid, bookid, start_date, end_date, is_current) VALUES (17, 476, '2025-04-29', '2025-05-29', FALSE);
INSERT INTO bookclub_reads (clubid, bookid, start_date, end_date, is_current) VALUES (17, 864, '2025-03-17', '2025-04-16', FALSE);
INSERT INTO bookclub_reads (clubid, bookid, start_date, end_date, is_current) VALUES (17, 830, '2025-02-26', '2025-03-28', FALSE);
INSERT INTO bookclub_reads (clubid, bookid, start_date, end_date, is_current) VALUES (17, 71, '2025-01-08', '2025-02-07', FALSE);

INSERT INTO bookclubs (clubid, name, description, creatorid) VALUES (18, 'Book Club 2', 'This is the description for Book Club 2.', 123);
INSERT INTO bookclub_members (clubid, userid) VALUES (18, 98);
INSERT INTO bookclub_members (clubid, userid) VALUES (18, 132);
INSERT INTO bookclub_members (clubid, userid) VALUES (18, 36);
INSERT INTO bookclub_members (clubid, userid) VALUES (18, 90);
INSERT INTO bookclub_members (clubid, userid) VALUES (18, 104);
INSERT INTO bookclub_members (clubid, userid) VALUES (18, 11);
INSERT INTO bookclub_members (clubid, userid) VALUES (18, 123);
INSERT INTO bookclub_members (clubid, userid) VALUES (18, 17);
INSERT INTO bookclub_members (clubid, userid) VALUES (18, 82);
INSERT INTO bookclub_members (clubid, userid) VALUES (18, 147);
INSERT INTO bookclub_members (clubid, userid) VALUES (18, 154);
INSERT INTO bookclub_members (clubid, userid) VALUES (18, 27);
INSERT INTO bookclub_members (clubid, userid) VALUES (18, 126);
INSERT INTO bookclub_members (clubid, userid) VALUES (18, 95);
INSERT INTO bookclub_reads (clubid, bookid, start_date, end_date, is_current) VALUES (18, 658, '2025-06-30', '2025-08-15', TRUE);
INSERT INTO bookclub_reads (clubid, bookid, start_date, end_date, is_current) VALUES (18, 86, '2025-03-25', '2025-04-24', FALSE);
INSERT INTO bookclub_reads (clubid, bookid, start_date, end_date, is_current) VALUES (18, 251, '2025-03-04', '2025-04-03', FALSE);
INSERT INTO bookclub_reads (clubid, bookid, start_date, end_date, is_current) VALUES (18, 868, '2025-04-28', '2025-05-28', FALSE);
INSERT INTO bookclub_reads (clubid, bookid, start_date, end_date, is_current) VALUES (18, 424, '2025-05-03', '2025-06-02', FALSE);
INSERT INTO bookclub_reads (clubid, bookid, start_date, end_date, is_current) VALUES (18, 481, '2025-04-03', '2025-05-03', FALSE);

INSERT INTO bookclubs (clubid, name, description, creatorid) VALUES (19, 'Book Club 3', 'This is the description for Book Club 3.', 148);
INSERT INTO bookclub_members (clubid, userid) VALUES (19, 4);
INSERT INTO bookclub_members (clubid, userid) VALUES (19, 133);
INSERT INTO bookclub_members (clubid, userid) VALUES (19, 139);
INSERT INTO bookclub_members (clubid, userid) VALUES (19, 144);
INSERT INTO bookclub_members (clubid, userid) VALUES (19, 17);
INSERT INTO bookclub_members (clubid, userid) VALUES (19, 148);
INSERT INTO bookclub_members (clubid, userid) VALUES (19, 25);
INSERT INTO bookclub_members (clubid, userid) VALUES (19, 26);
INSERT INTO bookclub_members (clubid, userid) VALUES (19, 33);
INSERT INTO bookclub_members (clubid, userid) VALUES (19, 34);
INSERT INTO bookclub_members (clubid, userid) VALUES (19, 58);
INSERT INTO bookclub_members (clubid, userid) VALUES (19, 67);
INSERT INTO bookclub_members (clubid, userid) VALUES (19, 73);
INSERT INTO bookclub_members (clubid, userid) VALUES (19, 83);
INSERT INTO bookclub_members (clubid, userid) VALUES (19, 86);
INSERT INTO bookclub_members (clubid, userid) VALUES (19, 90);
INSERT INTO bookclub_members (clubid, userid) VALUES (19, 113);
INSERT INTO bookclub_members (clubid, userid) VALUES (19, 118);
INSERT INTO bookclub_members (clubid, userid) VALUES (19, 120);
INSERT INTO bookclub_members (clubid, userid) VALUES (19, 126);
INSERT INTO bookclub_reads (clubid, bookid, start_date, end_date, is_current) VALUES (19, 16, '2025-07-05', '2025-07-28', TRUE);
INSERT INTO bookclub_reads (clubid, bookid, start_date, end_date, is_current) VALUES (19, 99, '2025-07-07', '2025-08-17', TRUE);
INSERT INTO bookclub_reads (clubid, bookid, start_date, end_date, is_current) VALUES (19, 840, '2025-01-18', '2025-02-17', FALSE);
INSERT INTO bookclub_reads (clubid, bookid, start_date, end_date, is_current) VALUES (19, 980, '2024-12-10', '2025-01-09', FALSE);
INSERT INTO bookclub_reads (clubid, bookid, start_date, end_date, is_current) VALUES (19, 80, '2025-05-24', '2025-06-23', FALSE);
INSERT INTO bookclub_reads (clubid, bookid, start_date, end_date, is_current) VALUES (19, 763, '2025-02-27', '2025-03-29', FALSE);
INSERT INTO bookclub_reads (clubid, bookid, start_date, end_date, is_current) VALUES (19, 59, '2025-01-23', '2025-02-22', FALSE);
INSERT INTO bookclub_reads (clubid, bookid, start_date, end_date, is_current) VALUES (19, 822, '2025-01-29', '2025-02-28', FALSE);
INSERT INTO bookclub_reads (clubid, bookid, start_date, end_date, is_current) VALUES (19, 933, '2025-03-17', '2025-04-16', FALSE);
INSERT INTO bookclub_reads (clubid, bookid, start_date, end_date, is_current) VALUES (19, 400, '2025-06-04', '2025-07-04', FALSE);
INSERT INTO bookclub_reads (clubid, bookid, start_date, end_date, is_current) VALUES (19, 29, '2025-03-18', '2025-04-17', FALSE);

INSERT INTO bookclubs (clubid, name, description, creatorid) VALUES (20, 'Book Club 4', 'This is the description for Book Club 4.', 134);
INSERT INTO bookclub_members (clubid, userid) VALUES (20, 130);
INSERT INTO bookclub_members (clubid, userid) VALUES (20, 3);
INSERT INTO bookclub_members (clubid, userid) VALUES (20, 68);
INSERT INTO bookclub_members (clubid, userid) VALUES (20, 36);
INSERT INTO bookclub_members (clubid, userid) VALUES (20, 134);
INSERT INTO bookclub_members (clubid, userid) VALUES (20, 72);
INSERT INTO bookclub_members (clubid, userid) VALUES (20, 137);
INSERT INTO bookclub_members (clubid, userid) VALUES (20, 140);
INSERT INTO bookclub_members (clubid, userid) VALUES (20, 44);
INSERT INTO bookclub_members (clubid, userid) VALUES (20, 110);
INSERT INTO bookclub_members (clubid, userid) VALUES (20, 143);
INSERT INTO bookclub_members (clubid, userid) VALUES (20, 144);
INSERT INTO bookclub_members (clubid, userid) VALUES (20, 17);
INSERT INTO bookclub_members (clubid, userid) VALUES (20, 118);
INSERT INTO bookclub_members (clubid, userid) VALUES (20, 55);
INSERT INTO bookclub_members (clubid, userid) VALUES (20, 120);
INSERT INTO bookclub_members (clubid, userid) VALUES (20, 26);
INSERT INTO bookclub_members (clubid, userid) VALUES (20, 93);
INSERT INTO bookclub_reads (clubid, bookid, start_date, end_date, is_current) VALUES (20, 16, '2025-06-12', '2025-08-17', TRUE);
INSERT INTO bookclub_reads (clubid, bookid, start_date, end_date, is_current) VALUES (20, 663, '2025-04-15', '2025-05-15', FALSE);
INSERT INTO bookclub_reads (clubid, bookid, start_date, end_date, is_current) VALUES (20, 397, '2025-01-04', '2025-02-03', FALSE);
INSERT INTO bookclub_reads (clubid, bookid, start_date, end_date, is_current) VALUES (20, 182, '2025-04-24', '2025-05-24', FALSE);
INSERT INTO bookclub_reads (clubid, bookid, start_date, end_date, is_current) VALUES (20, 298, '2025-01-11', '2025-02-10', FALSE);
INSERT INTO bookclub_reads (clubid, bookid, start_date, end_date, is_current) VALUES (20, 650, '2025-01-17', '2025-02-16', FALSE);
INSERT INTO bookclub_reads (clubid, bookid, start_date, end_date, is_current) VALUES (20, 25, '2025-01-11', '2025-02-10', FALSE);
INSERT INTO bookclub_reads (clubid, bookid, start_date, end_date, is_current) VALUES (20, 975, '2024-12-30', '2025-01-29', FALSE);
INSERT INTO bookclub_reads (clubid, bookid, start_date, end_date, is_current) VALUES (20, 171, '2025-03-12', '2025-04-11', FALSE);
INSERT INTO bookclub_reads (clubid, bookid, start_date, end_date, is_current) VALUES (20, 456, '2025-03-12', '2025-04-11', FALSE);
INSERT INTO bookclub_reads (clubid, bookid, start_date, end_date, is_current) VALUES (20, 681, '2025-01-24', '2025-02-23', FALSE);

INSERT INTO bookclubs (clubid, name, description, creatorid) VALUES (21, 'Book Club 5', 'This is the description for Book Club 5.', 34);
INSERT INTO bookclub_members (clubid, userid) VALUES (21, 66);
INSERT INTO bookclub_members (clubid, userid) VALUES (21, 35);
INSERT INTO bookclub_members (clubid, userid) VALUES (21, 34);
INSERT INTO bookclub_members (clubid, userid) VALUES (21, 11);
INSERT INTO bookclub_members (clubid, userid) VALUES (21, 141);
INSERT INTO bookclub_members (clubid, userid) VALUES (21, 84);
INSERT INTO bookclub_members (clubid, userid) VALUES (21, 52);
INSERT INTO bookclub_members (clubid, userid) VALUES (21, 59);
INSERT INTO bookclub_reads (clubid, bookid, start_date, end_date, is_current) VALUES (21, 123, '2025-06-24', '2025-07-30', TRUE);
INSERT INTO bookclub_reads (clubid, bookid, start_date, end_date, is_current) VALUES (21, 288, '2025-04-09', '2025-05-09', FALSE);
INSERT INTO bookclub_reads (clubid, bookid, start_date, end_date, is_current) VALUES (21, 394, '2025-03-26', '2025-04-25', FALSE);
INSERT INTO bookclub_reads (clubid, bookid, start_date, end_date, is_current) VALUES (21, 278, '2025-05-17', '2025-06-16', FALSE);
INSERT INTO bookclub_reads (clubid, bookid, start_date, end_date, is_current) VALUES (21, 824, '2025-06-04', '2025-07-04', FALSE);
INSERT INTO bookclub_reads (clubid, bookid, start_date, end_date, is_current) VALUES (21, 698, '2025-05-09', '2025-06-08', FALSE);
INSERT INTO bookclub_reads (clubid, bookid, start_date, end_date, is_current) VALUES (21, 8, '2025-03-16', '2025-04-15', FALSE);
INSERT INTO bookclub_reads (clubid, bookid, start_date, end_date, is_current) VALUES (21, 247, '2024-12-17', '2025-01-16', FALSE);
INSERT INTO bookclub_reads (clubid, bookid, start_date, end_date, is_current) VALUES (21, 415, '2025-01-15', '2025-02-14', FALSE);
INSERT INTO bookclub_reads (clubid, bookid, start_date, end_date, is_current) VALUES (21, 71, '2025-05-10', '2025-06-09', FALSE);
INSERT INTO bookclub_reads (clubid, bookid, start_date, end_date, is_current) VALUES (21, 941, '2025-01-05', '2025-02-04', FALSE);
INSERT INTO bookclub_reads (clubid, bookid, start_date, end_date, is_current) VALUES (21, 848, '2025-01-18', '2025-02-17', FALSE);

INSERT INTO bookclubs (clubid, name, description, creatorid) VALUES (22, 'Book Club 6', 'This is the description for Book Club 6.', 115);
INSERT INTO bookclub_members (clubid, userid) VALUES (22, 4);
INSERT INTO bookclub_members (clubid, userid) VALUES (22, 37);
INSERT INTO bookclub_members (clubid, userid) VALUES (22, 105);
INSERT INTO bookclub_members (clubid, userid) VALUES (22, 13);
INSERT INTO bookclub_members (clubid, userid) VALUES (22, 110);
INSERT INTO bookclub_members (clubid, userid) VALUES (22, 51);
INSERT INTO bookclub_members (clubid, userid) VALUES (22, 115);
INSERT INTO bookclub_members (clubid, userid) VALUES (22, 121);
INSERT INTO bookclub_members (clubid, userid) VALUES (22, 25);
INSERT INTO bookclub_reads (clubid, bookid, start_date, end_date, is_current) VALUES (22, 4, '2025-06-27', '2025-08-19', TRUE);
INSERT INTO bookclub_reads (clubid, bookid, start_date, end_date, is_current) VALUES (22, 25, '2025-06-26', '2025-07-28', TRUE);
INSERT INTO bookclub_reads (clubid, bookid, start_date, end_date, is_current) VALUES (22, 166, '2025-06-16', '2025-08-07', TRUE);
INSERT INTO bookclub_reads (clubid, bookid, start_date, end_date, is_current) VALUES (22, 252, '2025-04-15', '2025-05-15', FALSE);
INSERT INTO bookclub_reads (clubid, bookid, start_date, end_date, is_current) VALUES (22, 944, '2025-01-21', '2025-02-20', FALSE);
INSERT INTO bookclub_reads (clubid, bookid, start_date, end_date, is_current) VALUES (22, 71, '2025-02-28', '2025-03-30', FALSE);
INSERT INTO bookclub_reads (clubid, bookid, start_date, end_date, is_current) VALUES (22, 103, '2025-01-24', '2025-02-23', FALSE);
INSERT INTO bookclub_reads (clubid, bookid, start_date, end_date, is_current) VALUES (22, 231, '2025-02-08', '2025-03-10', FALSE);
INSERT INTO bookclub_reads (clubid, bookid, start_date, end_date, is_current) VALUES (22, 410, '2025-03-06', '2025-04-05', FALSE);
INSERT INTO bookclub_reads (clubid, bookid, start_date, end_date, is_current) VALUES (22, 244, '2025-01-16', '2025-02-15', FALSE);
INSERT INTO bookclub_reads (clubid, bookid, start_date, end_date, is_current) VALUES (22, 799, '2025-03-08', '2025-04-07', FALSE);
INSERT INTO bookclub_reads (clubid, bookid, start_date, end_date, is_current) VALUES (22, 570, '2025-04-27', '2025-05-27', FALSE);

INSERT INTO bookclubs (clubid, name, description, creatorid) VALUES (23, 'Book Club 7', 'This is the description for Book Club 7.', 24);
INSERT INTO bookclub_members (clubid, userid) VALUES (23, 129);
INSERT INTO bookclub_members (clubid, userid) VALUES (23, 133);
INSERT INTO bookclub_members (clubid, userid) VALUES (23, 144);
INSERT INTO bookclub_members (clubid, userid) VALUES (23, 145);
INSERT INTO bookclub_members (clubid, userid) VALUES (23, 18);
INSERT INTO bookclub_members (clubid, userid) VALUES (23, 19);
INSERT INTO bookclub_members (clubid, userid) VALUES (23, 147);
INSERT INTO bookclub_members (clubid, userid) VALUES (23, 20);
INSERT INTO bookclub_members (clubid, userid) VALUES (23, 24);
INSERT INTO bookclub_members (clubid, userid) VALUES (23, 48);
INSERT INTO bookclub_members (clubid, userid) VALUES (23, 51);
INSERT INTO bookclub_members (clubid, userid) VALUES (23, 57);
INSERT INTO bookclub_members (clubid, userid) VALUES (23, 65);
INSERT INTO bookclub_members (clubid, userid) VALUES (23, 66);
INSERT INTO bookclub_members (clubid, userid) VALUES (23, 69);
INSERT INTO bookclub_members (clubid, userid) VALUES (23, 81);
INSERT INTO bookclub_members (clubid, userid) VALUES (23, 93);
INSERT INTO bookclub_members (clubid, userid) VALUES (23, 94);
INSERT INTO bookclub_members (clubid, userid) VALUES (23, 117);
INSERT INTO bookclub_members (clubid, userid) VALUES (23, 119);
INSERT INTO bookclub_reads (clubid, bookid, start_date, end_date, is_current) VALUES (23, 456, '2025-07-04', '2025-08-10', TRUE);
INSERT INTO bookclub_reads (clubid, bookid, start_date, end_date, is_current) VALUES (23, 182, '2025-01-11', '2025-02-10', FALSE);
INSERT INTO bookclub_reads (clubid, bookid, start_date, end_date, is_current) VALUES (23, 1052, '2024-12-12', '2025-01-11', FALSE);
INSERT INTO bookclub_reads (clubid, bookid, start_date, end_date, is_current) VALUES (23, 139, '2025-01-07', '2025-02-06', FALSE);
INSERT INTO bookclub_reads (clubid, bookid, start_date, end_date, is_current) VALUES (23, 793, '2024-12-12', '2025-01-11', FALSE);
INSERT INTO bookclub_reads (clubid, bookid, start_date, end_date, is_current) VALUES (23, 61, '2025-06-03', '2025-07-03', FALSE);
INSERT INTO bookclub_reads (clubid, bookid, start_date, end_date, is_current) VALUES (23, 110, '2025-03-04', '2025-04-03', FALSE);
INSERT INTO bookclub_reads (clubid, bookid, start_date, end_date, is_current) VALUES (23, 497, '2025-03-31', '2025-04-30', FALSE);
INSERT INTO bookclub_reads (clubid, bookid, start_date, end_date, is_current) VALUES (23, 117, '2025-05-07', '2025-06-06', FALSE);
INSERT INTO bookclub_reads (clubid, bookid, start_date, end_date, is_current) VALUES (23, 537, '2025-03-27', '2025-04-26', FALSE);
INSERT INTO bookclub_reads (clubid, bookid, start_date, end_date, is_current) VALUES (23, 28, '2025-01-11', '2025-02-10', FALSE);
INSERT INTO bookclub_reads (clubid, bookid, start_date, end_date, is_current) VALUES (23, 960, '2025-05-27', '2025-06-26', FALSE);
INSERT INTO bookclub_reads (clubid, bookid, start_date, end_date, is_current) VALUES (23, 253, '2025-05-01', '2025-05-31', FALSE);
INSERT INTO bookclub_reads (clubid, bookid, start_date, end_date, is_current) VALUES (23, 25, '2025-03-13', '2025-04-12', FALSE);
INSERT INTO bookclub_reads (clubid, bookid, start_date, end_date, is_current) VALUES (23, 92, '2025-01-27', '2025-02-26', FALSE);
INSERT INTO bookclub_reads (clubid, bookid, start_date, end_date, is_current) VALUES (23, 337, '2025-01-21', '2025-02-20', FALSE);

INSERT INTO bookclubs (clubid, name, description, creatorid) VALUES (24, 'Book Club 8', 'This is the description for Book Club 8.', 94);
INSERT INTO bookclub_members (clubid, userid) VALUES (24, 32);
INSERT INTO bookclub_members (clubid, userid) VALUES (24, 39);
INSERT INTO bookclub_members (clubid, userid) VALUES (24, 8);
INSERT INTO bookclub_members (clubid, userid) VALUES (24, 41);
INSERT INTO bookclub_members (clubid, userid) VALUES (24, 74);
INSERT INTO bookclub_members (clubid, userid) VALUES (24, 138);
INSERT INTO bookclub_members (clubid, userid) VALUES (24, 103);
INSERT INTO bookclub_members (clubid, userid) VALUES (24, 78);
INSERT INTO bookclub_members (clubid, userid) VALUES (24, 116);
INSERT INTO bookclub_members (clubid, userid) VALUES (24, 84);
INSERT INTO bookclub_members (clubid, userid) VALUES (24, 52);
INSERT INTO bookclub_members (clubid, userid) VALUES (24, 57);
INSERT INTO bookclub_members (clubid, userid) VALUES (24, 59);
INSERT INTO bookclub_members (clubid, userid) VALUES (24, 28);
INSERT INTO bookclub_members (clubid, userid) VALUES (24, 94);
INSERT INTO bookclub_reads (clubid, bookid, start_date, end_date, is_current) VALUES (24, 2, '2025-06-18', '2025-08-12', TRUE);
INSERT INTO bookclub_reads (clubid, bookid, start_date, end_date, is_current) VALUES (24, 105, '2025-03-20', '2025-04-19', FALSE);
INSERT INTO bookclub_reads (clubid, bookid, start_date, end_date, is_current) VALUES (24, 180, '2025-03-06', '2025-04-05', FALSE);
INSERT INTO bookclub_reads (clubid, bookid, start_date, end_date, is_current) VALUES (24, 208, '2025-01-23', '2025-02-22', FALSE);
INSERT INTO bookclub_reads (clubid, bookid, start_date, end_date, is_current) VALUES (24, 29, '2025-05-31', '2025-06-30', FALSE);
INSERT INTO bookclub_reads (clubid, bookid, start_date, end_date, is_current) VALUES (24, 477, '2025-05-04', '2025-06-03', FALSE);
INSERT INTO bookclub_reads (clubid, bookid, start_date, end_date, is_current) VALUES (24, 45, '2025-05-02', '2025-06-01', FALSE);
INSERT INTO bookclub_reads (clubid, bookid, start_date, end_date, is_current) VALUES (24, 413, '2024-12-17', '2025-01-16', FALSE);
INSERT INTO bookclub_reads (clubid, bookid, start_date, end_date, is_current) VALUES (24, 933, '2025-01-28', '2025-02-27', FALSE);
INSERT INTO bookclub_reads (clubid, bookid, start_date, end_date, is_current) VALUES (24, 931, '2025-01-31', '2025-03-02', FALSE);
INSERT INTO bookclub_reads (clubid, bookid, start_date, end_date, is_current) VALUES (24, 74, '2025-03-09', '2025-04-08', FALSE);
INSERT INTO bookclub_reads (clubid, bookid, start_date, end_date, is_current) VALUES (24, 432, '2025-04-20', '2025-05-20', FALSE);
INSERT INTO bookclub_reads (clubid, bookid, start_date, end_date, is_current) VALUES (24, 142, '2025-04-06', '2025-05-06', FALSE);
INSERT INTO bookclub_reads (clubid, bookid, start_date, end_date, is_current) VALUES (24, 354, '2025-01-06', '2025-02-05', FALSE);
INSERT INTO bookclub_reads (clubid, bookid, start_date, end_date, is_current) VALUES (24, 414, '2025-01-21', '2025-02-20', FALSE);

INSERT INTO bookclubs (clubid, name, description, creatorid) VALUES (25, 'Book Club 9', 'This is the description for Book Club 9.', 32);
INSERT INTO bookclub_members (clubid, userid) VALUES (25, 32);
INSERT INTO bookclub_members (clubid, userid) VALUES (25, 36);
INSERT INTO bookclub_members (clubid, userid) VALUES (25, 134);
INSERT INTO bookclub_members (clubid, userid) VALUES (25, 103);
INSERT INTO bookclub_members (clubid, userid) VALUES (25, 39);
INSERT INTO bookclub_members (clubid, userid) VALUES (25, 73);
INSERT INTO bookclub_members (clubid, userid) VALUES (25, 47);
INSERT INTO bookclub_members (clubid, userid) VALUES (25, 112);
INSERT INTO bookclub_members (clubid, userid) VALUES (25, 145);
INSERT INTO bookclub_members (clubid, userid) VALUES (25, 18);
INSERT INTO bookclub_members (clubid, userid) VALUES (25, 149);
INSERT INTO bookclub_members (clubid, userid) VALUES (25, 55);
INSERT INTO bookclub_members (clubid, userid) VALUES (25, 27);
INSERT INTO bookclub_members (clubid, userid) VALUES (25, 31);
INSERT INTO bookclub_reads (clubid, bookid, start_date, end_date, is_current) VALUES (25, 435, '2025-06-28', '2025-08-15', TRUE);
INSERT INTO bookclub_reads (clubid, bookid, start_date, end_date, is_current) VALUES (25, 253, '2025-06-17', '2025-08-18', TRUE);
INSERT INTO bookclub_reads (clubid, bookid, start_date, end_date, is_current) VALUES (25, 151, '2025-03-12', '2025-04-11', FALSE);
INSERT INTO bookclub_reads (clubid, bookid, start_date, end_date, is_current) VALUES (25, 105, '2025-01-21', '2025-02-20', FALSE);
INSERT INTO bookclub_reads (clubid, bookid, start_date, end_date, is_current) VALUES (25, 478, '2025-02-06', '2025-03-08', FALSE);
INSERT INTO bookclub_reads (clubid, bookid, start_date, end_date, is_current) VALUES (25, 397, '2024-12-12', '2025-01-11', FALSE);
INSERT INTO bookclub_reads (clubid, bookid, start_date, end_date, is_current) VALUES (25, 655, '2025-03-23', '2025-04-22', FALSE);
INSERT INTO bookclub_reads (clubid, bookid, start_date, end_date, is_current) VALUES (25, 29, '2025-04-30', '2025-05-30', FALSE);
INSERT INTO bookclub_reads (clubid, bookid, start_date, end_date, is_current) VALUES (25, 975, '2025-03-27', '2025-04-26', FALSE);
INSERT INTO bookclub_reads (clubid, bookid, start_date, end_date, is_current) VALUES (25, 498, '2025-05-25', '2025-06-24', FALSE);
INSERT INTO bookclub_reads (clubid, bookid, start_date, end_date, is_current) VALUES (25, 89, '2025-04-08', '2025-05-08', FALSE);
INSERT INTO bookclub_reads (clubid, bookid, start_date, end_date, is_current) VALUES (25, 119, '2025-01-26', '2025-02-25', FALSE);

INSERT INTO bookclubs (clubid, name, description, creatorid) VALUES (26, 'Book Club 10', 'This is the description for Book Club 10.', 27);
INSERT INTO bookclub_members (clubid, userid) VALUES (26, 2);
INSERT INTO bookclub_members (clubid, userid) VALUES (26, 99);
INSERT INTO bookclub_members (clubid, userid) VALUES (26, 132);
INSERT INTO bookclub_members (clubid, userid) VALUES (26, 134);
INSERT INTO bookclub_members (clubid, userid) VALUES (26, 70);
INSERT INTO bookclub_members (clubid, userid) VALUES (26, 27);
INSERT INTO bookclub_members (clubid, userid) VALUES (26, 41);
INSERT INTO bookclub_members (clubid, userid) VALUES (26, 73);
INSERT INTO bookclub_members (clubid, userid) VALUES (26, 139);
INSERT INTO bookclub_members (clubid, userid) VALUES (26, 43);
INSERT INTO bookclub_members (clubid, userid) VALUES (26, 49);
INSERT INTO bookclub_members (clubid, userid) VALUES (26, 21);
INSERT INTO bookclub_members (clubid, userid) VALUES (26, 119);
INSERT INTO bookclub_members (clubid, userid) VALUES (26, 123);
INSERT INTO bookclub_members (clubid, userid) VALUES (26, 94);
INSERT INTO bookclub_reads (clubid, bookid, start_date, end_date, is_current) VALUES (26, 129, '2025-06-29', '2025-08-12', TRUE);
INSERT INTO bookclub_reads (clubid, bookid, start_date, end_date, is_current) VALUES (26, 348, '2025-06-16', '2025-08-17', TRUE);
INSERT INTO bookclub_reads (clubid, bookid, start_date, end_date, is_current) VALUES (26, 629, '2025-06-10', '2025-08-10', TRUE);
INSERT INTO bookclub_reads (clubid, bookid, start_date, end_date, is_current) VALUES (26, 13, '2024-12-29', '2025-01-28', FALSE);
INSERT INTO bookclub_reads (clubid, bookid, start_date, end_date, is_current) VALUES (26, 929, '2025-03-24', '2025-04-23', FALSE);
INSERT INTO bookclub_reads (clubid, bookid, start_date, end_date, is_current) VALUES (26, 431, '2025-04-17', '2025-05-17', FALSE);
INSERT INTO bookclub_reads (clubid, bookid, start_date, end_date, is_current) VALUES (26, 302, '2024-12-31', '2025-01-30', FALSE);
INSERT INTO bookclub_reads (clubid, bookid, start_date, end_date, is_current) VALUES (26, 182, '2025-02-08', '2025-03-10', FALSE);
INSERT INTO bookclub_reads (clubid, bookid, start_date, end_date, is_current) VALUES (26, 299, '2024-12-23', '2025-01-22', FALSE);
INSERT INTO bookclub_reads (clubid, bookid, start_date, end_date, is_current) VALUES (26, 285, '2025-05-06', '2025-06-05', FALSE);
INSERT INTO bookclub_reads (clubid, bookid, start_date, end_date, is_current) VALUES (26, 815, '2025-02-20', '2025-03-22', FALSE);

INSERT INTO bookclubs (clubid, name, description, creatorid) VALUES (27, 'Book Club 11', 'This is the description for Book Club 11.', 135);
INSERT INTO bookclub_members (clubid, userid) VALUES (27, 64);
INSERT INTO bookclub_members (clubid, userid) VALUES (27, 135);
INSERT INTO bookclub_members (clubid, userid) VALUES (27, 79);
INSERT INTO bookclub_members (clubid, userid) VALUES (27, 80);
INSERT INTO bookclub_members (clubid, userid) VALUES (27, 89);
INSERT INTO bookclub_members (clubid, userid) VALUES (27, 27);
INSERT INTO bookclub_reads (clubid, bookid, start_date, end_date, is_current) VALUES (27, 277, '2025-07-04', '2025-08-14', TRUE);
INSERT INTO bookclub_reads (clubid, bookid, start_date, end_date, is_current) VALUES (27, 50, '2025-06-27', '2025-08-09', TRUE);
INSERT INTO bookclub_reads (clubid, bookid, start_date, end_date, is_current) VALUES (27, 14, '2025-03-28', '2025-04-27', FALSE);
INSERT INTO bookclub_reads (clubid, bookid, start_date, end_date, is_current) VALUES (27, 296, '2024-12-15', '2025-01-14', FALSE);
INSERT INTO bookclub_reads (clubid, bookid, start_date, end_date, is_current) VALUES (27, 144, '2025-04-04', '2025-05-04', FALSE);
INSERT INTO bookclub_reads (clubid, bookid, start_date, end_date, is_current) VALUES (27, 66, '2025-02-18', '2025-03-20', FALSE);
INSERT INTO bookclub_reads (clubid, bookid, start_date, end_date, is_current) VALUES (27, 53, '2025-02-26', '2025-03-28', FALSE);

INSERT INTO bookclubs (clubid, name, description, creatorid) VALUES (28, 'Book Club 12', 'This is the description for Book Club 12.', 148);
INSERT INTO bookclub_members (clubid, userid) VALUES (28, 141);
INSERT INTO bookclub_members (clubid, userid) VALUES (28, 80);
INSERT INTO bookclub_members (clubid, userid) VALUES (28, 148);
INSERT INTO bookclub_members (clubid, userid) VALUES (28, 56);
INSERT INTO bookclub_members (clubid, userid) VALUES (28, 60);
INSERT INTO bookclub_reads (clubid, bookid, start_date, end_date, is_current) VALUES (28, 357, '2025-06-07', '2025-08-09', TRUE);
INSERT INTO bookclub_reads (clubid, bookid, start_date, end_date, is_current) VALUES (28, 359, '2025-06-28', '2025-08-10', TRUE);
INSERT INTO bookclub_reads (clubid, bookid, start_date, end_date, is_current) VALUES (28, 933, '2024-12-19', '2025-01-18', FALSE);
INSERT INTO bookclub_reads (clubid, bookid, start_date, end_date, is_current) VALUES (28, 1099, '2025-05-27', '2025-06-26', FALSE);
INSERT INTO bookclub_reads (clubid, bookid, start_date, end_date, is_current) VALUES (28, 103, '2025-01-11', '2025-02-10', FALSE);
INSERT INTO bookclub_reads (clubid, bookid, start_date, end_date, is_current) VALUES (28, 759, '2025-05-22', '2025-06-21', FALSE);
INSERT INTO bookclub_reads (clubid, bookid, start_date, end_date, is_current) VALUES (28, 539, '2024-12-11', '2025-01-10', FALSE);
INSERT INTO bookclub_reads (clubid, bookid, start_date, end_date, is_current) VALUES (28, 171, '2025-04-14', '2025-05-14', FALSE);
INSERT INTO bookclub_reads (clubid, bookid, start_date, end_date, is_current) VALUES (28, 685, '2025-06-03', '2025-07-03', FALSE);
INSERT INTO bookclub_reads (clubid, bookid, start_date, end_date, is_current) VALUES (28, 299, '2025-03-08', '2025-04-07', FALSE);

INSERT INTO bookclubs (clubid, name, description, creatorid) VALUES (29, 'Book Club 13', 'This is the description for Book Club 13.', 106);
INSERT INTO bookclub_members (clubid, userid) VALUES (29, 8);
INSERT INTO bookclub_members (clubid, userid) VALUES (29, 106);
INSERT INTO bookclub_members (clubid, userid) VALUES (29, 43);
INSERT INTO bookclub_members (clubid, userid) VALUES (29, 107);
INSERT INTO bookclub_members (clubid, userid) VALUES (29, 141);
INSERT INTO bookclub_members (clubid, userid) VALUES (29, 20);
INSERT INTO bookclub_reads (clubid, bookid, start_date, end_date, is_current) VALUES (29, 639, '2025-06-14', '2025-08-01', TRUE);
INSERT INTO bookclub_reads (clubid, bookid, start_date, end_date, is_current) VALUES (29, 424, '2025-06-17', '2025-08-06', TRUE);
INSERT INTO bookclub_reads (clubid, bookid, start_date, end_date, is_current) VALUES (29, 129, '2025-01-14', '2025-02-13', FALSE);
INSERT INTO bookclub_reads (clubid, bookid, start_date, end_date, is_current) VALUES (29, 665, '2025-05-03', '2025-06-02', FALSE);
INSERT INTO bookclub_reads (clubid, bookid, start_date, end_date, is_current) VALUES (29, 133, '2025-05-12', '2025-06-11', FALSE);
INSERT INTO bookclub_reads (clubid, bookid, start_date, end_date, is_current) VALUES (29, 131, '2025-02-07', '2025-03-09', FALSE);
INSERT INTO bookclub_reads (clubid, bookid, start_date, end_date, is_current) VALUES (29, 570, '2025-01-23', '2025-02-22', FALSE);
INSERT INTO bookclub_reads (clubid, bookid, start_date, end_date, is_current) VALUES (29, 668, '2025-02-09', '2025-03-11', FALSE);
INSERT INTO bookclub_reads (clubid, bookid, start_date, end_date, is_current) VALUES (29, 67, '2025-04-09', '2025-05-09', FALSE);
INSERT INTO bookclub_reads (clubid, bookid, start_date, end_date, is_current) VALUES (29, 362, '2025-03-29', '2025-04-28', FALSE);
INSERT INTO bookclub_reads (clubid, bookid, start_date, end_date, is_current) VALUES (29, 249, '2025-05-01', '2025-05-31', FALSE);
INSERT INTO bookclub_reads (clubid, bookid, start_date, end_date, is_current) VALUES (29, 204, '2025-01-08', '2025-02-07', FALSE);
INSERT INTO bookclub_reads (clubid, bookid, start_date, end_date, is_current) VALUES (29, 177, '2025-03-07', '2025-04-06', FALSE);
INSERT INTO bookclub_reads (clubid, bookid, start_date, end_date, is_current) VALUES (29, 250, '2025-05-14', '2025-06-13', FALSE);
INSERT INTO bookclub_reads (clubid, bookid, start_date, end_date, is_current) VALUES (29, 411, '2025-01-02', '2025-02-01', FALSE);

INSERT INTO bookclubs (clubid, name, description, creatorid) VALUES (30, 'Book Club 14', 'This is the description for Book Club 14.', 35);
INSERT INTO bookclub_members (clubid, userid) VALUES (30, 32);
INSERT INTO bookclub_members (clubid, userid) VALUES (30, 64);
INSERT INTO bookclub_members (clubid, userid) VALUES (30, 34);
INSERT INTO bookclub_members (clubid, userid) VALUES (30, 99);
INSERT INTO bookclub_members (clubid, userid) VALUES (30, 36);
INSERT INTO bookclub_members (clubid, userid) VALUES (30, 35);
INSERT INTO bookclub_members (clubid, userid) VALUES (30, 102);
INSERT INTO bookclub_members (clubid, userid) VALUES (30, 7);
INSERT INTO bookclub_members (clubid, userid) VALUES (30, 103);
INSERT INTO bookclub_members (clubid, userid) VALUES (30, 137);
INSERT INTO bookclub_members (clubid, userid) VALUES (30, 76);
INSERT INTO bookclub_members (clubid, userid) VALUES (30, 47);
INSERT INTO bookclub_members (clubid, userid) VALUES (30, 147);
INSERT INTO bookclub_members (clubid, userid) VALUES (30, 116);
INSERT INTO bookclub_members (clubid, userid) VALUES (30, 21);
INSERT INTO bookclub_members (clubid, userid) VALUES (30, 88);
INSERT INTO bookclub_members (clubid, userid) VALUES (30, 124);
INSERT INTO bookclub_reads (clubid, bookid, start_date, end_date, is_current) VALUES (30, 214, '2025-06-28', '2025-07-25', TRUE);
INSERT INTO bookclub_reads (clubid, bookid, start_date, end_date, is_current) VALUES (30, 409, '2025-06-01', '2025-07-01', FALSE);
INSERT INTO bookclub_reads (clubid, bookid, start_date, end_date, is_current) VALUES (30, 8, '2025-04-11', '2025-05-11', FALSE);
INSERT INTO bookclub_reads (clubid, bookid, start_date, end_date, is_current) VALUES (30, 37, '2025-02-16', '2025-03-18', FALSE);
INSERT INTO bookclub_reads (clubid, bookid, start_date, end_date, is_current) VALUES (30, 171, '2025-05-10', '2025-06-09', FALSE);
INSERT INTO bookclub_reads (clubid, bookid, start_date, end_date, is_current) VALUES (30, 672, '2025-04-09', '2025-05-09', FALSE);
INSERT INTO bookclub_reads (clubid, bookid, start_date, end_date, is_current) VALUES (30, 57, '2025-01-17', '2025-02-16', FALSE);
INSERT INTO bookclub_reads (clubid, bookid, start_date, end_date, is_current) VALUES (30, 866, '2025-05-11', '2025-06-10', FALSE);
INSERT INTO bookclub_reads (clubid, bookid, start_date, end_date, is_current) VALUES (30, 669, '2025-03-02', '2025-04-01', FALSE);
INSERT INTO bookclub_reads (clubid, bookid, start_date, end_date, is_current) VALUES (30, 71, '2025-02-14', '2025-03-16', FALSE);
INSERT INTO bookclub_reads (clubid, bookid, start_date, end_date, is_current) VALUES (30, 297, '2025-02-07', '2025-03-09', FALSE);
INSERT INTO bookclub_reads (clubid, bookid, start_date, end_date, is_current) VALUES (30, 289, '2024-12-23', '2025-01-22', FALSE);
INSERT INTO bookclub_reads (clubid, bookid, start_date, end_date, is_current) VALUES (30, 639, '2025-03-12', '2025-04-11', FALSE);
INSERT INTO bookclub_reads (clubid, bookid, start_date, end_date, is_current) VALUES (30, 675, '2025-01-14', '2025-02-13', FALSE);
INSERT INTO bookclub_reads (clubid, bookid, start_date, end_date, is_current) VALUES (30, 14, '2025-01-14', '2025-02-13', FALSE);
INSERT INTO bookclub_reads (clubid, bookid, start_date, end_date, is_current) VALUES (30, 31, '2025-03-15', '2025-04-14', FALSE);

INSERT INTO bookclubs (clubid, name, description, creatorid) VALUES (31, 'Book Club 15', 'This is the description for Book Club 15.', 38);
INSERT INTO bookclub_members (clubid, userid) VALUES (31, 33);
INSERT INTO bookclub_members (clubid, userid) VALUES (31, 130);
INSERT INTO bookclub_members (clubid, userid) VALUES (31, 35);
INSERT INTO bookclub_members (clubid, userid) VALUES (31, 102);
INSERT INTO bookclub_members (clubid, userid) VALUES (31, 39);
INSERT INTO bookclub_members (clubid, userid) VALUES (31, 8);
INSERT INTO bookclub_members (clubid, userid) VALUES (31, 7);
INSERT INTO bookclub_members (clubid, userid) VALUES (31, 38);
INSERT INTO bookclub_members (clubid, userid) VALUES (31, 80);
INSERT INTO bookclub_members (clubid, userid) VALUES (31, 144);
INSERT INTO bookclub_members (clubid, userid) VALUES (31, 114);
INSERT INTO bookclub_members (clubid, userid) VALUES (31, 48);
INSERT INTO bookclub_members (clubid, userid) VALUES (31, 55);
INSERT INTO bookclub_members (clubid, userid) VALUES (31, 121);
INSERT INTO bookclub_members (clubid, userid) VALUES (31, 27);
INSERT INTO bookclub_reads (clubid, bookid, start_date, end_date, is_current) VALUES (31, 498, '2025-06-22', '2025-08-12', TRUE);
INSERT INTO bookclub_reads (clubid, bookid, start_date, end_date, is_current) VALUES (31, 264, '2025-06-15', '2025-08-18', TRUE);
INSERT INTO bookclub_reads (clubid, bookid, start_date, end_date, is_current) VALUES (31, 418, '2025-06-23', '2025-08-15', TRUE);
INSERT INTO bookclub_reads (clubid, bookid, start_date, end_date, is_current) VALUES (31, 1032, '2025-03-14', '2025-04-13', FALSE);
INSERT INTO bookclub_reads (clubid, bookid, start_date, end_date, is_current) VALUES (31, 171, '2025-05-26', '2025-06-25', FALSE);
INSERT INTO bookclub_reads (clubid, bookid, start_date, end_date, is_current) VALUES (31, 456, '2025-04-29', '2025-05-29', FALSE);
INSERT INTO bookclub_reads (clubid, bookid, start_date, end_date, is_current) VALUES (31, 181, '2025-03-23', '2025-04-22', FALSE);
INSERT INTO bookclub_reads (clubid, bookid, start_date, end_date, is_current) VALUES (31, 137, '2025-02-08', '2025-03-10', FALSE);
INSERT INTO bookclub_reads (clubid, bookid, start_date, end_date, is_current) VALUES (31, 639, '2025-01-01', '2025-01-31', FALSE);
INSERT INTO bookclub_reads (clubid, bookid, start_date, end_date, is_current) VALUES (31, 68, '2025-03-13', '2025-04-12', FALSE);
INSERT INTO bookclub_reads (clubid, bookid, start_date, end_date, is_current) VALUES (31, 664, '2024-12-25', '2025-01-24', FALSE);
INSERT INTO bookclub_reads (clubid, bookid, start_date, end_date, is_current) VALUES (31, 105, '2025-04-18', '2025-05-18', FALSE);
INSERT INTO bookclub_reads (clubid, bookid, start_date, end_date, is_current) VALUES (31, 133, '2025-05-12', '2025-06-11', FALSE);
INSERT INTO bookclub_reads (clubid, bookid, start_date, end_date, is_current) VALUES (31, 350, '2025-01-27', '2025-02-26', FALSE);
INSERT INTO bookclub_reads (clubid, bookid, start_date, end_date, is_current) VALUES (31, 75, '2025-04-25', '2025-05-25', FALSE);
INSERT INTO bookclub_reads (clubid, bookid, start_date, end_date, is_current) VALUES (31, 1073, '2025-03-05', '2025-04-04', FALSE);
INSERT INTO bookclub_reads (clubid, bookid, start_date, end_date, is_current) VALUES (31, 67, '2025-02-07', '2025-03-09', FALSE);
INSERT INTO bookclub_reads (clubid, bookid, start_date, end_date, is_current) VALUES (31, 929, '2025-02-17', '2025-03-19', FALSE);

INSERT INTO bookclubs (clubid, name, description, creatorid) VALUES (32, 'Book Club 16', 'This is the description for Book Club 16.', 17);
INSERT INTO bookclub_members (clubid, userid) VALUES (32, 74);
INSERT INTO bookclub_members (clubid, userid) VALUES (32, 77);
INSERT INTO bookclub_members (clubid, userid) VALUES (32, 17);
INSERT INTO bookclub_members (clubid, userid) VALUES (32, 50);
INSERT INTO bookclub_members (clubid, userid) VALUES (32, 19);
INSERT INTO bookclub_members (clubid, userid) VALUES (32, 124);
INSERT INTO bookclub_reads (clubid, bookid, start_date, end_date, is_current) VALUES (32, 477, '2025-06-23', '2025-07-24', TRUE);
INSERT INTO bookclub_reads (clubid, bookid, start_date, end_date, is_current) VALUES (32, 466, '2025-06-11', '2025-08-10', TRUE);
INSERT INTO bookclub_reads (clubid, bookid, start_date, end_date, is_current) VALUES (32, 160, '2025-06-22', '2025-07-31', TRUE);
INSERT INTO bookclub_reads (clubid, bookid, start_date, end_date, is_current) VALUES (32, 159, '2025-01-21', '2025-02-20', FALSE);
INSERT INTO bookclub_reads (clubid, bookid, start_date, end_date, is_current) VALUES (32, 816, '2024-12-26', '2025-01-25', FALSE);
INSERT INTO bookclub_reads (clubid, bookid, start_date, end_date, is_current) VALUES (32, 969, '2025-04-30', '2025-05-30', FALSE);
INSERT INTO bookclub_reads (clubid, bookid, start_date, end_date, is_current) VALUES (32, 815, '2024-12-31', '2025-01-30', FALSE);
INSERT INTO bookclub_reads (clubid, bookid, start_date, end_date, is_current) VALUES (32, 431, '2025-03-18', '2025-04-17', FALSE);

INSERT INTO bookclubs (clubid, name, description, creatorid) VALUES (33, 'Book Club 17', 'This is the description for Book Club 17.', 10);
INSERT INTO bookclub_members (clubid, userid) VALUES (33, 65);
INSERT INTO bookclub_members (clubid, userid) VALUES (33, 71);
INSERT INTO bookclub_members (clubid, userid) VALUES (33, 104);
INSERT INTO bookclub_members (clubid, userid) VALUES (33, 42);
INSERT INTO bookclub_members (clubid, userid) VALUES (33, 74);
INSERT INTO bookclub_members (clubid, userid) VALUES (33, 10);
INSERT INTO bookclub_members (clubid, userid) VALUES (33, 13);
INSERT INTO bookclub_members (clubid, userid) VALUES (33, 110);
INSERT INTO bookclub_members (clubid, userid) VALUES (33, 14);
INSERT INTO bookclub_members (clubid, userid) VALUES (33, 111);
INSERT INTO bookclub_members (clubid, userid) VALUES (33, 88);
INSERT INTO bookclub_reads (clubid, bookid, start_date, end_date, is_current) VALUES (33, 864, '2025-07-02', '2025-08-13', TRUE);
INSERT INTO bookclub_reads (clubid, bookid, start_date, end_date, is_current) VALUES (33, 869, '2025-07-05', '2025-08-10', TRUE);
INSERT INTO bookclub_reads (clubid, bookid, start_date, end_date, is_current) VALUES (33, 25, '2025-06-05', '2025-07-05', FALSE);
INSERT INTO bookclub_reads (clubid, bookid, start_date, end_date, is_current) VALUES (33, 350, '2025-01-20', '2025-02-19', FALSE);
INSERT INTO bookclub_reads (clubid, bookid, start_date, end_date, is_current) VALUES (33, 298, '2025-03-22', '2025-04-21', FALSE);
INSERT INTO bookclub_reads (clubid, bookid, start_date, end_date, is_current) VALUES (33, 422, '2025-01-24', '2025-02-23', FALSE);
INSERT INTO bookclub_reads (clubid, bookid, start_date, end_date, is_current) VALUES (33, 765, '2024-12-26', '2025-01-25', FALSE);
INSERT INTO bookclub_reads (clubid, bookid, start_date, end_date, is_current) VALUES (33, 672, '2025-03-03', '2025-04-02', FALSE);
INSERT INTO bookclub_reads (clubid, bookid, start_date, end_date, is_current) VALUES (33, 456, '2025-03-02', '2025-04-01', FALSE);
INSERT INTO bookclub_reads (clubid, bookid, start_date, end_date, is_current) VALUES (33, 413, '2025-04-12', '2025-05-12', FALSE);
INSERT INTO bookclub_reads (clubid, bookid, start_date, end_date, is_current) VALUES (33, 414, '2025-01-12', '2025-02-11', FALSE);
INSERT INTO bookclub_reads (clubid, bookid, start_date, end_date, is_current) VALUES (33, 50, '2025-04-27', '2025-05-27', FALSE);
INSERT INTO bookclub_reads (clubid, bookid, start_date, end_date, is_current) VALUES (33, 1007, '2025-02-19', '2025-03-21', FALSE);
INSERT INTO bookclub_reads (clubid, bookid, start_date, end_date, is_current) VALUES (33, 1, '2025-05-27', '2025-06-26', FALSE);

INSERT INTO bookclubs (clubid, name, description, creatorid) VALUES (34, 'Book Club 18', 'This is the description for Book Club 18.', 35);
INSERT INTO bookclub_members (clubid, userid) VALUES (34, 64);
INSERT INTO bookclub_members (clubid, userid) VALUES (34, 97);
INSERT INTO bookclub_members (clubid, userid) VALUES (34, 35);
INSERT INTO bookclub_members (clubid, userid) VALUES (34, 100);
INSERT INTO bookclub_members (clubid, userid) VALUES (34, 37);
INSERT INTO bookclub_members (clubid, userid) VALUES (34, 8);
INSERT INTO bookclub_members (clubid, userid) VALUES (34, 72);
INSERT INTO bookclub_members (clubid, userid) VALUES (34, 78);
INSERT INTO bookclub_members (clubid, userid) VALUES (34, 143);
INSERT INTO bookclub_members (clubid, userid) VALUES (34, 79);
INSERT INTO bookclub_members (clubid, userid) VALUES (34, 47);
INSERT INTO bookclub_members (clubid, userid) VALUES (34, 113);
INSERT INTO bookclub_members (clubid, userid) VALUES (34, 51);
INSERT INTO bookclub_members (clubid, userid) VALUES (34, 53);
INSERT INTO bookclub_members (clubid, userid) VALUES (34, 87);
INSERT INTO bookclub_members (clubid, userid) VALUES (34, 28);
INSERT INTO bookclub_reads (clubid, bookid, start_date, end_date, is_current) VALUES (34, 22, '2025-06-19', '2025-08-17', TRUE);
INSERT INTO bookclub_reads (clubid, bookid, start_date, end_date, is_current) VALUES (34, 669, '2025-06-15', '2025-08-20', TRUE);
INSERT INTO bookclub_reads (clubid, bookid, start_date, end_date, is_current) VALUES (34, 251, '2025-06-10', '2025-08-20', TRUE);
INSERT INTO bookclub_reads (clubid, bookid, start_date, end_date, is_current) VALUES (34, 1014, '2025-02-15', '2025-03-17', FALSE);
INSERT INTO bookclub_reads (clubid, bookid, start_date, end_date, is_current) VALUES (34, 354, '2024-12-31', '2025-01-30', FALSE);
INSERT INTO bookclub_reads (clubid, bookid, start_date, end_date, is_current) VALUES (34, 678, '2025-05-06', '2025-06-05', FALSE);
INSERT INTO bookclub_reads (clubid, bookid, start_date, end_date, is_current) VALUES (34, 205, '2025-03-12', '2025-04-11', FALSE);
INSERT INTO bookclub_reads (clubid, bookid, start_date, end_date, is_current) VALUES (34, 1090, '2025-04-05', '2025-05-05', FALSE);

INSERT INTO bookclubs (clubid, name, description, creatorid) VALUES (35, 'Book Club 19', 'This is the description for Book Club 19.', 143);
INSERT INTO bookclub_members (clubid, userid) VALUES (35, 2);
INSERT INTO bookclub_members (clubid, userid) VALUES (35, 134);
INSERT INTO bookclub_members (clubid, userid) VALUES (35, 7);
INSERT INTO bookclub_members (clubid, userid) VALUES (35, 79);
INSERT INTO bookclub_members (clubid, userid) VALUES (35, 112);
INSERT INTO bookclub_members (clubid, userid) VALUES (35, 143);
INSERT INTO bookclub_members (clubid, userid) VALUES (35, 18);
INSERT INTO bookclub_members (clubid, userid) VALUES (35, 148);
INSERT INTO bookclub_members (clubid, userid) VALUES (35, 118);
INSERT INTO bookclub_members (clubid, userid) VALUES (35, 25);
INSERT INTO bookclub_members (clubid, userid) VALUES (35, 31);
INSERT INTO bookclub_reads (clubid, bookid, start_date, end_date, is_current) VALUES (35, 866, '2025-06-28', '2025-08-04', TRUE);
INSERT INTO bookclub_reads (clubid, bookid, start_date, end_date, is_current) VALUES (35, 253, '2025-06-24', '2025-07-22', TRUE);
INSERT INTO bookclub_reads (clubid, bookid, start_date, end_date, is_current) VALUES (35, 655, '2025-05-06', '2025-06-05', FALSE);
INSERT INTO bookclub_reads (clubid, bookid, start_date, end_date, is_current) VALUES (35, 14, '2025-01-20', '2025-02-19', FALSE);
INSERT INTO bookclub_reads (clubid, bookid, start_date, end_date, is_current) VALUES (35, 869, '2025-05-08', '2025-06-07', FALSE);
INSERT INTO bookclub_reads (clubid, bookid, start_date, end_date, is_current) VALUES (35, 4, '2024-12-29', '2025-01-28', FALSE);
INSERT INTO bookclub_reads (clubid, bookid, start_date, end_date, is_current) VALUES (35, 848, '2024-12-23', '2025-01-22', FALSE);
INSERT INTO bookclub_reads (clubid, bookid, start_date, end_date, is_current) VALUES (35, 90, '2025-02-13', '2025-03-15', FALSE);

INSERT INTO bookclubs (clubid, name, description, creatorid) VALUES (36, 'Book Club 20', 'This is the description for Book Club 20.', 107);
INSERT INTO bookclub_members (clubid, userid) VALUES (36, 64);
INSERT INTO bookclub_members (clubid, userid) VALUES (36, 35);
INSERT INTO bookclub_members (clubid, userid) VALUES (36, 132);
INSERT INTO bookclub_members (clubid, userid) VALUES (36, 107);
INSERT INTO bookclub_members (clubid, userid) VALUES (36, 116);
INSERT INTO bookclub_members (clubid, userid) VALUES (36, 126);
INSERT INTO bookclub_members (clubid, userid) VALUES (36, 63);
INSERT INTO bookclub_reads (clubid, bookid, start_date, end_date, is_current) VALUES (36, 67, '2025-06-17', '2025-08-08', TRUE);
INSERT INTO bookclub_reads (clubid, bookid, start_date, end_date, is_current) VALUES (36, 131, '2025-06-15', '2025-08-12', TRUE);
INSERT INTO bookclub_reads (clubid, bookid, start_date, end_date, is_current) VALUES (36, 50, '2025-07-04', '2025-07-25', TRUE);
INSERT INTO bookclub_reads (clubid, bookid, start_date, end_date, is_current) VALUES (36, 406, '2025-02-24', '2025-03-26', FALSE);
INSERT INTO bookclub_reads (clubid, bookid, start_date, end_date, is_current) VALUES (36, 394, '2025-04-24', '2025-05-24', FALSE);
INSERT INTO bookclub_reads (clubid, bookid, start_date, end_date, is_current) VALUES (36, 96, '2025-02-16', '2025-03-18', FALSE);
INSERT INTO bookclub_reads (clubid, bookid, start_date, end_date, is_current) VALUES (36, 66, '2025-05-08', '2025-06-07', FALSE);
INSERT INTO bookclub_reads (clubid, bookid, start_date, end_date, is_current) VALUES (36, 643, '2025-04-01', '2025-05-01', FALSE);
INSERT INTO bookclub_reads (clubid, bookid, start_date, end_date, is_current) VALUES (36, 420, '2025-05-22', '2025-06-21', FALSE);
INSERT INTO bookclub_reads (clubid, bookid, start_date, end_date, is_current) VALUES (36, 171, '2025-02-14', '2025-03-16', FALSE);
INSERT INTO bookclub_reads (clubid, bookid, start_date, end_date, is_current) VALUES (36, 872, '2025-01-07', '2025-02-06', FALSE);

INSERT INTO bookclubs (clubid, name, description, creatorid) VALUES (37, 'Book Club 21', 'This is the description for Book Club 21.', 120);
INSERT INTO bookclub_members (clubid, userid) VALUES (37, 33);
INSERT INTO bookclub_members (clubid, userid) VALUES (37, 65);
INSERT INTO bookclub_members (clubid, userid) VALUES (37, 79);
INSERT INTO bookclub_members (clubid, userid) VALUES (37, 112);
INSERT INTO bookclub_members (clubid, userid) VALUES (37, 115);
INSERT INTO bookclub_members (clubid, userid) VALUES (37, 20);
INSERT INTO bookclub_members (clubid, userid) VALUES (37, 52);
INSERT INTO bookclub_members (clubid, userid) VALUES (37, 120);
INSERT INTO bookclub_reads (clubid, bookid, start_date, end_date, is_current) VALUES (37, 54, '2025-06-11', '2025-08-05', TRUE);
INSERT INTO bookclub_reads (clubid, bookid, start_date, end_date, is_current) VALUES (37, 139, '2025-02-09', '2025-03-11', FALSE);
INSERT INTO bookclub_reads (clubid, bookid, start_date, end_date, is_current) VALUES (37, 50, '2025-01-31', '2025-03-02', FALSE);
INSERT INTO bookclub_reads (clubid, bookid, start_date, end_date, is_current) VALUES (37, 123, '2024-12-25', '2025-01-24', FALSE);
INSERT INTO bookclub_reads (clubid, bookid, start_date, end_date, is_current) VALUES (37, 14, '2024-12-26', '2025-01-25', FALSE);
INSERT INTO bookclub_reads (clubid, bookid, start_date, end_date, is_current) VALUES (37, 766, '2025-03-05', '2025-04-04', FALSE);
INSERT INTO bookclub_reads (clubid, bookid, start_date, end_date, is_current) VALUES (37, 77, '2024-12-27', '2025-01-26', FALSE);
INSERT INTO bookclub_reads (clubid, bookid, start_date, end_date, is_current) VALUES (37, 497, '2025-05-21', '2025-06-20', FALSE);
INSERT INTO bookclub_reads (clubid, bookid, start_date, end_date, is_current) VALUES (37, 827, '2025-05-02', '2025-06-01', FALSE);
INSERT INTO bookclub_reads (clubid, bookid, start_date, end_date, is_current) VALUES (37, 669, '2025-06-06', '2025-07-06', FALSE);
INSERT INTO bookclub_reads (clubid, bookid, start_date, end_date, is_current) VALUES (37, 291, '2025-03-12', '2025-04-11', FALSE);
INSERT INTO bookclub_reads (clubid, bookid, start_date, end_date, is_current) VALUES (37, 406, '2025-03-31', '2025-04-30', FALSE);
INSERT INTO bookclub_reads (clubid, bookid, start_date, end_date, is_current) VALUES (37, 289, '2025-02-13', '2025-03-15', FALSE);
INSERT INTO bookclub_reads (clubid, bookid, start_date, end_date, is_current) VALUES (37, 619, '2024-12-15', '2025-01-14', FALSE);

INSERT INTO bookclubs (clubid, name, description, creatorid) VALUES (38, 'Book Club 22', 'This is the description for Book Club 22.', 13);
INSERT INTO bookclub_members (clubid, userid) VALUES (38, 130);
INSERT INTO bookclub_members (clubid, userid) VALUES (38, 13);
INSERT INTO bookclub_members (clubid, userid) VALUES (38, 142);
INSERT INTO bookclub_members (clubid, userid) VALUES (38, 150);
INSERT INTO bookclub_members (clubid, userid) VALUES (38, 39);
INSERT INTO bookclub_members (clubid, userid) VALUES (38, 47);
INSERT INTO bookclub_members (clubid, userid) VALUES (38, 66);
INSERT INTO bookclub_members (clubid, userid) VALUES (38, 71);
INSERT INTO bookclub_members (clubid, userid) VALUES (38, 80);
INSERT INTO bookclub_members (clubid, userid) VALUES (38, 82);
INSERT INTO bookclub_members (clubid, userid) VALUES (38, 89);
INSERT INTO bookclub_members (clubid, userid) VALUES (38, 93);
INSERT INTO bookclub_members (clubid, userid) VALUES (38, 99);
INSERT INTO bookclub_members (clubid, userid) VALUES (38, 106);
INSERT INTO bookclub_members (clubid, userid) VALUES (38, 109);
INSERT INTO bookclub_members (clubid, userid) VALUES (38, 116);
INSERT INTO bookclub_members (clubid, userid) VALUES (38, 117);
INSERT INTO bookclub_members (clubid, userid) VALUES (38, 125);
INSERT INTO bookclub_members (clubid, userid) VALUES (38, 126);
INSERT INTO bookclub_reads (clubid, bookid, start_date, end_date, is_current) VALUES (38, 249, '2025-07-02', '2025-07-27', TRUE);
INSERT INTO bookclub_reads (clubid, bookid, start_date, end_date, is_current) VALUES (38, 662, '2025-06-17', '2025-08-12', TRUE);
INSERT INTO bookclub_reads (clubid, bookid, start_date, end_date, is_current) VALUES (38, 105, '2025-07-04', '2025-08-04', TRUE);
INSERT INTO bookclub_reads (clubid, bookid, start_date, end_date, is_current) VALUES (38, 447, '2025-02-03', '2025-03-05', FALSE);
INSERT INTO bookclub_reads (clubid, bookid, start_date, end_date, is_current) VALUES (38, 629, '2025-03-24', '2025-04-23', FALSE);
INSERT INTO bookclub_reads (clubid, bookid, start_date, end_date, is_current) VALUES (38, 12, '2025-04-25', '2025-05-25', FALSE);
INSERT INTO bookclub_reads (clubid, bookid, start_date, end_date, is_current) VALUES (38, 416, '2025-02-08', '2025-03-10', FALSE);
INSERT INTO bookclub_reads (clubid, bookid, start_date, end_date, is_current) VALUES (38, 359, '2025-05-23', '2025-06-22', FALSE);

INSERT INTO bookclubs (clubid, name, description, creatorid) VALUES (39, 'Book Club 23', 'This is the description for Book Club 23.', 152);
INSERT INTO bookclub_members (clubid, userid) VALUES (39, 130);
INSERT INTO bookclub_members (clubid, userid) VALUES (39, 131);
INSERT INTO bookclub_members (clubid, userid) VALUES (39, 4);
INSERT INTO bookclub_members (clubid, userid) VALUES (39, 7);
INSERT INTO bookclub_members (clubid, userid) VALUES (39, 138);
INSERT INTO bookclub_members (clubid, userid) VALUES (39, 15);
INSERT INTO bookclub_members (clubid, userid) VALUES (39, 17);
INSERT INTO bookclub_members (clubid, userid) VALUES (39, 20);
INSERT INTO bookclub_members (clubid, userid) VALUES (39, 152);
INSERT INTO bookclub_members (clubid, userid) VALUES (39, 27);
INSERT INTO bookclub_members (clubid, userid) VALUES (39, 29);
INSERT INTO bookclub_members (clubid, userid) VALUES (39, 43);
INSERT INTO bookclub_members (clubid, userid) VALUES (39, 46);
INSERT INTO bookclub_members (clubid, userid) VALUES (39, 47);
INSERT INTO bookclub_members (clubid, userid) VALUES (39, 52);
INSERT INTO bookclub_members (clubid, userid) VALUES (39, 55);
INSERT INTO bookclub_members (clubid, userid) VALUES (39, 57);
INSERT INTO bookclub_members (clubid, userid) VALUES (39, 79);
INSERT INTO bookclub_members (clubid, userid) VALUES (39, 109);
INSERT INTO bookclub_members (clubid, userid) VALUES (39, 114);
INSERT INTO bookclub_reads (clubid, bookid, start_date, end_date, is_current) VALUES (39, 824, '2025-06-08', '2025-08-12', TRUE);
INSERT INTO bookclub_reads (clubid, bookid, start_date, end_date, is_current) VALUES (39, 302, '2025-06-29', '2025-08-04', TRUE);
INSERT INTO bookclub_reads (clubid, bookid, start_date, end_date, is_current) VALUES (39, 597, '2024-12-24', '2025-01-23', FALSE);
INSERT INTO bookclub_reads (clubid, bookid, start_date, end_date, is_current) VALUES (39, 842, '2024-12-29', '2025-01-28', FALSE);
INSERT INTO bookclub_reads (clubid, bookid, start_date, end_date, is_current) VALUES (39, 285, '2025-03-27', '2025-04-26', FALSE);
INSERT INTO bookclub_reads (clubid, bookid, start_date, end_date, is_current) VALUES (39, 667, '2025-02-14', '2025-03-16', FALSE);
INSERT INTO bookclub_reads (clubid, bookid, start_date, end_date, is_current) VALUES (39, 1053, '2025-01-06', '2025-02-05', FALSE);
INSERT INTO bookclub_reads (clubid, bookid, start_date, end_date, is_current) VALUES (39, 432, '2025-01-06', '2025-02-05', FALSE);
INSERT INTO bookclub_reads (clubid, bookid, start_date, end_date, is_current) VALUES (39, 869, '2025-05-17', '2025-06-16', FALSE);
INSERT INTO bookclub_reads (clubid, bookid, start_date, end_date, is_current) VALUES (39, 66, '2025-05-17', '2025-06-16', FALSE);
INSERT INTO bookclub_reads (clubid, bookid, start_date, end_date, is_current) VALUES (39, 420, '2025-02-16', '2025-03-18', FALSE);
INSERT INTO bookclub_reads (clubid, bookid, start_date, end_date, is_current) VALUES (39, 650, '2025-03-06', '2025-04-05', FALSE);
INSERT INTO bookclub_reads (clubid, bookid, start_date, end_date, is_current) VALUES (39, 418, '2025-03-24', '2025-04-23', FALSE);
INSERT INTO bookclub_reads (clubid, bookid, start_date, end_date, is_current) VALUES (39, 14, '2025-03-23', '2025-04-22', FALSE);

INSERT INTO bookclubs (clubid, name, description, creatorid) VALUES (40, 'Book Club 24', 'This is the description for Book Club 24.', 99);
INSERT INTO bookclub_members (clubid, userid) VALUES (40, 64);
INSERT INTO bookclub_members (clubid, userid) VALUES (40, 99);
INSERT INTO bookclub_members (clubid, userid) VALUES (40, 7);
INSERT INTO bookclub_members (clubid, userid) VALUES (40, 106);
INSERT INTO bookclub_members (clubid, userid) VALUES (40, 11);
INSERT INTO bookclub_reads (clubid, bookid, start_date, end_date, is_current) VALUES (40, 498, '2025-06-22', '2025-08-15', TRUE);
INSERT INTO bookclub_reads (clubid, bookid, start_date, end_date, is_current) VALUES (40, 960, '2025-06-18', '2025-08-08', TRUE);
INSERT INTO bookclub_reads (clubid, bookid, start_date, end_date, is_current) VALUES (40, 400, '2025-06-19', '2025-07-29', TRUE);
INSERT INTO bookclub_reads (clubid, bookid, start_date, end_date, is_current) VALUES (40, 453, '2025-03-13', '2025-04-12', FALSE);
INSERT INTO bookclub_reads (clubid, bookid, start_date, end_date, is_current) VALUES (40, 252, '2024-12-09', '2025-01-08', FALSE);
INSERT INTO bookclub_reads (clubid, bookid, start_date, end_date, is_current) VALUES (40, 668, '2024-12-11', '2025-01-10', FALSE);
INSERT INTO bookclub_reads (clubid, bookid, start_date, end_date, is_current) VALUES (40, 868, '2024-12-11', '2025-01-10', FALSE);
INSERT INTO bookclub_reads (clubid, bookid, start_date, end_date, is_current) VALUES (40, 107, '2025-01-24', '2025-02-23', FALSE);
INSERT INTO bookclub_reads (clubid, bookid, start_date, end_date, is_current) VALUES (40, 89, '2025-03-06', '2025-04-05', FALSE);
INSERT INTO bookclub_reads (clubid, bookid, start_date, end_date, is_current) VALUES (40, 944, '2024-12-17', '2025-01-16', FALSE);
INSERT INTO bookclub_reads (clubid, bookid, start_date, end_date, is_current) VALUES (40, 165, '2025-04-20', '2025-05-20', FALSE);
INSERT INTO bookclub_reads (clubid, bookid, start_date, end_date, is_current) VALUES (40, 890, '2024-12-24', '2025-01-23', FALSE);
INSERT INTO bookclub_reads (clubid, bookid, start_date, end_date, is_current) VALUES (40, 86, '2025-02-22', '2025-03-24', FALSE);
INSERT INTO bookclub_reads (clubid, bookid, start_date, end_date, is_current) VALUES (40, 253, '2024-12-28', '2025-01-27', FALSE);
INSERT INTO bookclub_reads (clubid, bookid, start_date, end_date, is_current) VALUES (40, 870, '2025-04-07', '2025-05-07', FALSE);

INSERT INTO bookclubs (clubid, name, description, creatorid) VALUES (41, 'Book Club 25', 'This is the description for Book Club 25.', 13);
INSERT INTO bookclub_members (clubid, userid) VALUES (41, 96);
INSERT INTO bookclub_members (clubid, userid) VALUES (41, 99);
INSERT INTO bookclub_members (clubid, userid) VALUES (41, 7);
INSERT INTO bookclub_members (clubid, userid) VALUES (41, 40);
INSERT INTO bookclub_members (clubid, userid) VALUES (41, 13);
INSERT INTO bookclub_members (clubid, userid) VALUES (41, 110);
INSERT INTO bookclub_members (clubid, userid) VALUES (41, 144);
INSERT INTO bookclub_members (clubid, userid) VALUES (41, 49);
INSERT INTO bookclub_members (clubid, userid) VALUES (41, 113);
INSERT INTO bookclub_members (clubid, userid) VALUES (41, 56);
INSERT INTO bookclub_members (clubid, userid) VALUES (41, 59);
INSERT INTO bookclub_members (clubid, userid) VALUES (41, 29);
INSERT INTO bookclub_members (clubid, userid) VALUES (41, 127);
INSERT INTO bookclub_reads (clubid, bookid, start_date, end_date, is_current) VALUES (41, 998, '2025-06-21', '2025-08-02', TRUE);
INSERT INTO bookclub_reads (clubid, bookid, start_date, end_date, is_current) VALUES (41, 700, '2025-07-07', '2025-08-07', TRUE);
INSERT INTO bookclub_reads (clubid, bookid, start_date, end_date, is_current) VALUES (41, 466, '2025-06-13', '2025-08-18', TRUE);
INSERT INTO bookclub_reads (clubid, bookid, start_date, end_date, is_current) VALUES (41, 678, '2025-04-08', '2025-05-08', FALSE);
INSERT INTO bookclub_reads (clubid, bookid, start_date, end_date, is_current) VALUES (41, 332, '2024-12-11', '2025-01-10', FALSE);
INSERT INTO bookclub_reads (clubid, bookid, start_date, end_date, is_current) VALUES (41, 163, '2025-02-09', '2025-03-11', FALSE);
INSERT INTO bookclub_reads (clubid, bookid, start_date, end_date, is_current) VALUES (41, 54, '2025-01-20', '2025-02-19', FALSE);
INSERT INTO bookclub_reads (clubid, bookid, start_date, end_date, is_current) VALUES (41, 330, '2025-04-14', '2025-05-14', FALSE);
INSERT INTO bookclub_reads (clubid, bookid, start_date, end_date, is_current) VALUES (41, 424, '2025-05-31', '2025-06-30', FALSE);
INSERT INTO bookclub_reads (clubid, bookid, start_date, end_date, is_current) VALUES (41, 96, '2025-01-17', '2025-02-16', FALSE);
INSERT INTO bookclub_reads (clubid, bookid, start_date, end_date, is_current) VALUES (41, 929, '2025-02-27', '2025-03-29', FALSE);
INSERT INTO bookclub_reads (clubid, bookid, start_date, end_date, is_current) VALUES (41, 362, '2025-05-09', '2025-06-08', FALSE);
INSERT INTO bookclub_reads (clubid, bookid, start_date, end_date, is_current) VALUES (41, 164, '2025-01-14', '2025-02-13', FALSE);
INSERT INTO bookclub_reads (clubid, bookid, start_date, end_date, is_current) VALUES (41, 599, '2025-01-11', '2025-02-10', FALSE);
INSERT INTO bookclub_reads (clubid, bookid, start_date, end_date, is_current) VALUES (41, 865, '2025-03-25', '2025-04-24', FALSE);
INSERT INTO bookclub_reads (clubid, bookid, start_date, end_date, is_current) VALUES (41, 524, '2025-04-22', '2025-05-22', FALSE);
INSERT INTO bookclub_reads (clubid, bookid, start_date, end_date, is_current) VALUES (41, 975, '2025-01-26', '2025-02-25', FALSE);
INSERT INTO bookclub_reads (clubid, bookid, start_date, end_date, is_current) VALUES (41, 27, '2025-03-07', '2025-04-06', FALSE);

INSERT INTO bookclubs (clubid, name, description, creatorid) VALUES (42, 'Book Club 26', 'This is the description for Book Club 26.', 148);
INSERT INTO bookclub_members (clubid, userid) VALUES (42, 128);
INSERT INTO bookclub_members (clubid, userid) VALUES (42, 11);
INSERT INTO bookclub_members (clubid, userid) VALUES (42, 15);
INSERT INTO bookclub_members (clubid, userid) VALUES (42, 144);
INSERT INTO bookclub_members (clubid, userid) VALUES (42, 148);
INSERT INTO bookclub_members (clubid, userid) VALUES (42, 23);
INSERT INTO bookclub_members (clubid, userid) VALUES (42, 26);
INSERT INTO bookclub_members (clubid, userid) VALUES (42, 27);
INSERT INTO bookclub_members (clubid, userid) VALUES (42, 38);
INSERT INTO bookclub_members (clubid, userid) VALUES (42, 40);
INSERT INTO bookclub_members (clubid, userid) VALUES (42, 46);
INSERT INTO bookclub_members (clubid, userid) VALUES (42, 67);
INSERT INTO bookclub_members (clubid, userid) VALUES (42, 76);
INSERT INTO bookclub_members (clubid, userid) VALUES (42, 78);
INSERT INTO bookclub_members (clubid, userid) VALUES (42, 84);
INSERT INTO bookclub_members (clubid, userid) VALUES (42, 85);
INSERT INTO bookclub_members (clubid, userid) VALUES (42, 100);
INSERT INTO bookclub_members (clubid, userid) VALUES (42, 114);
INSERT INTO bookclub_members (clubid, userid) VALUES (42, 116);
INSERT INTO bookclub_reads (clubid, bookid, start_date, end_date, is_current) VALUES (42, 797, '2025-07-05', '2025-08-04', TRUE);
INSERT INTO bookclub_reads (clubid, bookid, start_date, end_date, is_current) VALUES (42, 201, '2025-06-09', '2025-08-08', TRUE);
INSERT INTO bookclub_reads (clubid, bookid, start_date, end_date, is_current) VALUES (42, 133, '2025-06-15', '2025-08-01', TRUE);
INSERT INTO bookclub_reads (clubid, bookid, start_date, end_date, is_current) VALUES (42, 68, '2025-05-04', '2025-06-03', FALSE);
INSERT INTO bookclub_reads (clubid, bookid, start_date, end_date, is_current) VALUES (42, 675, '2025-02-02', '2025-03-04', FALSE);
INSERT INTO bookclub_reads (clubid, bookid, start_date, end_date, is_current) VALUES (42, 147, '2025-05-10', '2025-06-09', FALSE);
INSERT INTO bookclub_reads (clubid, bookid, start_date, end_date, is_current) VALUES (42, 900, '2025-01-21', '2025-02-20', FALSE);
INSERT INTO bookclub_reads (clubid, bookid, start_date, end_date, is_current) VALUES (42, 416, '2025-01-05', '2025-02-04', FALSE);
INSERT INTO bookclub_reads (clubid, bookid, start_date, end_date, is_current) VALUES (42, 57, '2024-12-16', '2025-01-15', FALSE);
INSERT INTO bookclub_reads (clubid, bookid, start_date, end_date, is_current) VALUES (42, 822, '2025-03-11', '2025-04-10', FALSE);
INSERT INTO bookclub_reads (clubid, bookid, start_date, end_date, is_current) VALUES (42, 12, '2025-04-12', '2025-05-12', FALSE);
INSERT INTO bookclub_reads (clubid, bookid, start_date, end_date, is_current) VALUES (42, 107, '2025-01-10', '2025-02-09', FALSE);
INSERT INTO bookclub_reads (clubid, bookid, start_date, end_date, is_current) VALUES (42, 2, '2025-04-24', '2025-05-24', FALSE);
INSERT INTO bookclub_reads (clubid, bookid, start_date, end_date, is_current) VALUES (42, 291, '2025-01-11', '2025-02-10', FALSE);
INSERT INTO bookclub_reads (clubid, bookid, start_date, end_date, is_current) VALUES (42, 362, '2025-01-30', '2025-03-01', FALSE);
INSERT INTO bookclub_reads (clubid, bookid, start_date, end_date, is_current) VALUES (42, 494, '2025-05-07', '2025-06-06', FALSE);
INSERT INTO bookclub_reads (clubid, bookid, start_date, end_date, is_current) VALUES (42, 565, '2025-04-28', '2025-05-28', FALSE);

INSERT INTO bookclubs (clubid, name, description, creatorid) VALUES (43, 'Book Club 27', 'This is the description for Book Club 27.', 13);
INSERT INTO bookclub_members (clubid, userid) VALUES (43, 36);
INSERT INTO bookclub_members (clubid, userid) VALUES (43, 102);
INSERT INTO bookclub_members (clubid, userid) VALUES (43, 6);
INSERT INTO bookclub_members (clubid, userid) VALUES (43, 88);
INSERT INTO bookclub_members (clubid, userid) VALUES (43, 106);
INSERT INTO bookclub_members (clubid, userid) VALUES (43, 91);
INSERT INTO bookclub_members (clubid, userid) VALUES (43, 10);
INSERT INTO bookclub_members (clubid, userid) VALUES (43, 13);
INSERT INTO bookclub_members (clubid, userid) VALUES (43, 15);
INSERT INTO bookclub_members (clubid, userid) VALUES (43, 19);
INSERT INTO bookclub_members (clubid, userid) VALUES (43, 116);
INSERT INTO bookclub_members (clubid, userid) VALUES (43, 87);
INSERT INTO bookclub_members (clubid, userid) VALUES (43, 152);
INSERT INTO bookclub_members (clubid, userid) VALUES (43, 27);
INSERT INTO bookclub_members (clubid, userid) VALUES (43, 61);
INSERT INTO bookclub_reads (clubid, bookid, start_date, end_date, is_current) VALUES (43, 823, '2025-06-13', '2025-07-30', TRUE);
INSERT INTO bookclub_reads (clubid, bookid, start_date, end_date, is_current) VALUES (43, 484, '2025-06-07', '2025-08-20', TRUE);
INSERT INTO bookclub_reads (clubid, bookid, start_date, end_date, is_current) VALUES (43, 848, '2025-01-09', '2025-02-08', FALSE);
INSERT INTO bookclub_reads (clubid, bookid, start_date, end_date, is_current) VALUES (43, 78, '2025-02-05', '2025-03-07', FALSE);
INSERT INTO bookclub_reads (clubid, bookid, start_date, end_date, is_current) VALUES (43, 523, '2025-02-11', '2025-03-13', FALSE);
INSERT INTO bookclub_reads (clubid, bookid, start_date, end_date, is_current) VALUES (43, 765, '2025-04-10', '2025-05-10', FALSE);
INSERT INTO bookclub_reads (clubid, bookid, start_date, end_date, is_current) VALUES (43, 61, '2025-02-09', '2025-03-11', FALSE);
INSERT INTO bookclub_reads (clubid, bookid, start_date, end_date, is_current) VALUES (43, 165, '2025-01-24', '2025-02-23', FALSE);
INSERT INTO bookclub_reads (clubid, bookid, start_date, end_date, is_current) VALUES (43, 799, '2025-01-08', '2025-02-07', FALSE);
INSERT INTO bookclub_reads (clubid, bookid, start_date, end_date, is_current) VALUES (43, 290, '2025-03-22', '2025-04-21', FALSE);
INSERT INTO bookclub_reads (clubid, bookid, start_date, end_date, is_current) VALUES (43, 400, '2025-04-21', '2025-05-21', FALSE);
INSERT INTO bookclub_reads (clubid, bookid, start_date, end_date, is_current) VALUES (43, 297, '2025-02-15', '2025-03-17', FALSE);
INSERT INTO bookclub_reads (clubid, bookid, start_date, end_date, is_current) VALUES (43, 27, '2024-12-20', '2025-01-19', FALSE);
INSERT INTO bookclub_reads (clubid, bookid, start_date, end_date, is_current) VALUES (43, 164, '2025-05-11', '2025-06-10', FALSE);
INSERT INTO bookclub_reads (clubid, bookid, start_date, end_date, is_current) VALUES (43, 162, '2025-05-04', '2025-06-03', FALSE);
INSERT INTO bookclub_reads (clubid, bookid, start_date, end_date, is_current) VALUES (43, 106, '2025-06-01', '2025-07-01', FALSE);

INSERT INTO bookclubs (clubid, name, description, creatorid) VALUES (44, 'Book Club 28', 'This is the description for Book Club 28.', 84);
INSERT INTO bookclub_members (clubid, userid) VALUES (44, 97);
INSERT INTO bookclub_members (clubid, userid) VALUES (44, 34);
INSERT INTO bookclub_members (clubid, userid) VALUES (44, 3);
INSERT INTO bookclub_members (clubid, userid) VALUES (44, 40);
INSERT INTO bookclub_members (clubid, userid) VALUES (44, 41);
INSERT INTO bookclub_members (clubid, userid) VALUES (44, 42);
INSERT INTO bookclub_members (clubid, userid) VALUES (44, 138);
INSERT INTO bookclub_members (clubid, userid) VALUES (44, 108);
INSERT INTO bookclub_members (clubid, userid) VALUES (44, 44);
INSERT INTO bookclub_members (clubid, userid) VALUES (44, 14);
INSERT INTO bookclub_members (clubid, userid) VALUES (44, 81);
INSERT INTO bookclub_members (clubid, userid) VALUES (44, 49);
INSERT INTO bookclub_members (clubid, userid) VALUES (44, 52);
INSERT INTO bookclub_members (clubid, userid) VALUES (44, 84);
INSERT INTO bookclub_members (clubid, userid) VALUES (44, 94);
INSERT INTO bookclub_members (clubid, userid) VALUES (44, 127);
INSERT INTO bookclub_reads (clubid, bookid, start_date, end_date, is_current) VALUES (44, 99, '2025-06-11', '2025-08-03', TRUE);
INSERT INTO bookclub_reads (clubid, bookid, start_date, end_date, is_current) VALUES (44, 18, '2025-05-21', '2025-06-20', FALSE);
INSERT INTO bookclub_reads (clubid, bookid, start_date, end_date, is_current) VALUES (44, 762, '2025-01-15', '2025-02-14', FALSE);
INSERT INTO bookclub_reads (clubid, bookid, start_date, end_date, is_current) VALUES (44, 77, '2025-04-22', '2025-05-22', FALSE);
INSERT INTO bookclub_reads (clubid, bookid, start_date, end_date, is_current) VALUES (44, 91, '2025-05-05', '2025-06-04', FALSE);
INSERT INTO bookclub_reads (clubid, bookid, start_date, end_date, is_current) VALUES (44, 8, '2025-03-14', '2025-04-13', FALSE);
INSERT INTO bookclub_reads (clubid, bookid, start_date, end_date, is_current) VALUES (44, 681, '2025-01-27', '2025-02-26', FALSE);
INSERT INTO bookclub_reads (clubid, bookid, start_date, end_date, is_current) VALUES (44, 94, '2025-05-12', '2025-06-11', FALSE);
INSERT INTO bookclub_reads (clubid, bookid, start_date, end_date, is_current) VALUES (44, 972, '2025-03-27', '2025-04-26', FALSE);
INSERT INTO bookclub_reads (clubid, bookid, start_date, end_date, is_current) VALUES (44, 955, '2025-04-05', '2025-05-05', FALSE);
INSERT INTO bookclub_reads (clubid, bookid, start_date, end_date, is_current) VALUES (44, 289, '2025-03-23', '2025-04-22', FALSE);
INSERT INTO bookclub_reads (clubid, bookid, start_date, end_date, is_current) VALUES (44, 299, '2025-04-30', '2025-05-30', FALSE);
INSERT INTO bookclub_reads (clubid, bookid, start_date, end_date, is_current) VALUES (44, 85, '2025-03-02', '2025-04-01', FALSE);
INSERT INTO bookclub_reads (clubid, bookid, start_date, end_date, is_current) VALUES (44, 98, '2025-02-19', '2025-03-21', FALSE);
INSERT INTO bookclub_reads (clubid, bookid, start_date, end_date, is_current) VALUES (44, 866, '2025-02-09', '2025-03-11', FALSE);
INSERT INTO bookclub_reads (clubid, bookid, start_date, end_date, is_current) VALUES (44, 822, '2025-02-08', '2025-03-10', FALSE);

INSERT INTO bookclubs (clubid, name, description, creatorid) VALUES (45, 'Book Club 29', 'This is the description for Book Club 29.', 83);
INSERT INTO bookclub_members (clubid, userid) VALUES (45, 7);
INSERT INTO bookclub_members (clubid, userid) VALUES (45, 135);
INSERT INTO bookclub_members (clubid, userid) VALUES (45, 140);
INSERT INTO bookclub_members (clubid, userid) VALUES (45, 145);
INSERT INTO bookclub_members (clubid, userid) VALUES (45, 147);
INSERT INTO bookclub_members (clubid, userid) VALUES (45, 31);
INSERT INTO bookclub_members (clubid, userid) VALUES (45, 51);
INSERT INTO bookclub_members (clubid, userid) VALUES (45, 62);
INSERT INTO bookclub_members (clubid, userid) VALUES (45, 65);
INSERT INTO bookclub_members (clubid, userid) VALUES (45, 70);
INSERT INTO bookclub_members (clubid, userid) VALUES (45, 72);
INSERT INTO bookclub_members (clubid, userid) VALUES (45, 83);
INSERT INTO bookclub_members (clubid, userid) VALUES (45, 92);
INSERT INTO bookclub_members (clubid, userid) VALUES (45, 94);
INSERT INTO bookclub_members (clubid, userid) VALUES (45, 102);
INSERT INTO bookclub_members (clubid, userid) VALUES (45, 106);
INSERT INTO bookclub_members (clubid, userid) VALUES (45, 108);
INSERT INTO bookclub_members (clubid, userid) VALUES (45, 113);
INSERT INTO bookclub_members (clubid, userid) VALUES (45, 123);
INSERT INTO bookclub_reads (clubid, bookid, start_date, end_date, is_current) VALUES (45, 933, '2025-06-26', '2025-08-03', TRUE);
INSERT INTO bookclub_reads (clubid, bookid, start_date, end_date, is_current) VALUES (45, 81, '2025-06-25', '2025-08-09', TRUE);
INSERT INTO bookclub_reads (clubid, bookid, start_date, end_date, is_current) VALUES (45, 61, '2025-06-07', '2025-07-28', TRUE);
INSERT INTO bookclub_reads (clubid, bookid, start_date, end_date, is_current) VALUES (45, 481, '2025-02-08', '2025-03-10', FALSE);
INSERT INTO bookclub_reads (clubid, bookid, start_date, end_date, is_current) VALUES (45, 151, '2025-03-22', '2025-04-21', FALSE);
INSERT INTO bookclub_reads (clubid, bookid, start_date, end_date, is_current) VALUES (45, 91, '2025-01-08', '2025-02-07', FALSE);
INSERT INTO bookclub_reads (clubid, bookid, start_date, end_date, is_current) VALUES (45, 357, '2025-01-31', '2025-03-02', FALSE);
INSERT INTO bookclub_reads (clubid, bookid, start_date, end_date, is_current) VALUES (45, 498, '2024-12-27', '2025-01-26', FALSE);
INSERT INTO bookclub_reads (clubid, bookid, start_date, end_date, is_current) VALUES (45, 413, '2024-12-19', '2025-01-18', FALSE);
INSERT INTO bookclub_reads (clubid, bookid, start_date, end_date, is_current) VALUES (45, 410, '2025-01-26', '2025-02-25', FALSE);
INSERT INTO bookclub_reads (clubid, bookid, start_date, end_date, is_current) VALUES (45, 10, '2025-03-26', '2025-04-25', FALSE);
INSERT INTO bookclub_reads (clubid, bookid, start_date, end_date, is_current) VALUES (45, 355, '2025-01-19', '2025-02-18', FALSE);
INSERT INTO bookclub_reads (clubid, bookid, start_date, end_date, is_current) VALUES (45, 162, '2025-01-11', '2025-02-10', FALSE);
INSERT INTO bookclub_reads (clubid, bookid, start_date, end_date, is_current) VALUES (45, 420, '2025-02-05', '2025-03-07', FALSE);
INSERT INTO bookclub_reads (clubid, bookid, start_date, end_date, is_current) VALUES (45, 348, '2025-04-14', '2025-05-14', FALSE);
INSERT INTO bookclub_reads (clubid, bookid, start_date, end_date, is_current) VALUES (45, 775, '2025-02-18', '2025-03-20', FALSE);

INSERT INTO bookclubs (clubid, name, description, creatorid) VALUES (46, 'Book Club 30', 'This is the description for Book Club 30.', 9);
INSERT INTO bookclub_members (clubid, userid) VALUES (46, 122);
INSERT INTO bookclub_members (clubid, userid) VALUES (46, 154);
INSERT INTO bookclub_members (clubid, userid) VALUES (46, 104);
INSERT INTO bookclub_members (clubid, userid) VALUES (46, 9);
INSERT INTO bookclub_members (clubid, userid) VALUES (46, 106);
INSERT INTO bookclub_members (clubid, userid) VALUES (46, 11);
INSERT INTO bookclub_members (clubid, userid) VALUES (46, 76);
INSERT INTO bookclub_members (clubid, userid) VALUES (46, 141);
INSERT INTO bookclub_members (clubid, userid) VALUES (46, 46);
INSERT INTO bookclub_members (clubid, userid) VALUES (46, 42);
INSERT INTO bookclub_members (clubid, userid) VALUES (46, 147);
INSERT INTO bookclub_members (clubid, userid) VALUES (46, 84);
INSERT INTO bookclub_members (clubid, userid) VALUES (46, 26);
INSERT INTO bookclub_members (clubid, userid) VALUES (46, 91);
INSERT INTO bookclub_reads (clubid, bookid, start_date, end_date, is_current) VALUES (46, 98, '2025-07-07', '2025-07-23', TRUE);
INSERT INTO bookclub_reads (clubid, bookid, start_date, end_date, is_current) VALUES (46, 799, '2025-06-25', '2025-08-20', TRUE);
INSERT INTO bookclub_reads (clubid, bookid, start_date, end_date, is_current) VALUES (46, 61, '2025-06-10', '2025-07-28', TRUE);
INSERT INTO bookclub_reads (clubid, bookid, start_date, end_date, is_current) VALUES (46, 466, '2025-01-20', '2025-02-19', FALSE);
INSERT INTO bookclub_reads (clubid, bookid, start_date, end_date, is_current) VALUES (46, 662, '2025-03-23', '2025-04-22', FALSE);
INSERT INTO bookclub_reads (clubid, bookid, start_date, end_date, is_current) VALUES (46, 681, '2025-02-06', '2025-03-08', FALSE);
INSERT INTO bookclub_reads (clubid, bookid, start_date, end_date, is_current) VALUES (46, 539, '2025-03-22', '2025-04-21', FALSE);
INSERT INTO bookclub_reads (clubid, bookid, start_date, end_date, is_current) VALUES (46, 411, '2025-01-01', '2025-01-31', FALSE);
INSERT INTO bookclub_reads (clubid, bookid, start_date, end_date, is_current) VALUES (46, 944, '2025-04-05', '2025-05-05', FALSE);
INSERT INTO bookclub_reads (clubid, bookid, start_date, end_date, is_current) VALUES (46, 931, '2025-01-06', '2025-02-05', FALSE);
INSERT INTO bookclub_reads (clubid, bookid, start_date, end_date, is_current) VALUES (46, 965, '2025-06-03', '2025-07-03', FALSE);
INSERT INTO bookclub_reads (clubid, bookid, start_date, end_date, is_current) VALUES (46, 868, '2025-05-01', '2025-05-31', FALSE);
INSERT INTO bookclub_reads (clubid, bookid, start_date, end_date, is_current) VALUES (46, 59, '2025-01-23', '2025-02-22', FALSE);
INSERT INTO bookclub_reads (clubid, bookid, start_date, end_date, is_current) VALUES (46, 156, '2025-01-05', '2025-02-04', FALSE);
INSERT INTO bookclub_reads (clubid, bookid, start_date, end_date, is_current) VALUES (46, 157, '2025-04-16', '2025-05-16', FALSE);
INSERT INTO bookclub_reads (clubid, bookid, start_date, end_date, is_current) VALUES (46, 975, '2025-03-30', '2025-04-29', FALSE);
INSERT INTO bookclub_reads (clubid, bookid, start_date, end_date, is_current) VALUES (46, 298, '2025-01-24', '2025-02-23', FALSE);

INSERT INTO bookclubs (clubid, name, description, creatorid) VALUES (47, 'Book Club 31', 'This is the description for Book Club 31.', 116);
INSERT INTO bookclub_members (clubid, userid) VALUES (47, 32);
INSERT INTO bookclub_members (clubid, userid) VALUES (47, 128);
INSERT INTO bookclub_members (clubid, userid) VALUES (47, 97);
INSERT INTO bookclub_members (clubid, userid) VALUES (47, 67);
INSERT INTO bookclub_members (clubid, userid) VALUES (47, 1);
INSERT INTO bookclub_members (clubid, userid) VALUES (47, 41);
INSERT INTO bookclub_members (clubid, userid) VALUES (47, 76);
INSERT INTO bookclub_members (clubid, userid) VALUES (47, 15);
INSERT INTO bookclub_members (clubid, userid) VALUES (47, 47);
INSERT INTO bookclub_members (clubid, userid) VALUES (47, 81);
INSERT INTO bookclub_members (clubid, userid) VALUES (47, 19);
INSERT INTO bookclub_members (clubid, userid) VALUES (47, 116);
INSERT INTO bookclub_members (clubid, userid) VALUES (47, 87);
INSERT INTO bookclub_members (clubid, userid) VALUES (47, 23);
INSERT INTO bookclub_members (clubid, userid) VALUES (47, 59);
INSERT INTO bookclub_members (clubid, userid) VALUES (47, 94);
INSERT INTO bookclub_reads (clubid, bookid, start_date, end_date, is_current) VALUES (47, 410, '2025-07-07', '2025-07-22', TRUE);
INSERT INTO bookclub_reads (clubid, bookid, start_date, end_date, is_current) VALUES (47, 89, '2025-06-28', '2025-08-12', TRUE);
INSERT INTO bookclub_reads (clubid, bookid, start_date, end_date, is_current) VALUES (47, 2, '2025-06-29', '2025-08-06', TRUE);
INSERT INTO bookclub_reads (clubid, bookid, start_date, end_date, is_current) VALUES (47, 476, '2025-05-19', '2025-06-18', FALSE);
INSERT INTO bookclub_reads (clubid, bookid, start_date, end_date, is_current) VALUES (47, 629, '2024-12-13', '2025-01-12', FALSE);
INSERT INTO bookclub_reads (clubid, bookid, start_date, end_date, is_current) VALUES (47, 797, '2025-01-21', '2025-02-20', FALSE);
INSERT INTO bookclub_reads (clubid, bookid, start_date, end_date, is_current) VALUES (47, 277, '2025-03-08', '2025-04-07', FALSE);
INSERT INTO bookclub_reads (clubid, bookid, start_date, end_date, is_current) VALUES (47, 8, '2024-12-19', '2025-01-18', FALSE);
INSERT INTO bookclub_reads (clubid, bookid, start_date, end_date, is_current) VALUES (47, 122, '2025-04-15', '2025-05-15', FALSE);
INSERT INTO bookclub_reads (clubid, bookid, start_date, end_date, is_current) VALUES (47, 324, '2025-01-04', '2025-02-03', FALSE);
INSERT INTO bookclub_reads (clubid, bookid, start_date, end_date, is_current) VALUES (47, 931, '2025-01-06', '2025-02-05', FALSE);
INSERT INTO bookclub_reads (clubid, bookid, start_date, end_date, is_current) VALUES (47, 565, '2025-02-02', '2025-03-04', FALSE);
INSERT INTO bookclub_reads (clubid, bookid, start_date, end_date, is_current) VALUES (47, 55, '2025-02-22', '2025-03-24', FALSE);
INSERT INTO bookclub_reads (clubid, bookid, start_date, end_date, is_current) VALUES (47, 144, '2025-02-18', '2025-03-20', FALSE);
INSERT INTO bookclub_reads (clubid, bookid, start_date, end_date, is_current) VALUES (47, 681, '2025-04-07', '2025-05-07', FALSE);

INSERT INTO bookclubs (clubid, name, description, creatorid) VALUES (48, 'Book Club 32', 'This is the description for Book Club 32.', 53);
INSERT INTO bookclub_members (clubid, userid) VALUES (48, 33);
INSERT INTO bookclub_members (clubid, userid) VALUES (48, 99);
INSERT INTO bookclub_members (clubid, userid) VALUES (48, 138);
INSERT INTO bookclub_members (clubid, userid) VALUES (48, 53);
INSERT INTO bookclub_members (clubid, userid) VALUES (48, 55);
INSERT INTO bookclub_reads (clubid, bookid, start_date, end_date, is_current) VALUES (48, 453, '2025-06-15', '2025-07-27', TRUE);
INSERT INTO bookclub_reads (clubid, bookid, start_date, end_date, is_current) VALUES (48, 404, '2025-07-06', '2025-08-01', TRUE);
INSERT INTO bookclub_reads (clubid, bookid, start_date, end_date, is_current) VALUES (48, 866, '2025-02-08', '2025-03-10', FALSE);
INSERT INTO bookclub_reads (clubid, bookid, start_date, end_date, is_current) VALUES (48, 667, '2025-02-19', '2025-03-21', FALSE);
INSERT INTO bookclub_reads (clubid, bookid, start_date, end_date, is_current) VALUES (48, 869, '2025-02-18', '2025-03-20', FALSE);
INSERT INTO bookclub_reads (clubid, bookid, start_date, end_date, is_current) VALUES (48, 987, '2025-05-01', '2025-05-31', FALSE);
INSERT INTO bookclub_reads (clubid, bookid, start_date, end_date, is_current) VALUES (48, 868, '2025-01-24', '2025-02-23', FALSE);
INSERT INTO bookclub_reads (clubid, bookid, start_date, end_date, is_current) VALUES (48, 463, '2025-04-17', '2025-05-17', FALSE);
INSERT INTO bookclub_reads (clubid, bookid, start_date, end_date, is_current) VALUES (48, 655, '2025-06-02', '2025-07-02', FALSE);
INSERT INTO bookclub_reads (clubid, bookid, start_date, end_date, is_current) VALUES (48, 841, '2025-05-31', '2025-06-30', FALSE);
INSERT INTO bookclub_reads (clubid, bookid, start_date, end_date, is_current) VALUES (48, 416, '2025-01-12', '2025-02-11', FALSE);
INSERT INTO bookclub_reads (clubid, bookid, start_date, end_date, is_current) VALUES (48, 643, '2025-03-23', '2025-04-22', FALSE);
INSERT INTO bookclub_reads (clubid, bookid, start_date, end_date, is_current) VALUES (48, 935, '2025-01-15', '2025-02-14', FALSE);
INSERT INTO bookclub_reads (clubid, bookid, start_date, end_date, is_current) VALUES (48, 171, '2025-02-08', '2025-03-10', FALSE);

INSERT INTO bookclubs (clubid, name, description, creatorid) VALUES (49, 'Book Club 33', 'This is the description for Book Club 33.', 126);
INSERT INTO bookclub_members (clubid, userid) VALUES (49, 68);
INSERT INTO bookclub_members (clubid, userid) VALUES (49, 73);
INSERT INTO bookclub_members (clubid, userid) VALUES (49, 141);
INSERT INTO bookclub_members (clubid, userid) VALUES (49, 15);
INSERT INTO bookclub_members (clubid, userid) VALUES (49, 113);
INSERT INTO bookclub_members (clubid, userid) VALUES (49, 81);
INSERT INTO bookclub_members (clubid, userid) VALUES (49, 55);
INSERT INTO bookclub_members (clubid, userid) VALUES (49, 119);
INSERT INTO bookclub_members (clubid, userid) VALUES (49, 126);
INSERT INTO bookclub_members (clubid, userid) VALUES (49, 30);
INSERT INTO bookclub_reads (clubid, bookid, start_date, end_date, is_current) VALUES (49, 484, '2025-06-30', '2025-07-23', TRUE);
INSERT INTO bookclub_reads (clubid, bookid, start_date, end_date, is_current) VALUES (49, 131, '2025-07-03', '2025-08-11', TRUE);
INSERT INTO bookclub_reads (clubid, bookid, start_date, end_date, is_current) VALUES (49, 902, '2025-06-24', '2025-08-07', TRUE);
INSERT INTO bookclub_reads (clubid, bookid, start_date, end_date, is_current) VALUES (49, 159, '2025-03-13', '2025-04-12', FALSE);
INSERT INTO bookclub_reads (clubid, bookid, start_date, end_date, is_current) VALUES (49, 655, '2025-01-12', '2025-02-11', FALSE);
INSERT INTO bookclub_reads (clubid, bookid, start_date, end_date, is_current) VALUES (49, 14, '2025-02-13', '2025-03-15', FALSE);
INSERT INTO bookclub_reads (clubid, bookid, start_date, end_date, is_current) VALUES (49, 864, '2025-04-13', '2025-05-13', FALSE);
INSERT INTO bookclub_reads (clubid, bookid, start_date, end_date, is_current) VALUES (49, 1007, '2025-02-27', '2025-03-29', FALSE);
INSERT INTO bookclub_reads (clubid, bookid, start_date, end_date, is_current) VALUES (49, 8, '2025-02-06', '2025-03-08', FALSE);
INSERT INTO bookclub_reads (clubid, bookid, start_date, end_date, is_current) VALUES (49, 110, '2025-03-05', '2025-04-04', FALSE);
INSERT INTO bookclub_reads (clubid, bookid, start_date, end_date, is_current) VALUES (49, 815, '2025-02-04', '2025-03-06', FALSE);
INSERT INTO bookclub_reads (clubid, bookid, start_date, end_date, is_current) VALUES (49, 658, '2025-03-06', '2025-04-05', FALSE);
INSERT INTO bookclub_reads (clubid, bookid, start_date, end_date, is_current) VALUES (49, 77, '2025-02-21', '2025-03-23', FALSE);
INSERT INTO bookclub_reads (clubid, bookid, start_date, end_date, is_current) VALUES (49, 872, '2025-02-11', '2025-03-13', FALSE);
INSERT INTO bookclub_reads (clubid, bookid, start_date, end_date, is_current) VALUES (49, 244, '2024-12-13', '2025-01-12', FALSE);
INSERT INTO bookclub_reads (clubid, bookid, start_date, end_date, is_current) VALUES (49, 965, '2025-03-25', '2025-04-24', FALSE);
INSERT INTO bookclub_reads (clubid, bookid, start_date, end_date, is_current) VALUES (49, 59, '2025-03-20', '2025-04-19', FALSE);
INSERT INTO bookclub_reads (clubid, bookid, start_date, end_date, is_current) VALUES (49, 278, '2025-04-15', '2025-05-15', FALSE);

INSERT INTO bookclubs (clubid, name, description, creatorid) VALUES (50, 'Book Club 34', 'This is the description for Book Club 34.', 50);
INSERT INTO bookclub_members (clubid, userid) VALUES (50, 131);
INSERT INTO bookclub_members (clubid, userid) VALUES (50, 71);
INSERT INTO bookclub_members (clubid, userid) VALUES (50, 105);
INSERT INTO bookclub_members (clubid, userid) VALUES (50, 74);
INSERT INTO bookclub_members (clubid, userid) VALUES (50, 137);
INSERT INTO bookclub_members (clubid, userid) VALUES (50, 110);
INSERT INTO bookclub_members (clubid, userid) VALUES (50, 81);
INSERT INTO bookclub_members (clubid, userid) VALUES (50, 146);
INSERT INTO bookclub_members (clubid, userid) VALUES (50, 50);
INSERT INTO bookclub_members (clubid, userid) VALUES (50, 87);
INSERT INTO bookclub_members (clubid, userid) VALUES (50, 119);
INSERT INTO bookclub_members (clubid, userid) VALUES (50, 150);
INSERT INTO bookclub_members (clubid, userid) VALUES (50, 24);
INSERT INTO bookclub_members (clubid, userid) VALUES (50, 26);
INSERT INTO bookclub_members (clubid, userid) VALUES (50, 124);
INSERT INTO bookclub_members (clubid, userid) VALUES (50, 30);
INSERT INTO bookclub_reads (clubid, bookid, start_date, end_date, is_current) VALUES (50, 537, '2025-06-16', '2025-08-20', TRUE);
INSERT INTO bookclub_reads (clubid, bookid, start_date, end_date, is_current) VALUES (50, 414, '2025-06-09', '2025-08-11', TRUE);
INSERT INTO bookclub_reads (clubid, bookid, start_date, end_date, is_current) VALUES (50, 99, '2025-01-27', '2025-02-26', FALSE);
INSERT INTO bookclub_reads (clubid, bookid, start_date, end_date, is_current) VALUES (50, 377, '2025-03-05', '2025-04-04', FALSE);
INSERT INTO bookclub_reads (clubid, bookid, start_date, end_date, is_current) VALUES (50, 941, '2025-01-22', '2025-02-21', FALSE);
INSERT INTO bookclub_reads (clubid, bookid, start_date, end_date, is_current) VALUES (50, 288, '2025-05-28', '2025-06-27', FALSE);
INSERT INTO bookclub_reads (clubid, bookid, start_date, end_date, is_current) VALUES (50, 619, '2025-05-13', '2025-06-12', FALSE);
INSERT INTO bookclub_reads (clubid, bookid, start_date, end_date, is_current) VALUES (50, 8, '2024-12-22', '2025-01-21', FALSE);
INSERT INTO bookclub_reads (clubid, bookid, start_date, end_date, is_current) VALUES (50, 80, '2025-03-30', '2025-04-29', FALSE);
INSERT INTO bookclub_reads (clubid, bookid, start_date, end_date, is_current) VALUES (50, 880, '2025-01-28', '2025-02-27', FALSE);

INSERT INTO bookclubs (clubid, name, description, creatorid) VALUES (51, 'Book Club 35', 'This is the description for Book Club 35.', 35);
INSERT INTO bookclub_members (clubid, userid) VALUES (51, 35);
INSERT INTO bookclub_members (clubid, userid) VALUES (51, 68);
INSERT INTO bookclub_members (clubid, userid) VALUES (51, 143);
INSERT INTO bookclub_members (clubid, userid) VALUES (51, 55);
INSERT INTO bookclub_members (clubid, userid) VALUES (51, 151);
INSERT INTO bookclub_members (clubid, userid) VALUES (51, 153);
INSERT INTO bookclub_members (clubid, userid) VALUES (51, 29);
INSERT INTO bookclub_reads (clubid, bookid, start_date, end_date, is_current) VALUES (51, 658, '2025-06-28', '2025-08-02', TRUE);
INSERT INTO bookclub_reads (clubid, bookid, start_date, end_date, is_current) VALUES (51, 515, '2025-06-22', '2025-07-29', TRUE);
INSERT INTO bookclub_reads (clubid, bookid, start_date, end_date, is_current) VALUES (51, 278, '2025-03-16', '2025-04-15', FALSE);
INSERT INTO bookclub_reads (clubid, bookid, start_date, end_date, is_current) VALUES (51, 975, '2024-12-25', '2025-01-24', FALSE);
INSERT INTO bookclub_reads (clubid, bookid, start_date, end_date, is_current) VALUES (51, 762, '2025-02-15', '2025-03-17', FALSE);
INSERT INTO bookclub_reads (clubid, bookid, start_date, end_date, is_current) VALUES (51, 355, '2025-03-25', '2025-04-24', FALSE);
INSERT INTO bookclub_reads (clubid, bookid, start_date, end_date, is_current) VALUES (51, 681, '2025-06-02', '2025-07-02', FALSE);

INSERT INTO bookclubs (clubid, name, description, creatorid) VALUES (52, 'Book Club 36', 'This is the description for Book Club 36.', 15);
INSERT INTO bookclub_members (clubid, userid) VALUES (52, 131);
INSERT INTO bookclub_members (clubid, userid) VALUES (52, 36);
INSERT INTO bookclub_members (clubid, userid) VALUES (52, 44);
INSERT INTO bookclub_members (clubid, userid) VALUES (52, 15);
INSERT INTO bookclub_members (clubid, userid) VALUES (52, 145);
INSERT INTO bookclub_members (clubid, userid) VALUES (52, 19);
INSERT INTO bookclub_members (clubid, userid) VALUES (52, 119);
INSERT INTO bookclub_members (clubid, userid) VALUES (52, 26);
INSERT INTO bookclub_reads (clubid, bookid, start_date, end_date, is_current) VALUES (52, 663, '2025-06-24', '2025-07-31', TRUE);
INSERT INTO bookclub_reads (clubid, bookid, start_date, end_date, is_current) VALUES (52, 903, '2025-02-19', '2025-03-21', FALSE);
INSERT INTO bookclub_reads (clubid, bookid, start_date, end_date, is_current) VALUES (52, 292, '2025-02-01', '2025-03-03', FALSE);
INSERT INTO bookclub_reads (clubid, bookid, start_date, end_date, is_current) VALUES (52, 955, '2025-02-25', '2025-03-27', FALSE);
INSERT INTO bookclub_reads (clubid, bookid, start_date, end_date, is_current) VALUES (52, 829, '2025-03-07', '2025-04-06', FALSE);
INSERT INTO bookclub_reads (clubid, bookid, start_date, end_date, is_current) VALUES (52, 137, '2025-04-30', '2025-05-30', FALSE);
INSERT INTO bookclub_reads (clubid, bookid, start_date, end_date, is_current) VALUES (52, 324, '2025-04-29', '2025-05-29', FALSE);
INSERT INTO bookclub_reads (clubid, bookid, start_date, end_date, is_current) VALUES (52, 1053, '2025-01-19', '2025-02-18', FALSE);
INSERT INTO bookclub_reads (clubid, bookid, start_date, end_date, is_current) VALUES (52, 960, '2025-03-07', '2025-04-06', FALSE);
INSERT INTO bookclub_reads (clubid, bookid, start_date, end_date, is_current) VALUES (52, 432, '2024-12-27', '2025-01-26', FALSE);
INSERT INTO bookclub_reads (clubid, bookid, start_date, end_date, is_current) VALUES (52, 204, '2025-02-22', '2025-03-24', FALSE);
INSERT INTO bookclub_reads (clubid, bookid, start_date, end_date, is_current) VALUES (52, 1067, '2024-12-17', '2025-01-16', FALSE);
INSERT INTO bookclub_reads (clubid, bookid, start_date, end_date, is_current) VALUES (52, 453, '2025-01-04', '2025-02-03', FALSE);
INSERT INTO bookclub_reads (clubid, bookid, start_date, end_date, is_current) VALUES (52, 247, '2025-05-05', '2025-06-04', FALSE);
INSERT INTO bookclub_reads (clubid, bookid, start_date, end_date, is_current) VALUES (52, 639, '2025-05-02', '2025-06-01', FALSE);

INSERT INTO bookclubs (clubid, name, description, creatorid) VALUES (53, 'Book Club 37', 'This is the description for Book Club 37.', 88);
INSERT INTO bookclub_members (clubid, userid) VALUES (53, 1);
INSERT INTO bookclub_members (clubid, userid) VALUES (53, 36);
INSERT INTO bookclub_members (clubid, userid) VALUES (53, 40);
INSERT INTO bookclub_members (clubid, userid) VALUES (53, 143);
INSERT INTO bookclub_members (clubid, userid) VALUES (53, 50);
INSERT INTO bookclub_members (clubid, userid) VALUES (53, 88);
INSERT INTO bookclub_members (clubid, userid) VALUES (53, 122);
INSERT INTO bookclub_members (clubid, userid) VALUES (53, 60);
INSERT INTO bookclub_members (clubid, userid) VALUES (53, 94);
INSERT INTO bookclub_members (clubid, userid) VALUES (53, 63);
INSERT INTO bookclub_reads (clubid, bookid, start_date, end_date, is_current) VALUES (53, 702, '2025-06-30', '2025-08-03', TRUE);
INSERT INTO bookclub_reads (clubid, bookid, start_date, end_date, is_current) VALUES (53, 413, '2025-05-11', '2025-06-10', FALSE);
INSERT INTO bookclub_reads (clubid, bookid, start_date, end_date, is_current) VALUES (53, 410, '2025-05-30', '2025-06-29', FALSE);
INSERT INTO bookclub_reads (clubid, bookid, start_date, end_date, is_current) VALUES (53, 119, '2025-05-31', '2025-06-30', FALSE);
INSERT INTO bookclub_reads (clubid, bookid, start_date, end_date, is_current) VALUES (53, 94, '2025-06-03', '2025-07-03', FALSE);
INSERT INTO bookclub_reads (clubid, bookid, start_date, end_date, is_current) VALUES (53, 765, '2025-03-21', '2025-04-20', FALSE);
INSERT INTO bookclub_reads (clubid, bookid, start_date, end_date, is_current) VALUES (53, 75, '2025-05-01', '2025-05-31', FALSE);
INSERT INTO bookclub_reads (clubid, bookid, start_date, end_date, is_current) VALUES (53, 1007, '2024-12-26', '2025-01-25', FALSE);
INSERT INTO bookclub_reads (clubid, bookid, start_date, end_date, is_current) VALUES (53, 416, '2025-01-21', '2025-02-20', FALSE);
INSERT INTO bookclub_reads (clubid, bookid, start_date, end_date, is_current) VALUES (53, 89, '2025-05-17', '2025-06-16', FALSE);
INSERT INTO bookclub_reads (clubid, bookid, start_date, end_date, is_current) VALUES (53, 841, '2025-03-08', '2025-04-07', FALSE);

INSERT INTO bookclubs (clubid, name, description, creatorid) VALUES (54, 'Book Club 38', 'This is the description for Book Club 38.', 13);
INSERT INTO bookclub_members (clubid, userid) VALUES (54, 101);
INSERT INTO bookclub_members (clubid, userid) VALUES (54, 102);
INSERT INTO bookclub_members (clubid, userid) VALUES (54, 71);
INSERT INTO bookclub_members (clubid, userid) VALUES (54, 69);
INSERT INTO bookclub_members (clubid, userid) VALUES (54, 73);
INSERT INTO bookclub_members (clubid, userid) VALUES (54, 137);
INSERT INTO bookclub_members (clubid, userid) VALUES (54, 123);
INSERT INTO bookclub_members (clubid, userid) VALUES (54, 13);
INSERT INTO bookclub_members (clubid, userid) VALUES (54, 80);
INSERT INTO bookclub_members (clubid, userid) VALUES (54, 49);
INSERT INTO bookclub_members (clubid, userid) VALUES (54, 20);
INSERT INTO bookclub_members (clubid, userid) VALUES (54, 150);
INSERT INTO bookclub_members (clubid, userid) VALUES (54, 56);
INSERT INTO bookclub_members (clubid, userid) VALUES (54, 57);
INSERT INTO bookclub_members (clubid, userid) VALUES (54, 58);
INSERT INTO bookclub_members (clubid, userid) VALUES (54, 91);
INSERT INTO bookclub_reads (clubid, bookid, start_date, end_date, is_current) VALUES (54, 302, '2025-07-03', '2025-08-08', TRUE);
INSERT INTO bookclub_reads (clubid, bookid, start_date, end_date, is_current) VALUES (54, 58, '2025-07-03', '2025-08-13', TRUE);
INSERT INTO bookclub_reads (clubid, bookid, start_date, end_date, is_current) VALUES (54, 237, '2025-06-27', '2025-07-24', TRUE);
INSERT INTO bookclub_reads (clubid, bookid, start_date, end_date, is_current) VALUES (54, 74, '2025-03-31', '2025-04-30', FALSE);
INSERT INTO bookclub_reads (clubid, bookid, start_date, end_date, is_current) VALUES (54, 1014, '2025-02-23', '2025-03-25', FALSE);
INSERT INTO bookclub_reads (clubid, bookid, start_date, end_date, is_current) VALUES (54, 214, '2025-02-09', '2025-03-11', FALSE);
INSERT INTO bookclub_reads (clubid, bookid, start_date, end_date, is_current) VALUES (54, 16, '2024-12-11', '2025-01-10', FALSE);
INSERT INTO bookclub_reads (clubid, bookid, start_date, end_date, is_current) VALUES (54, 431, '2025-03-14', '2025-04-13', FALSE);
INSERT INTO bookclub_reads (clubid, bookid, start_date, end_date, is_current) VALUES (54, 1078, '2025-01-15', '2025-02-14', FALSE);
INSERT INTO bookclub_reads (clubid, bookid, start_date, end_date, is_current) VALUES (54, 59, '2025-02-21', '2025-03-23', FALSE);
INSERT INTO bookclub_reads (clubid, bookid, start_date, end_date, is_current) VALUES (54, 1053, '2025-01-13', '2025-02-12', FALSE);
INSERT INTO bookclub_reads (clubid, bookid, start_date, end_date, is_current) VALUES (54, 57, '2024-12-19', '2025-01-18', FALSE);
INSERT INTO bookclub_reads (clubid, bookid, start_date, end_date, is_current) VALUES (54, 357, '2025-06-03', '2025-07-03', FALSE);
INSERT INTO bookclub_reads (clubid, bookid, start_date, end_date, is_current) VALUES (54, 826, '2025-04-13', '2025-05-13', FALSE);
INSERT INTO bookclub_reads (clubid, bookid, start_date, end_date, is_current) VALUES (54, 201, '2025-03-17', '2025-04-16', FALSE);

INSERT INTO bookclubs (clubid, name, description, creatorid) VALUES (55, 'Book Club 39', 'This is the description for Book Club 39.', 44);
INSERT INTO bookclub_members (clubid, userid) VALUES (55, 128);
INSERT INTO bookclub_members (clubid, userid) VALUES (55, 129);
INSERT INTO bookclub_members (clubid, userid) VALUES (55, 130);
INSERT INTO bookclub_members (clubid, userid) VALUES (55, 3);
INSERT INTO bookclub_members (clubid, userid) VALUES (55, 135);
INSERT INTO bookclub_members (clubid, userid) VALUES (55, 103);
INSERT INTO bookclub_members (clubid, userid) VALUES (55, 106);
INSERT INTO bookclub_members (clubid, userid) VALUES (55, 107);
INSERT INTO bookclub_members (clubid, userid) VALUES (55, 44);
INSERT INTO bookclub_members (clubid, userid) VALUES (55, 111);
INSERT INTO bookclub_members (clubid, userid) VALUES (55, 49);
INSERT INTO bookclub_members (clubid, userid) VALUES (55, 115);
INSERT INTO bookclub_members (clubid, userid) VALUES (55, 20);
INSERT INTO bookclub_members (clubid, userid) VALUES (55, 54);
INSERT INTO bookclub_members (clubid, userid) VALUES (55, 88);
INSERT INTO bookclub_members (clubid, userid) VALUES (55, 154);
INSERT INTO bookclub_members (clubid, userid) VALUES (55, 95);
INSERT INTO bookclub_reads (clubid, bookid, start_date, end_date, is_current) VALUES (55, 299, '2025-07-04', '2025-08-13', TRUE);
INSERT INTO bookclub_reads (clubid, bookid, start_date, end_date, is_current) VALUES (55, 12, '2025-06-29', '2025-07-26', TRUE);
INSERT INTO bookclub_reads (clubid, bookid, start_date, end_date, is_current) VALUES (55, 92, '2025-04-25', '2025-05-25', FALSE);
INSERT INTO bookclub_reads (clubid, bookid, start_date, end_date, is_current) VALUES (55, 681, '2025-05-08', '2025-06-07', FALSE);
INSERT INTO bookclub_reads (clubid, bookid, start_date, end_date, is_current) VALUES (55, 356, '2025-02-22', '2025-03-24', FALSE);
INSERT INTO bookclub_reads (clubid, bookid, start_date, end_date, is_current) VALUES (55, 823, '2025-06-06', '2025-07-06', FALSE);
INSERT INTO bookclub_reads (clubid, bookid, start_date, end_date, is_current) VALUES (55, 399, '2025-02-05', '2025-03-07', FALSE);
INSERT INTO bookclub_reads (clubid, bookid, start_date, end_date, is_current) VALUES (55, 972, '2025-04-26', '2025-05-26', FALSE);
INSERT INTO bookclub_reads (clubid, bookid, start_date, end_date, is_current) VALUES (55, 53, '2025-02-03', '2025-03-05', FALSE);
INSERT INTO bookclub_reads (clubid, bookid, start_date, end_date, is_current) VALUES (55, 1078, '2025-03-29', '2025-04-28', FALSE);
INSERT INTO bookclub_reads (clubid, bookid, start_date, end_date, is_current) VALUES (55, 410, '2024-12-09', '2025-01-08', FALSE);
INSERT INTO bookclub_reads (clubid, bookid, start_date, end_date, is_current) VALUES (55, 333, '2025-04-30', '2025-05-30', FALSE);
INSERT INTO bookclub_reads (clubid, bookid, start_date, end_date, is_current) VALUES (55, 122, '2024-12-26', '2025-01-25', FALSE);

INSERT INTO bookclubs (clubid, name, description, creatorid) VALUES (56, 'Book Club 40', 'This is the description for Book Club 40.', 27);
INSERT INTO bookclub_members (clubid, userid) VALUES (56, 32);
INSERT INTO bookclub_members (clubid, userid) VALUES (56, 68);
INSERT INTO bookclub_members (clubid, userid) VALUES (56, 103);
INSERT INTO bookclub_members (clubid, userid) VALUES (56, 136);
INSERT INTO bookclub_members (clubid, userid) VALUES (56, 75);
INSERT INTO bookclub_members (clubid, userid) VALUES (56, 45);
INSERT INTO bookclub_members (clubid, userid) VALUES (56, 142);
INSERT INTO bookclub_members (clubid, userid) VALUES (56, 143);
INSERT INTO bookclub_members (clubid, userid) VALUES (56, 144);
INSERT INTO bookclub_members (clubid, userid) VALUES (56, 86);
INSERT INTO bookclub_members (clubid, userid) VALUES (56, 56);
INSERT INTO bookclub_members (clubid, userid) VALUES (56, 26);
INSERT INTO bookclub_members (clubid, userid) VALUES (56, 27);
INSERT INTO bookclub_members (clubid, userid) VALUES (56, 28);
INSERT INTO bookclub_members (clubid, userid) VALUES (56, 62);
INSERT INTO bookclub_members (clubid, userid) VALUES (56, 95);
INSERT INTO bookclub_reads (clubid, bookid, start_date, end_date, is_current) VALUES (56, 888, '2025-07-04', '2025-08-21', TRUE);
INSERT INTO bookclub_reads (clubid, bookid, start_date, end_date, is_current) VALUES (56, 151, '2025-07-07', '2025-08-05', TRUE);
INSERT INTO bookclub_reads (clubid, bookid, start_date, end_date, is_current) VALUES (56, 75, '2025-01-24', '2025-02-23', FALSE);
INSERT INTO bookclub_reads (clubid, bookid, start_date, end_date, is_current) VALUES (56, 676, '2025-05-14', '2025-06-13', FALSE);
INSERT INTO bookclub_reads (clubid, bookid, start_date, end_date, is_current) VALUES (56, 930, '2025-01-20', '2025-02-19', FALSE);
INSERT INTO bookclub_reads (clubid, bookid, start_date, end_date, is_current) VALUES (56, 476, '2025-01-20', '2025-02-19', FALSE);
INSERT INTO bookclub_reads (clubid, bookid, start_date, end_date, is_current) VALUES (56, 23, '2025-04-02', '2025-05-02', FALSE);
INSERT INTO bookclub_reads (clubid, bookid, start_date, end_date, is_current) VALUES (56, 54, '2025-04-24', '2025-05-24', FALSE);

INSERT INTO bookclubs (clubid, name, description, creatorid) VALUES (57, 'Book Club 41', 'This is the description for Book Club 41.', 67);
INSERT INTO bookclub_members (clubid, userid) VALUES (57, 3);
INSERT INTO bookclub_members (clubid, userid) VALUES (57, 4);
INSERT INTO bookclub_members (clubid, userid) VALUES (57, 67);
INSERT INTO bookclub_members (clubid, userid) VALUES (57, 38);
INSERT INTO bookclub_members (clubid, userid) VALUES (57, 8);
INSERT INTO bookclub_members (clubid, userid) VALUES (57, 139);
INSERT INTO bookclub_members (clubid, userid) VALUES (57, 140);
INSERT INTO bookclub_members (clubid, userid) VALUES (57, 45);
INSERT INTO bookclub_members (clubid, userid) VALUES (57, 110);
INSERT INTO bookclub_members (clubid, userid) VALUES (57, 142);
INSERT INTO bookclub_members (clubid, userid) VALUES (57, 80);
INSERT INTO bookclub_members (clubid, userid) VALUES (57, 18);
INSERT INTO bookclub_members (clubid, userid) VALUES (57, 84);
INSERT INTO bookclub_members (clubid, userid) VALUES (57, 149);
INSERT INTO bookclub_members (clubid, userid) VALUES (57, 150);
INSERT INTO bookclub_members (clubid, userid) VALUES (57, 152);
INSERT INTO bookclub_members (clubid, userid) VALUES (57, 59);
INSERT INTO bookclub_members (clubid, userid) VALUES (57, 93);
INSERT INTO bookclub_reads (clubid, bookid, start_date, end_date, is_current) VALUES (57, 249, '2025-06-15', '2025-08-12', TRUE);
INSERT INTO bookclub_reads (clubid, bookid, start_date, end_date, is_current) VALUES (57, 428, '2025-06-23', '2025-08-16', TRUE);
INSERT INTO bookclub_reads (clubid, bookid, start_date, end_date, is_current) VALUES (57, 22, '2025-06-20', '2025-07-22', TRUE);
INSERT INTO bookclub_reads (clubid, bookid, start_date, end_date, is_current) VALUES (57, 771, '2025-02-08', '2025-03-10', FALSE);
INSERT INTO bookclub_reads (clubid, bookid, start_date, end_date, is_current) VALUES (57, 142, '2025-05-14', '2025-06-13', FALSE);
INSERT INTO bookclub_reads (clubid, bookid, start_date, end_date, is_current) VALUES (57, 119, '2025-05-18', '2025-06-17', FALSE);
INSERT INTO bookclub_reads (clubid, bookid, start_date, end_date, is_current) VALUES (57, 424, '2024-12-10', '2025-01-09', FALSE);
INSERT INTO bookclub_reads (clubid, bookid, start_date, end_date, is_current) VALUES (57, 787, '2025-05-10', '2025-06-09', FALSE);
INSERT INTO bookclub_reads (clubid, bookid, start_date, end_date, is_current) VALUES (57, 16, '2025-04-20', '2025-05-20', FALSE);

INSERT INTO bookclubs (clubid, name, description, creatorid) VALUES (58, 'Book Club 42', 'This is the description for Book Club 42.', 74);
INSERT INTO bookclub_members (clubid, userid) VALUES (58, 1);
INSERT INTO bookclub_members (clubid, userid) VALUES (58, 134);
INSERT INTO bookclub_members (clubid, userid) VALUES (58, 7);
INSERT INTO bookclub_members (clubid, userid) VALUES (58, 145);
INSERT INTO bookclub_members (clubid, userid) VALUES (58, 146);
INSERT INTO bookclub_members (clubid, userid) VALUES (58, 153);
INSERT INTO bookclub_members (clubid, userid) VALUES (58, 29);
INSERT INTO bookclub_members (clubid, userid) VALUES (58, 31);
INSERT INTO bookclub_members (clubid, userid) VALUES (58, 44);
INSERT INTO bookclub_members (clubid, userid) VALUES (58, 47);
INSERT INTO bookclub_members (clubid, userid) VALUES (58, 65);
INSERT INTO bookclub_members (clubid, userid) VALUES (58, 74);
INSERT INTO bookclub_members (clubid, userid) VALUES (58, 76);
INSERT INTO bookclub_members (clubid, userid) VALUES (58, 83);
INSERT INTO bookclub_members (clubid, userid) VALUES (58, 92);
INSERT INTO bookclub_members (clubid, userid) VALUES (58, 107);
INSERT INTO bookclub_members (clubid, userid) VALUES (58, 118);
INSERT INTO bookclub_members (clubid, userid) VALUES (58, 120);
INSERT INTO bookclub_members (clubid, userid) VALUES (58, 122);
INSERT INTO bookclub_members (clubid, userid) VALUES (58, 126);
INSERT INTO bookclub_reads (clubid, bookid, start_date, end_date, is_current) VALUES (58, 66, '2025-06-30', '2025-08-01', TRUE);
INSERT INTO bookclub_reads (clubid, bookid, start_date, end_date, is_current) VALUES (58, 407, '2025-06-01', '2025-07-01', FALSE);
INSERT INTO bookclub_reads (clubid, bookid, start_date, end_date, is_current) VALUES (58, 45, '2025-01-28', '2025-02-27', FALSE);
INSERT INTO bookclub_reads (clubid, bookid, start_date, end_date, is_current) VALUES (58, 1007, '2025-05-01', '2025-05-31', FALSE);
INSERT INTO bookclub_reads (clubid, bookid, start_date, end_date, is_current) VALUES (58, 98, '2025-04-28', '2025-05-28', FALSE);
INSERT INTO bookclub_reads (clubid, bookid, start_date, end_date, is_current) VALUES (58, 205, '2025-05-07', '2025-06-06', FALSE);
INSERT INTO bookclub_reads (clubid, bookid, start_date, end_date, is_current) VALUES (58, 382, '2025-02-20', '2025-03-22', FALSE);

INSERT INTO bookclubs (clubid, name, description, creatorid) VALUES (59, 'Book Club 43', 'This is the description for Book Club 43.', 112);
INSERT INTO bookclub_members (clubid, userid) VALUES (59, 98);
INSERT INTO bookclub_members (clubid, userid) VALUES (59, 99);
INSERT INTO bookclub_members (clubid, userid) VALUES (59, 6);
INSERT INTO bookclub_members (clubid, userid) VALUES (59, 134);
INSERT INTO bookclub_members (clubid, userid) VALUES (59, 40);
INSERT INTO bookclub_members (clubid, userid) VALUES (59, 70);
INSERT INTO bookclub_members (clubid, userid) VALUES (59, 74);
INSERT INTO bookclub_members (clubid, userid) VALUES (59, 112);
INSERT INTO bookclub_members (clubid, userid) VALUES (59, 81);
INSERT INTO bookclub_members (clubid, userid) VALUES (59, 149);
INSERT INTO bookclub_members (clubid, userid) VALUES (59, 89);
INSERT INTO bookclub_members (clubid, userid) VALUES (59, 26);
INSERT INTO bookclub_members (clubid, userid) VALUES (59, 31);
INSERT INTO bookclub_reads (clubid, bookid, start_date, end_date, is_current) VALUES (59, 29, '2025-07-03', '2025-08-13', TRUE);
INSERT INTO bookclub_reads (clubid, bookid, start_date, end_date, is_current) VALUES (59, 411, '2025-02-04', '2025-03-06', FALSE);
INSERT INTO bookclub_reads (clubid, bookid, start_date, end_date, is_current) VALUES (59, 151, '2025-02-16', '2025-03-18', FALSE);
INSERT INTO bookclub_reads (clubid, bookid, start_date, end_date, is_current) VALUES (59, 69, '2025-01-17', '2025-02-16', FALSE);
INSERT INTO bookclub_reads (clubid, bookid, start_date, end_date, is_current) VALUES (59, 71, '2025-05-30', '2025-06-29', FALSE);
INSERT INTO bookclub_reads (clubid, bookid, start_date, end_date, is_current) VALUES (59, 676, '2025-04-23', '2025-05-23', FALSE);
INSERT INTO bookclub_reads (clubid, bookid, start_date, end_date, is_current) VALUES (59, 45, '2025-01-31', '2025-03-02', FALSE);
INSERT INTO bookclub_reads (clubid, bookid, start_date, end_date, is_current) VALUES (59, 977, '2024-12-23', '2025-01-22', FALSE);
INSERT INTO bookclub_reads (clubid, bookid, start_date, end_date, is_current) VALUES (59, 333, '2025-02-19', '2025-03-21', FALSE);
INSERT INTO bookclub_reads (clubid, bookid, start_date, end_date, is_current) VALUES (59, 824, '2024-12-17', '2025-01-16', FALSE);
INSERT INTO bookclub_reads (clubid, bookid, start_date, end_date, is_current) VALUES (59, 166, '2025-04-13', '2025-05-13', FALSE);
INSERT INTO bookclub_reads (clubid, bookid, start_date, end_date, is_current) VALUES (59, 930, '2025-04-23', '2025-05-23', FALSE);

INSERT INTO bookclubs (clubid, name, description, creatorid) VALUES (60, 'Book Club 44', 'This is the description for Book Club 44.', 104);
INSERT INTO bookclub_members (clubid, userid) VALUES (60, 133);
INSERT INTO bookclub_members (clubid, userid) VALUES (60, 38);
INSERT INTO bookclub_members (clubid, userid) VALUES (60, 104);
INSERT INTO bookclub_members (clubid, userid) VALUES (60, 75);
INSERT INTO bookclub_members (clubid, userid) VALUES (60, 77);
INSERT INTO bookclub_members (clubid, userid) VALUES (60, 147);
INSERT INTO bookclub_members (clubid, userid) VALUES (60, 62);
INSERT INTO bookclub_members (clubid, userid) VALUES (60, 24);
INSERT INTO bookclub_members (clubid, userid) VALUES (60, 27);
INSERT INTO bookclub_members (clubid, userid) VALUES (60, 29);
INSERT INTO bookclub_members (clubid, userid) VALUES (60, 30);
INSERT INTO bookclub_reads (clubid, bookid, start_date, end_date, is_current) VALUES (60, 131, '2025-06-23', '2025-08-21', TRUE);
INSERT INTO bookclub_reads (clubid, bookid, start_date, end_date, is_current) VALUES (60, 252, '2025-06-09', '2025-07-24', TRUE);
INSERT INTO bookclub_reads (clubid, bookid, start_date, end_date, is_current) VALUES (60, 828, '2025-01-18', '2025-02-17', FALSE);
INSERT INTO bookclub_reads (clubid, bookid, start_date, end_date, is_current) VALUES (60, 1068, '2025-01-28', '2025-02-27', FALSE);
INSERT INTO bookclub_reads (clubid, bookid, start_date, end_date, is_current) VALUES (60, 237, '2025-02-26', '2025-03-28', FALSE);
INSERT INTO bookclub_reads (clubid, bookid, start_date, end_date, is_current) VALUES (60, 137, '2025-05-04', '2025-06-03', FALSE);
INSERT INTO bookclub_reads (clubid, bookid, start_date, end_date, is_current) VALUES (60, 152, '2025-03-27', '2025-04-26', FALSE);
INSERT INTO bookclub_reads (clubid, bookid, start_date, end_date, is_current) VALUES (60, 619, '2025-03-23', '2025-04-22', FALSE);
INSERT INTO bookclub_reads (clubid, bookid, start_date, end_date, is_current) VALUES (60, 231, '2025-05-21', '2025-06-20', FALSE);
INSERT INTO bookclub_reads (clubid, bookid, start_date, end_date, is_current) VALUES (60, 356, '2025-01-30', '2025-03-01', FALSE);
INSERT INTO bookclub_reads (clubid, bookid, start_date, end_date, is_current) VALUES (60, 399, '2025-03-02', '2025-04-01', FALSE);
INSERT INTO bookclub_reads (clubid, bookid, start_date, end_date, is_current) VALUES (60, 475, '2024-12-17', '2025-01-16', FALSE);
INSERT INTO bookclub_reads (clubid, bookid, start_date, end_date, is_current) VALUES (60, 367, '2025-05-19', '2025-06-18', FALSE);
INSERT INTO bookclub_reads (clubid, bookid, start_date, end_date, is_current) VALUES (60, 966, '2025-04-21', '2025-05-21', FALSE);
INSERT INTO bookclub_reads (clubid, bookid, start_date, end_date, is_current) VALUES (60, 841, '2025-03-21', '2025-04-20', FALSE);
INSERT INTO bookclub_reads (clubid, bookid, start_date, end_date, is_current) VALUES (60, 35, '2025-04-30', '2025-05-30', FALSE);

INSERT INTO bookclubs (clubid, name, description, creatorid) VALUES (61, 'Book Club 45', 'This is the description for Book Club 45.', 134);
INSERT INTO bookclub_members (clubid, userid) VALUES (61, 130);
INSERT INTO bookclub_members (clubid, userid) VALUES (61, 134);
INSERT INTO bookclub_members (clubid, userid) VALUES (61, 39);
INSERT INTO bookclub_members (clubid, userid) VALUES (61, 104);
INSERT INTO bookclub_members (clubid, userid) VALUES (61, 40);
INSERT INTO bookclub_members (clubid, userid) VALUES (61, 106);
INSERT INTO bookclub_members (clubid, userid) VALUES (61, 76);
INSERT INTO bookclub_members (clubid, userid) VALUES (61, 46);
INSERT INTO bookclub_members (clubid, userid) VALUES (61, 112);
INSERT INTO bookclub_members (clubid, userid) VALUES (61, 55);
INSERT INTO bookclub_members (clubid, userid) VALUES (61, 22);
INSERT INTO bookclub_members (clubid, userid) VALUES (61, 119);
INSERT INTO bookclub_members (clubid, userid) VALUES (61, 24);
INSERT INTO bookclub_members (clubid, userid) VALUES (61, 118);
INSERT INTO bookclub_members (clubid, userid) VALUES (61, 60);
INSERT INTO bookclub_members (clubid, userid) VALUES (61, 125);
INSERT INTO bookclub_members (clubid, userid) VALUES (61, 94);
INSERT INTO bookclub_reads (clubid, bookid, start_date, end_date, is_current) VALUES (61, 157, '2025-07-06', '2025-07-24', TRUE);
INSERT INTO bookclub_reads (clubid, bookid, start_date, end_date, is_current) VALUES (61, 99, '2025-06-24', '2025-08-20', TRUE);
INSERT INTO bookclub_reads (clubid, bookid, start_date, end_date, is_current) VALUES (61, 394, '2025-05-18', '2025-06-17', FALSE);
INSERT INTO bookclub_reads (clubid, bookid, start_date, end_date, is_current) VALUES (61, 870, '2025-03-14', '2025-04-13', FALSE);
INSERT INTO bookclub_reads (clubid, bookid, start_date, end_date, is_current) VALUES (61, 237, '2025-04-09', '2025-05-09', FALSE);
INSERT INTO bookclub_reads (clubid, bookid, start_date, end_date, is_current) VALUES (61, 932, '2025-04-27', '2025-05-27', FALSE);
INSERT INTO bookclub_reads (clubid, bookid, start_date, end_date, is_current) VALUES (61, 83, '2025-06-05', '2025-07-05', FALSE);
INSERT INTO bookclub_reads (clubid, bookid, start_date, end_date, is_current) VALUES (61, 337, '2025-01-09', '2025-02-08', FALSE);
INSERT INTO bookclub_reads (clubid, bookid, start_date, end_date, is_current) VALUES (61, 880, '2025-03-25', '2025-04-24', FALSE);
INSERT INTO bookclub_reads (clubid, bookid, start_date, end_date, is_current) VALUES (61, 1, '2025-01-01', '2025-01-31', FALSE);
INSERT INTO bookclub_reads (clubid, bookid, start_date, end_date, is_current) VALUES (61, 208, '2025-03-25', '2025-04-24', FALSE);
INSERT INTO bookclub_reads (clubid, bookid, start_date, end_date, is_current) VALUES (61, 13, '2025-02-11', '2025-03-13', FALSE);

INSERT INTO bookclubs (clubid, name, description, creatorid) VALUES (62, 'Book Club 46', 'This is the description for Book Club 46.', 108);
INSERT INTO bookclub_members (clubid, userid) VALUES (62, 91);
INSERT INTO bookclub_members (clubid, userid) VALUES (62, 108);
INSERT INTO bookclub_members (clubid, userid) VALUES (62, 85);
INSERT INTO bookclub_members (clubid, userid) VALUES (62, 58);
INSERT INTO bookclub_members (clubid, userid) VALUES (62, 27);
INSERT INTO bookclub_members (clubid, userid) VALUES (62, 29);
INSERT INTO bookclub_reads (clubid, bookid, start_date, end_date, is_current) VALUES (62, 132, '2025-07-04', '2025-08-14', TRUE);
INSERT INTO bookclub_reads (clubid, bookid, start_date, end_date, is_current) VALUES (62, 249, '2025-06-19', '2025-08-01', TRUE);
INSERT INTO bookclub_reads (clubid, bookid, start_date, end_date, is_current) VALUES (62, 446, '2025-06-29', '2025-08-04', TRUE);
INSERT INTO bookclub_reads (clubid, bookid, start_date, end_date, is_current) VALUES (62, 13, '2025-03-16', '2025-04-15', FALSE);
INSERT INTO bookclub_reads (clubid, bookid, start_date, end_date, is_current) VALUES (62, 821, '2025-04-19', '2025-05-19', FALSE);
INSERT INTO bookclub_reads (clubid, bookid, start_date, end_date, is_current) VALUES (62, 1059, '2025-03-12', '2025-04-11', FALSE);
INSERT INTO bookclub_reads (clubid, bookid, start_date, end_date, is_current) VALUES (62, 90, '2024-12-30', '2025-01-29', FALSE);
INSERT INTO bookclub_reads (clubid, bookid, start_date, end_date, is_current) VALUES (62, 422, '2025-03-17', '2025-04-16', FALSE);
INSERT INTO bookclub_reads (clubid, bookid, start_date, end_date, is_current) VALUES (62, 478, '2025-01-14', '2025-02-13', FALSE);
INSERT INTO bookclub_reads (clubid, bookid, start_date, end_date, is_current) VALUES (62, 367, '2024-12-17', '2025-01-16', FALSE);
INSERT INTO bookclub_reads (clubid, bookid, start_date, end_date, is_current) VALUES (62, 99, '2025-01-05', '2025-02-04', FALSE);
INSERT INTO bookclub_reads (clubid, bookid, start_date, end_date, is_current) VALUES (62, 100, '2025-01-19', '2025-02-18', FALSE);
INSERT INTO bookclub_reads (clubid, bookid, start_date, end_date, is_current) VALUES (62, 797, '2024-12-13', '2025-01-12', FALSE);
INSERT INTO bookclub_reads (clubid, bookid, start_date, end_date, is_current) VALUES (62, 231, '2025-04-14', '2025-05-14', FALSE);
INSERT INTO bookclub_reads (clubid, bookid, start_date, end_date, is_current) VALUES (62, 34, '2025-02-18', '2025-03-20', FALSE);
INSERT INTO bookclub_reads (clubid, bookid, start_date, end_date, is_current) VALUES (62, 157, '2024-12-29', '2025-01-28', FALSE);

INSERT INTO bookclubs (clubid, name, description, creatorid) VALUES (63, 'Book Club 47', 'This is the description for Book Club 47.', 50);
INSERT INTO bookclub_members (clubid, userid) VALUES (63, 139);
INSERT INTO bookclub_members (clubid, userid) VALUES (63, 112);
INSERT INTO bookclub_members (clubid, userid) VALUES (63, 50);
INSERT INTO bookclub_members (clubid, userid) VALUES (63, 26);
INSERT INTO bookclub_members (clubid, userid) VALUES (63, 123);
INSERT INTO bookclub_members (clubid, userid) VALUES (63, 93);
INSERT INTO bookclub_reads (clubid, bookid, start_date, end_date, is_current) VALUES (63, 656, '2025-06-07', '2025-08-21', TRUE);
INSERT INTO bookclub_reads (clubid, bookid, start_date, end_date, is_current) VALUES (63, 26, '2025-06-11', '2025-07-25', TRUE);
INSERT INTO bookclub_reads (clubid, bookid, start_date, end_date, is_current) VALUES (63, 404, '2025-07-06', '2025-08-18', TRUE);
INSERT INTO bookclub_reads (clubid, bookid, start_date, end_date, is_current) VALUES (63, 678, '2025-02-20', '2025-03-22', FALSE);
INSERT INTO bookclub_reads (clubid, bookid, start_date, end_date, is_current) VALUES (63, 475, '2025-01-29', '2025-02-28', FALSE);
INSERT INTO bookclub_reads (clubid, bookid, start_date, end_date, is_current) VALUES (63, 208, '2025-05-29', '2025-06-28', FALSE);
INSERT INTO bookclub_reads (clubid, bookid, start_date, end_date, is_current) VALUES (63, 237, '2025-01-10', '2025-02-09', FALSE);
INSERT INTO bookclub_reads (clubid, bookid, start_date, end_date, is_current) VALUES (63, 698, '2025-04-28', '2025-05-28', FALSE);
INSERT INTO bookclub_reads (clubid, bookid, start_date, end_date, is_current) VALUES (63, 420, '2025-05-04', '2025-06-03', FALSE);
INSERT INTO bookclub_reads (clubid, bookid, start_date, end_date, is_current) VALUES (63, 247, '2025-06-06', '2025-07-06', FALSE);
INSERT INTO bookclub_reads (clubid, bookid, start_date, end_date, is_current) VALUES (63, 249, '2025-03-15', '2025-04-14', FALSE);

INSERT INTO bookclubs (clubid, name, description, creatorid) VALUES (64, 'Book Club 48', 'This is the description for Book Club 48.', 61);
INSERT INTO bookclub_members (clubid, userid) VALUES (64, 64);
INSERT INTO bookclub_members (clubid, userid) VALUES (64, 99);
INSERT INTO bookclub_members (clubid, userid) VALUES (64, 36);
INSERT INTO bookclub_members (clubid, userid) VALUES (64, 135);
INSERT INTO bookclub_members (clubid, userid) VALUES (64, 9);
INSERT INTO bookclub_members (clubid, userid) VALUES (64, 139);
INSERT INTO bookclub_members (clubid, userid) VALUES (64, 108);
INSERT INTO bookclub_members (clubid, userid) VALUES (64, 77);
INSERT INTO bookclub_members (clubid, userid) VALUES (64, 109);
INSERT INTO bookclub_members (clubid, userid) VALUES (64, 81);
INSERT INTO bookclub_members (clubid, userid) VALUES (64, 84);
INSERT INTO bookclub_members (clubid, userid) VALUES (64, 85);
INSERT INTO bookclub_members (clubid, userid) VALUES (64, 117);
INSERT INTO bookclub_members (clubid, userid) VALUES (64, 54);
INSERT INTO bookclub_members (clubid, userid) VALUES (64, 59);
INSERT INTO bookclub_members (clubid, userid) VALUES (64, 61);
INSERT INTO bookclub_members (clubid, userid) VALUES (64, 126);
INSERT INTO bookclub_reads (clubid, bookid, start_date, end_date, is_current) VALUES (64, 75, '2025-06-25', '2025-07-30', TRUE);
INSERT INTO bookclub_reads (clubid, bookid, start_date, end_date, is_current) VALUES (64, 18, '2025-07-05', '2025-07-30', TRUE);
INSERT INTO bookclub_reads (clubid, bookid, start_date, end_date, is_current) VALUES (64, 570, '2025-06-24', '2025-08-18', TRUE);
INSERT INTO bookclub_reads (clubid, bookid, start_date, end_date, is_current) VALUES (64, 394, '2025-04-26', '2025-05-26', FALSE);
INSERT INTO bookclub_reads (clubid, bookid, start_date, end_date, is_current) VALUES (64, 830, '2025-02-28', '2025-03-30', FALSE);
INSERT INTO bookclub_reads (clubid, bookid, start_date, end_date, is_current) VALUES (64, 117, '2025-03-26', '2025-04-25', FALSE);
INSERT INTO bookclub_reads (clubid, bookid, start_date, end_date, is_current) VALUES (64, 797, '2025-03-08', '2025-04-07', FALSE);
INSERT INTO bookclub_reads (clubid, bookid, start_date, end_date, is_current) VALUES (64, 289, '2025-04-06', '2025-05-06', FALSE);
INSERT INTO bookclub_reads (clubid, bookid, start_date, end_date, is_current) VALUES (64, 829, '2024-12-27', '2025-01-26', FALSE);
INSERT INTO bookclub_reads (clubid, bookid, start_date, end_date, is_current) VALUES (64, 408, '2025-03-26', '2025-04-25', FALSE);
INSERT INTO bookclub_reads (clubid, bookid, start_date, end_date, is_current) VALUES (64, 965, '2025-03-26', '2025-04-25', FALSE);
INSERT INTO bookclub_reads (clubid, bookid, start_date, end_date, is_current) VALUES (64, 71, '2025-05-10', '2025-06-09', FALSE);
INSERT INTO bookclub_reads (clubid, bookid, start_date, end_date, is_current) VALUES (64, 670, '2025-02-13', '2025-03-15', FALSE);

INSERT INTO bookclubs (clubid, name, description, creatorid) VALUES (65, 'Book Club 49', 'This is the description for Book Club 49.', 96);
INSERT INTO bookclub_members (clubid, userid) VALUES (65, 96);
INSERT INTO bookclub_members (clubid, userid) VALUES (65, 2);
INSERT INTO bookclub_members (clubid, userid) VALUES (65, 35);
INSERT INTO bookclub_members (clubid, userid) VALUES (65, 134);
INSERT INTO bookclub_members (clubid, userid) VALUES (65, 8);
INSERT INTO bookclub_members (clubid, userid) VALUES (65, 139);
INSERT INTO bookclub_members (clubid, userid) VALUES (65, 45);
INSERT INTO bookclub_members (clubid, userid) VALUES (65, 78);
INSERT INTO bookclub_members (clubid, userid) VALUES (65, 79);
INSERT INTO bookclub_members (clubid, userid) VALUES (65, 48);
INSERT INTO bookclub_members (clubid, userid) VALUES (65, 144);
INSERT INTO bookclub_members (clubid, userid) VALUES (65, 83);
INSERT INTO bookclub_members (clubid, userid) VALUES (65, 86);
INSERT INTO bookclub_members (clubid, userid) VALUES (65, 57);
INSERT INTO bookclub_members (clubid, userid) VALUES (65, 94);
INSERT INTO bookclub_reads (clubid, bookid, start_date, end_date, is_current) VALUES (65, 292, '2025-06-16', '2025-08-16', TRUE);
INSERT INTO bookclub_reads (clubid, bookid, start_date, end_date, is_current) VALUES (65, 157, '2025-07-01', '2025-07-23', TRUE);
INSERT INTO bookclub_reads (clubid, bookid, start_date, end_date, is_current) VALUES (65, 25, '2025-06-21', '2025-08-17', TRUE);
INSERT INTO bookclub_reads (clubid, bookid, start_date, end_date, is_current) VALUES (65, 969, '2025-03-24', '2025-04-23', FALSE);
INSERT INTO bookclub_reads (clubid, bookid, start_date, end_date, is_current) VALUES (65, 848, '2024-12-22', '2025-01-21', FALSE);
INSERT INTO bookclub_reads (clubid, bookid, start_date, end_date, is_current) VALUES (65, 426, '2025-05-09', '2025-06-08', FALSE);
INSERT INTO bookclub_reads (clubid, bookid, start_date, end_date, is_current) VALUES (65, 141, '2025-02-14', '2025-03-16', FALSE);
INSERT INTO bookclub_reads (clubid, bookid, start_date, end_date, is_current) VALUES (65, 67, '2025-04-21', '2025-05-21', FALSE);
INSERT INTO bookclub_reads (clubid, bookid, start_date, end_date, is_current) VALUES (65, 131, '2024-12-21', '2025-01-20', FALSE);
INSERT INTO bookclub_reads (clubid, bookid, start_date, end_date, is_current) VALUES (65, 902, '2025-04-26', '2025-05-26', FALSE);
INSERT INTO bookclub_reads (clubid, bookid, start_date, end_date, is_current) VALUES (65, 475, '2025-02-08', '2025-03-10', FALSE);
INSERT INTO bookclub_reads (clubid, bookid, start_date, end_date, is_current) VALUES (65, 53, '2025-02-26', '2025-03-28', FALSE);
INSERT INTO bookclub_reads (clubid, bookid, start_date, end_date, is_current) VALUES (65, 137, '2025-05-13', '2025-06-12', FALSE);
INSERT INTO bookclub_reads (clubid, bookid, start_date, end_date, is_current) VALUES (65, 177, '2025-01-18', '2025-02-17', FALSE);
INSERT INTO bookclub_reads (clubid, bookid, start_date, end_date, is_current) VALUES (65, 130, '2025-05-09', '2025-06-08', FALSE);
INSERT INTO bookclub_reads (clubid, bookid, start_date, end_date, is_current) VALUES (65, 55, '2024-12-22', '2025-01-21', FALSE);
INSERT INTO bookclub_reads (clubid, bookid, start_date, end_date, is_current) VALUES (65, 153, '2025-03-30', '2025-04-29', FALSE);
INSERT INTO bookclub_reads (clubid, bookid, start_date, end_date, is_current) VALUES (65, 27, '2025-01-06', '2025-02-05', FALSE);

INSERT INTO bookclubs (clubid, name, description, creatorid) VALUES (66, 'Book Club 50', 'This is the description for Book Club 50.', 65);
INSERT INTO bookclub_members (clubid, userid) VALUES (66, 64);
INSERT INTO bookclub_members (clubid, userid) VALUES (66, 65);
INSERT INTO bookclub_members (clubid, userid) VALUES (66, 131);
INSERT INTO bookclub_members (clubid, userid) VALUES (66, 133);
INSERT INTO bookclub_members (clubid, userid) VALUES (66, 138);
INSERT INTO bookclub_members (clubid, userid) VALUES (66, 76);
INSERT INTO bookclub_members (clubid, userid) VALUES (66, 81);
INSERT INTO bookclub_members (clubid, userid) VALUES (66, 18);
INSERT INTO bookclub_members (clubid, userid) VALUES (66, 153);
INSERT INTO bookclub_members (clubid, userid) VALUES (66, 124);
INSERT INTO bookclub_members (clubid, userid) VALUES (66, 125);
INSERT INTO bookclub_members (clubid, userid) VALUES (66, 31);
INSERT INTO bookclub_reads (clubid, bookid, start_date, end_date, is_current) VALUES (66, 826, '2025-06-24', '2025-08-07', TRUE);
INSERT INTO bookclub_reads (clubid, bookid, start_date, end_date, is_current) VALUES (66, 599, '2025-06-12', '2025-08-08', TRUE);
INSERT INTO bookclub_reads (clubid, bookid, start_date, end_date, is_current) VALUES (66, 698, '2025-04-22', '2025-05-22', FALSE);
INSERT INTO bookclub_reads (clubid, bookid, start_date, end_date, is_current) VALUES (66, 511, '2025-04-15', '2025-05-15', FALSE);
INSERT INTO bookclub_reads (clubid, bookid, start_date, end_date, is_current) VALUES (66, 477, '2025-03-28', '2025-04-27', FALSE);
INSERT INTO bookclub_reads (clubid, bookid, start_date, end_date, is_current) VALUES (66, 762, '2025-01-25', '2025-02-24', FALSE);
INSERT INTO bookclub_reads (clubid, bookid, start_date, end_date, is_current) VALUES (66, 34, '2024-12-20', '2025-01-19', FALSE);
INSERT INTO bookclub_reads (clubid, bookid, start_date, end_date, is_current) VALUES (66, 1099, '2024-12-23', '2025-01-22', FALSE);
INSERT INTO bookclub_reads (clubid, bookid, start_date, end_date, is_current) VALUES (66, 1068, '2025-04-12', '2025-05-12', FALSE);
INSERT INTO bookclub_reads (clubid, bookid, start_date, end_date, is_current) VALUES (66, 205, '2025-02-15', '2025-03-17', FALSE);
INSERT INTO bookclub_reads (clubid, bookid, start_date, end_date, is_current) VALUES (66, 85, '2025-03-07', '2025-04-06', FALSE);

INSERT INTO bookclubs (clubid, name, description, creatorid) VALUES (67, 'Book Club 51', 'This is the description for Book Club 51.', 124);
INSERT INTO bookclub_members (clubid, userid) VALUES (67, 96);
INSERT INTO bookclub_members (clubid, userid) VALUES (67, 129);
INSERT INTO bookclub_members (clubid, userid) VALUES (67, 65);
INSERT INTO bookclub_members (clubid, userid) VALUES (67, 67);
INSERT INTO bookclub_members (clubid, userid) VALUES (67, 71);
INSERT INTO bookclub_members (clubid, userid) VALUES (67, 41);
INSERT INTO bookclub_members (clubid, userid) VALUES (67, 10);
INSERT INTO bookclub_members (clubid, userid) VALUES (67, 9);
INSERT INTO bookclub_members (clubid, userid) VALUES (67, 143);
INSERT INTO bookclub_members (clubid, userid) VALUES (67, 114);
INSERT INTO bookclub_members (clubid, userid) VALUES (67, 85);
INSERT INTO bookclub_members (clubid, userid) VALUES (67, 25);
INSERT INTO bookclub_members (clubid, userid) VALUES (67, 90);
INSERT INTO bookclub_members (clubid, userid) VALUES (67, 124);
INSERT INTO bookclub_reads (clubid, bookid, start_date, end_date, is_current) VALUES (67, 298, '2025-06-19', '2025-08-16', TRUE);
INSERT INTO bookclub_reads (clubid, bookid, start_date, end_date, is_current) VALUES (67, 415, '2025-06-28', '2025-07-30', TRUE);
INSERT INTO bookclub_reads (clubid, bookid, start_date, end_date, is_current) VALUES (67, 524, '2025-05-05', '2025-06-04', FALSE);
INSERT INTO bookclub_reads (clubid, bookid, start_date, end_date, is_current) VALUES (67, 1078, '2025-05-18', '2025-06-17', FALSE);
INSERT INTO bookclub_reads (clubid, bookid, start_date, end_date, is_current) VALUES (67, 50, '2025-04-30', '2025-05-30', FALSE);
INSERT INTO bookclub_reads (clubid, bookid, start_date, end_date, is_current) VALUES (67, 670, '2025-02-24', '2025-03-26', FALSE);
INSERT INTO bookclub_reads (clubid, bookid, start_date, end_date, is_current) VALUES (67, 109, '2025-01-26', '2025-02-25', FALSE);
INSERT INTO bookclub_reads (clubid, bookid, start_date, end_date, is_current) VALUES (67, 106, '2025-03-07', '2025-04-06', FALSE);
INSERT INTO bookclub_reads (clubid, bookid, start_date, end_date, is_current) VALUES (67, 935, '2025-02-10', '2025-03-12', FALSE);
INSERT INTO bookclub_reads (clubid, bookid, start_date, end_date, is_current) VALUES (67, 122, '2025-04-24', '2025-05-24', FALSE);
INSERT INTO bookclub_reads (clubid, bookid, start_date, end_date, is_current) VALUES (67, 348, '2025-05-13', '2025-06-12', FALSE);
INSERT INTO bookclub_reads (clubid, bookid, start_date, end_date, is_current) VALUES (67, 902, '2025-02-05', '2025-03-07', FALSE);
INSERT INTO bookclub_reads (clubid, bookid, start_date, end_date, is_current) VALUES (67, 494, '2025-06-03', '2025-07-03', FALSE);
INSERT INTO bookclub_reads (clubid, bookid, start_date, end_date, is_current) VALUES (67, 703, '2025-05-05', '2025-06-04', FALSE);
INSERT INTO bookclub_reads (clubid, bookid, start_date, end_date, is_current) VALUES (67, 828, '2025-03-17', '2025-04-16', FALSE);

INSERT INTO bookclubs (clubid, name, description, creatorid) VALUES (68, 'Book Club 52', 'This is the description for Book Club 52.', 141);
INSERT INTO bookclub_members (clubid, userid) VALUES (68, 6);
INSERT INTO bookclub_members (clubid, userid) VALUES (68, 141);
INSERT INTO bookclub_members (clubid, userid) VALUES (68, 15);
INSERT INTO bookclub_members (clubid, userid) VALUES (68, 144);
INSERT INTO bookclub_members (clubid, userid) VALUES (68, 145);
INSERT INTO bookclub_members (clubid, userid) VALUES (68, 150);
INSERT INTO bookclub_members (clubid, userid) VALUES (68, 151);
INSERT INTO bookclub_members (clubid, userid) VALUES (68, 30);
INSERT INTO bookclub_members (clubid, userid) VALUES (68, 43);
INSERT INTO bookclub_members (clubid, userid) VALUES (68, 49);
INSERT INTO bookclub_members (clubid, userid) VALUES (68, 66);
INSERT INTO bookclub_members (clubid, userid) VALUES (68, 72);
INSERT INTO bookclub_members (clubid, userid) VALUES (68, 75);
INSERT INTO bookclub_members (clubid, userid) VALUES (68, 81);
INSERT INTO bookclub_members (clubid, userid) VALUES (68, 84);
INSERT INTO bookclub_members (clubid, userid) VALUES (68, 101);
INSERT INTO bookclub_members (clubid, userid) VALUES (68, 113);
INSERT INTO bookclub_members (clubid, userid) VALUES (68, 123);
INSERT INTO bookclub_members (clubid, userid) VALUES (68, 127);
INSERT INTO bookclub_reads (clubid, bookid, start_date, end_date, is_current) VALUES (68, 890, '2025-06-27', '2025-08-10', TRUE);
INSERT INTO bookclub_reads (clubid, bookid, start_date, end_date, is_current) VALUES (68, 165, '2025-01-24', '2025-02-23', FALSE);
INSERT INTO bookclub_reads (clubid, bookid, start_date, end_date, is_current) VALUES (68, 16, '2025-03-06', '2025-04-05', FALSE);
INSERT INTO bookclub_reads (clubid, bookid, start_date, end_date, is_current) VALUES (68, 871, '2025-02-03', '2025-03-05', FALSE);
INSERT INTO bookclub_reads (clubid, bookid, start_date, end_date, is_current) VALUES (68, 74, '2025-02-19', '2025-03-21', FALSE);
INSERT INTO bookclub_reads (clubid, bookid, start_date, end_date, is_current) VALUES (68, 656, '2025-06-05', '2025-07-05', FALSE);
INSERT INTO bookclub_reads (clubid, bookid, start_date, end_date, is_current) VALUES (68, 79, '2024-12-23', '2025-01-22', FALSE);
INSERT INTO bookclub_reads (clubid, bookid, start_date, end_date, is_current) VALUES (68, 415, '2025-03-23', '2025-04-22', FALSE);
INSERT INTO bookclub_reads (clubid, bookid, start_date, end_date, is_current) VALUES (68, 29, '2024-12-28', '2025-01-27', FALSE);
INSERT INTO bookclub_reads (clubid, bookid, start_date, end_date, is_current) VALUES (68, 466, '2025-01-24', '2025-02-23', FALSE);
INSERT INTO bookclub_reads (clubid, bookid, start_date, end_date, is_current) VALUES (68, 935, '2025-05-06', '2025-06-05', FALSE);

INSERT INTO bookclubs (clubid, name, description, creatorid) VALUES (69, 'Book Club 53', 'This is the description for Book Club 53.', 104);
INSERT INTO bookclub_members (clubid, userid) VALUES (69, 130);
INSERT INTO bookclub_members (clubid, userid) VALUES (69, 3);
INSERT INTO bookclub_members (clubid, userid) VALUES (69, 101);
INSERT INTO bookclub_members (clubid, userid) VALUES (69, 134);
INSERT INTO bookclub_members (clubid, userid) VALUES (69, 72);
INSERT INTO bookclub_members (clubid, userid) VALUES (69, 137);
INSERT INTO bookclub_members (clubid, userid) VALUES (69, 104);
INSERT INTO bookclub_members (clubid, userid) VALUES (69, 12);
INSERT INTO bookclub_members (clubid, userid) VALUES (69, 140);
INSERT INTO bookclub_members (clubid, userid) VALUES (69, 142);
INSERT INTO bookclub_members (clubid, userid) VALUES (69, 110);
INSERT INTO bookclub_members (clubid, userid) VALUES (69, 16);
INSERT INTO bookclub_members (clubid, userid) VALUES (69, 27);
INSERT INTO bookclub_members (clubid, userid) VALUES (69, 61);
INSERT INTO bookclub_members (clubid, userid) VALUES (69, 62);
INSERT INTO bookclub_reads (clubid, bookid, start_date, end_date, is_current) VALUES (69, 463, '2025-07-07', '2025-07-31', TRUE);
INSERT INTO bookclub_reads (clubid, bookid, start_date, end_date, is_current) VALUES (69, 639, '2025-07-03', '2025-07-28', TRUE);
INSERT INTO bookclub_reads (clubid, bookid, start_date, end_date, is_current) VALUES (69, 4, '2025-03-13', '2025-04-12', FALSE);
INSERT INTO bookclub_reads (clubid, bookid, start_date, end_date, is_current) VALUES (69, 385, '2024-12-28', '2025-01-27', FALSE);
INSERT INTO bookclub_reads (clubid, bookid, start_date, end_date, is_current) VALUES (69, 137, '2025-02-15', '2025-03-17', FALSE);
INSERT INTO bookclub_reads (clubid, bookid, start_date, end_date, is_current) VALUES (69, 205, '2025-04-20', '2025-05-20', FALSE);
INSERT INTO bookclub_reads (clubid, bookid, start_date, end_date, is_current) VALUES (69, 2, '2025-01-11', '2025-02-10', FALSE);
INSERT INTO bookclub_reads (clubid, bookid, start_date, end_date, is_current) VALUES (69, 865, '2025-05-09', '2025-06-08', FALSE);
INSERT INTO bookclub_reads (clubid, bookid, start_date, end_date, is_current) VALUES (69, 133, '2025-05-27', '2025-06-26', FALSE);
INSERT INTO bookclub_reads (clubid, bookid, start_date, end_date, is_current) VALUES (69, 377, '2025-01-08', '2025-02-07', FALSE);
INSERT INTO bookclub_reads (clubid, bookid, start_date, end_date, is_current) VALUES (69, 672, '2025-05-28', '2025-06-27', FALSE);
INSERT INTO bookclub_reads (clubid, bookid, start_date, end_date, is_current) VALUES (69, 933, '2025-02-17', '2025-03-19', FALSE);
INSERT INTO bookclub_reads (clubid, bookid, start_date, end_date, is_current) VALUES (69, 171, '2025-05-21', '2025-06-20', FALSE);
INSERT INTO bookclub_reads (clubid, bookid, start_date, end_date, is_current) VALUES (69, 9, '2024-12-29', '2025-01-28', FALSE);
INSERT INTO bookclub_reads (clubid, bookid, start_date, end_date, is_current) VALUES (69, 428, '2025-05-10', '2025-06-09', FALSE);
INSERT INTO bookclub_reads (clubid, bookid, start_date, end_date, is_current) VALUES (69, 333, '2025-04-04', '2025-05-04', FALSE);

INSERT INTO bookclubs (clubid, name, description, creatorid) VALUES (70, 'Book Club 54', 'This is the description for Book Club 54.', 73);
INSERT INTO bookclub_members (clubid, userid) VALUES (70, 96);
INSERT INTO bookclub_members (clubid, userid) VALUES (70, 130);
INSERT INTO bookclub_members (clubid, userid) VALUES (70, 135);
INSERT INTO bookclub_members (clubid, userid) VALUES (70, 137);
INSERT INTO bookclub_members (clubid, userid) VALUES (70, 9);
INSERT INTO bookclub_members (clubid, userid) VALUES (70, 74);
INSERT INTO bookclub_members (clubid, userid) VALUES (70, 73);
INSERT INTO bookclub_members (clubid, userid) VALUES (70, 13);
INSERT INTO bookclub_members (clubid, userid) VALUES (70, 79);
INSERT INTO bookclub_members (clubid, userid) VALUES (70, 113);
INSERT INTO bookclub_members (clubid, userid) VALUES (70, 18);
INSERT INTO bookclub_members (clubid, userid) VALUES (70, 122);
INSERT INTO bookclub_members (clubid, userid) VALUES (70, 124);
INSERT INTO bookclub_members (clubid, userid) VALUES (70, 63);
INSERT INTO bookclub_members (clubid, userid) VALUES (70, 62);
INSERT INTO bookclub_members (clubid, userid) VALUES (70, 31);
INSERT INTO bookclub_reads (clubid, bookid, start_date, end_date, is_current) VALUES (70, 10, '2025-07-02', '2025-07-31', TRUE);
INSERT INTO bookclub_reads (clubid, bookid, start_date, end_date, is_current) VALUES (70, 163, '2025-06-09', '2025-07-25', TRUE);
INSERT INTO bookclub_reads (clubid, bookid, start_date, end_date, is_current) VALUES (70, 537, '2025-06-13', '2025-07-31', TRUE);
INSERT INTO bookclub_reads (clubid, bookid, start_date, end_date, is_current) VALUES (70, 822, '2025-02-13', '2025-03-15', FALSE);
INSERT INTO bookclub_reads (clubid, bookid, start_date, end_date, is_current) VALUES (70, 762, '2025-03-04', '2025-04-03', FALSE);
INSERT INTO bookclub_reads (clubid, bookid, start_date, end_date, is_current) VALUES (70, 298, '2025-02-06', '2025-03-08', FALSE);
INSERT INTO bookclub_reads (clubid, bookid, start_date, end_date, is_current) VALUES (70, 152, '2025-01-30', '2025-03-01', FALSE);
INSERT INTO bookclub_reads (clubid, bookid, start_date, end_date, is_current) VALUES (70, 702, '2025-06-06', '2025-07-06', FALSE);
INSERT INTO bookclub_reads (clubid, bookid, start_date, end_date, is_current) VALUES (70, 29, '2025-01-08', '2025-02-07', FALSE);
INSERT INTO bookclub_reads (clubid, bookid, start_date, end_date, is_current) VALUES (70, 244, '2025-02-24', '2025-03-26', FALSE);
INSERT INTO bookclub_reads (clubid, bookid, start_date, end_date, is_current) VALUES (70, 139, '2025-02-05', '2025-03-07', FALSE);
INSERT INTO bookclub_reads (clubid, bookid, start_date, end_date, is_current) VALUES (70, 337, '2025-02-04', '2025-03-06', FALSE);
INSERT INTO bookclub_reads (clubid, bookid, start_date, end_date, is_current) VALUES (70, 977, '2025-03-14', '2025-04-13', FALSE);
INSERT INTO bookclub_reads (clubid, bookid, start_date, end_date, is_current) VALUES (70, 799, '2025-04-11', '2025-05-11', FALSE);
INSERT INTO bookclub_reads (clubid, bookid, start_date, end_date, is_current) VALUES (70, 900, '2025-03-17', '2025-04-16', FALSE);

INSERT INTO bookclubs (clubid, name, description, creatorid) VALUES (71, 'Book Club 55', 'This is the description for Book Club 55.', 112);
INSERT INTO bookclub_members (clubid, userid) VALUES (71, 66);
INSERT INTO bookclub_members (clubid, userid) VALUES (71, 6);
INSERT INTO bookclub_members (clubid, userid) VALUES (71, 137);
INSERT INTO bookclub_members (clubid, userid) VALUES (71, 107);
INSERT INTO bookclub_members (clubid, userid) VALUES (71, 112);
INSERT INTO bookclub_members (clubid, userid) VALUES (71, 62);
INSERT INTO bookclub_members (clubid, userid) VALUES (71, 94);
INSERT INTO bookclub_reads (clubid, bookid, start_date, end_date, is_current) VALUES (71, 1022, '2025-07-02', '2025-07-22', TRUE);
INSERT INTO bookclub_reads (clubid, bookid, start_date, end_date, is_current) VALUES (71, 333, '2025-06-27', '2025-08-04', TRUE);
INSERT INTO bookclub_reads (clubid, bookid, start_date, end_date, is_current) VALUES (71, 828, '2025-05-29', '2025-06-28', FALSE);
INSERT INTO bookclub_reads (clubid, bookid, start_date, end_date, is_current) VALUES (71, 53, '2025-05-10', '2025-06-09', FALSE);
INSERT INTO bookclub_reads (clubid, bookid, start_date, end_date, is_current) VALUES (71, 955, '2025-01-25', '2025-02-24', FALSE);
INSERT INTO bookclub_reads (clubid, bookid, start_date, end_date, is_current) VALUES (71, 50, '2025-04-05', '2025-05-05', FALSE);
INSERT INTO bookclub_reads (clubid, bookid, start_date, end_date, is_current) VALUES (71, 824, '2025-04-15', '2025-05-15', FALSE);
INSERT INTO bookclub_reads (clubid, bookid, start_date, end_date, is_current) VALUES (71, 129, '2025-02-04', '2025-03-06', FALSE);
INSERT INTO bookclub_reads (clubid, bookid, start_date, end_date, is_current) VALUES (71, 80, '2025-05-21', '2025-06-20', FALSE);
INSERT INTO bookclub_reads (clubid, bookid, start_date, end_date, is_current) VALUES (71, 24, '2024-12-09', '2025-01-08', FALSE);
INSERT INTO bookclub_reads (clubid, bookid, start_date, end_date, is_current) VALUES (71, 90, '2025-04-07', '2025-05-07', FALSE);

INSERT INTO bookclubs (clubid, name, description, creatorid) VALUES (72, 'Book Club 56', 'This is the description for Book Club 56.', 89);
INSERT INTO bookclub_members (clubid, userid) VALUES (72, 33);
INSERT INTO bookclub_members (clubid, userid) VALUES (72, 99);
INSERT INTO bookclub_members (clubid, userid) VALUES (72, 39);
INSERT INTO bookclub_members (clubid, userid) VALUES (72, 135);
INSERT INTO bookclub_members (clubid, userid) VALUES (72, 82);
INSERT INTO bookclub_members (clubid, userid) VALUES (72, 89);
INSERT INTO bookclub_reads (clubid, bookid, start_date, end_date, is_current) VALUES (72, 663, '2025-07-01', '2025-08-02', TRUE);
INSERT INTO bookclub_reads (clubid, bookid, start_date, end_date, is_current) VALUES (72, 80, '2025-06-16', '2025-08-16', TRUE);
INSERT INTO bookclub_reads (clubid, bookid, start_date, end_date, is_current) VALUES (72, 570, '2025-06-28', '2025-08-19', TRUE);
INSERT INTO bookclub_reads (clubid, bookid, start_date, end_date, is_current) VALUES (72, 277, '2025-05-08', '2025-06-07', FALSE);
INSERT INTO bookclub_reads (clubid, bookid, start_date, end_date, is_current) VALUES (72, 538, '2025-01-07', '2025-02-06', FALSE);
INSERT INTO bookclub_reads (clubid, bookid, start_date, end_date, is_current) VALUES (72, 355, '2024-12-16', '2025-01-15', FALSE);
INSERT INTO bookclub_reads (clubid, bookid, start_date, end_date, is_current) VALUES (72, 941, '2025-04-14', '2025-05-14', FALSE);
INSERT INTO bookclub_reads (clubid, bookid, start_date, end_date, is_current) VALUES (72, 105, '2025-03-23', '2025-04-22', FALSE);
INSERT INTO bookclub_reads (clubid, bookid, start_date, end_date, is_current) VALUES (72, 421, '2025-04-30', '2025-05-30', FALSE);
INSERT INTO bookclub_reads (clubid, bookid, start_date, end_date, is_current) VALUES (72, 1053, '2025-05-09', '2025-06-08', FALSE);
INSERT INTO bookclub_reads (clubid, bookid, start_date, end_date, is_current) VALUES (72, 357, '2025-05-04', '2025-06-03', FALSE);
INSERT INTO bookclub_reads (clubid, bookid, start_date, end_date, is_current) VALUES (72, 66, '2025-02-01', '2025-03-03', FALSE);
INSERT INTO bookclub_reads (clubid, bookid, start_date, end_date, is_current) VALUES (72, 155, '2025-02-12', '2025-03-14', FALSE);
INSERT INTO bookclub_reads (clubid, bookid, start_date, end_date, is_current) VALUES (72, 670, '2025-04-22', '2025-05-22', FALSE);
INSERT INTO bookclub_reads (clubid, bookid, start_date, end_date, is_current) VALUES (72, 98, '2024-12-29', '2025-01-28', FALSE);
INSERT INTO bookclub_reads (clubid, bookid, start_date, end_date, is_current) VALUES (72, 531, '2025-01-27', '2025-02-26', FALSE);

INSERT INTO bookclubs (clubid, name, description, creatorid) VALUES (73, 'Book Club 57', 'This is the description for Book Club 57.', 51);
INSERT INTO bookclub_members (clubid, userid) VALUES (73, 33);
INSERT INTO bookclub_members (clubid, userid) VALUES (73, 67);
INSERT INTO bookclub_members (clubid, userid) VALUES (73, 73);
INSERT INTO bookclub_members (clubid, userid) VALUES (73, 106);
INSERT INTO bookclub_members (clubid, userid) VALUES (73, 42);
INSERT INTO bookclub_members (clubid, userid) VALUES (73, 45);
INSERT INTO bookclub_members (clubid, userid) VALUES (73, 13);
INSERT INTO bookclub_members (clubid, userid) VALUES (73, 47);
INSERT INTO bookclub_members (clubid, userid) VALUES (73, 15);
INSERT INTO bookclub_members (clubid, userid) VALUES (73, 17);
INSERT INTO bookclub_members (clubid, userid) VALUES (73, 51);
INSERT INTO bookclub_members (clubid, userid) VALUES (73, 125);
INSERT INTO bookclub_members (clubid, userid) VALUES (73, 62);
INSERT INTO bookclub_reads (clubid, bookid, start_date, end_date, is_current) VALUES (73, 1097, '2025-06-20', '2025-08-07', TRUE);
INSERT INTO bookclub_reads (clubid, bookid, start_date, end_date, is_current) VALUES (73, 764, '2025-04-29', '2025-05-29', FALSE);
INSERT INTO bookclub_reads (clubid, bookid, start_date, end_date, is_current) VALUES (73, 466, '2025-03-27', '2025-04-26', FALSE);
INSERT INTO bookclub_reads (clubid, bookid, start_date, end_date, is_current) VALUES (73, 181, '2025-05-01', '2025-05-31', FALSE);
INSERT INTO bookclub_reads (clubid, bookid, start_date, end_date, is_current) VALUES (73, 412, '2025-05-31', '2025-06-30', FALSE);
INSERT INTO bookclub_reads (clubid, bookid, start_date, end_date, is_current) VALUES (73, 965, '2024-12-31', '2025-01-30', FALSE);
INSERT INTO bookclub_reads (clubid, bookid, start_date, end_date, is_current) VALUES (73, 348, '2025-05-30', '2025-06-29', FALSE);
INSERT INTO bookclub_reads (clubid, bookid, start_date, end_date, is_current) VALUES (73, 902, '2025-01-10', '2025-02-09', FALSE);
INSERT INTO bookclub_reads (clubid, bookid, start_date, end_date, is_current) VALUES (73, 205, '2025-02-03', '2025-03-05', FALSE);
INSERT INTO bookclub_reads (clubid, bookid, start_date, end_date, is_current) VALUES (73, 537, '2025-05-12', '2025-06-11', FALSE);
INSERT INTO bookclub_reads (clubid, bookid, start_date, end_date, is_current) VALUES (73, 129, '2025-01-13', '2025-02-12', FALSE);
INSERT INTO bookclub_reads (clubid, bookid, start_date, end_date, is_current) VALUES (73, 16, '2025-01-13', '2025-02-12', FALSE);
INSERT INTO bookclub_reads (clubid, bookid, start_date, end_date, is_current) VALUES (73, 977, '2025-05-05', '2025-06-04', FALSE);

INSERT INTO bookclubs (clubid, name, description, creatorid) VALUES (74, 'Book Club 58', 'This is the description for Book Club 58.', 66);
INSERT INTO bookclub_members (clubid, userid) VALUES (74, 32);
INSERT INTO bookclub_members (clubid, userid) VALUES (74, 66);
INSERT INTO bookclub_members (clubid, userid) VALUES (74, 99);
INSERT INTO bookclub_members (clubid, userid) VALUES (74, 108);
INSERT INTO bookclub_members (clubid, userid) VALUES (74, 92);
INSERT INTO bookclub_members (clubid, userid) VALUES (74, 61);
INSERT INTO bookclub_reads (clubid, bookid, start_date, end_date, is_current) VALUES (74, 650, '2025-06-12', '2025-08-06', TRUE);
INSERT INTO bookclub_reads (clubid, bookid, start_date, end_date, is_current) VALUES (74, 177, '2024-12-09', '2025-01-08', FALSE);
INSERT INTO bookclub_reads (clubid, bookid, start_date, end_date, is_current) VALUES (74, 658, '2025-05-15', '2025-06-14', FALSE);
INSERT INTO bookclub_reads (clubid, bookid, start_date, end_date, is_current) VALUES (74, 1073, '2025-04-04', '2025-05-04', FALSE);
INSERT INTO bookclub_reads (clubid, bookid, start_date, end_date, is_current) VALUES (74, 764, '2025-04-07', '2025-05-07', FALSE);
INSERT INTO bookclub_reads (clubid, bookid, start_date, end_date, is_current) VALUES (74, 418, '2024-12-20', '2025-01-19', FALSE);
INSERT INTO bookclub_reads (clubid, bookid, start_date, end_date, is_current) VALUES (74, 888, '2025-03-14', '2025-04-13', FALSE);
INSERT INTO bookclub_reads (clubid, bookid, start_date, end_date, is_current) VALUES (74, 109, '2025-04-12', '2025-05-12', FALSE);
INSERT INTO bookclub_reads (clubid, bookid, start_date, end_date, is_current) VALUES (74, 453, '2025-01-04', '2025-02-03', FALSE);
INSERT INTO bookclub_reads (clubid, bookid, start_date, end_date, is_current) VALUES (74, 37, '2025-03-17', '2025-04-16', FALSE);
INSERT INTO bookclub_reads (clubid, bookid, start_date, end_date, is_current) VALUES (74, 18, '2024-12-09', '2025-01-08', FALSE);
INSERT INTO bookclub_reads (clubid, bookid, start_date, end_date, is_current) VALUES (74, 933, '2025-01-06', '2025-02-05', FALSE);
INSERT INTO bookclub_reads (clubid, bookid, start_date, end_date, is_current) VALUES (74, 160, '2025-01-28', '2025-02-27', FALSE);

INSERT INTO bookclubs (clubid, name, description, creatorid) VALUES (75, 'Book Club 59', 'This is the description for Book Club 59.', 124);
INSERT INTO bookclub_members (clubid, userid) VALUES (75, 1);
INSERT INTO bookclub_members (clubid, userid) VALUES (75, 67);
INSERT INTO bookclub_members (clubid, userid) VALUES (75, 134);
INSERT INTO bookclub_members (clubid, userid) VALUES (75, 38);
INSERT INTO bookclub_members (clubid, userid) VALUES (75, 51);
INSERT INTO bookclub_members (clubid, userid) VALUES (75, 54);
INSERT INTO bookclub_members (clubid, userid) VALUES (75, 90);
INSERT INTO bookclub_members (clubid, userid) VALUES (75, 124);
INSERT INTO bookclub_reads (clubid, bookid, start_date, end_date, is_current) VALUES (75, 523, '2025-06-20', '2025-07-23', TRUE);
INSERT INTO bookclub_reads (clubid, bookid, start_date, end_date, is_current) VALUES (75, 79, '2024-12-17', '2025-01-16', FALSE);
INSERT INTO bookclub_reads (clubid, bookid, start_date, end_date, is_current) VALUES (75, 27, '2025-04-25', '2025-05-25', FALSE);
INSERT INTO bookclub_reads (clubid, bookid, start_date, end_date, is_current) VALUES (75, 292, '2025-03-28', '2025-04-27', FALSE);
INSERT INTO bookclub_reads (clubid, bookid, start_date, end_date, is_current) VALUES (75, 570, '2025-05-30', '2025-06-29', FALSE);
INSERT INTO bookclub_reads (clubid, bookid, start_date, end_date, is_current) VALUES (75, 207, '2025-05-17', '2025-06-16', FALSE);
INSERT INTO bookclub_reads (clubid, bookid, start_date, end_date, is_current) VALUES (75, 132, '2025-02-26', '2025-03-28', FALSE);
INSERT INTO bookclub_reads (clubid, bookid, start_date, end_date, is_current) VALUES (75, 824, '2025-04-20', '2025-05-20', FALSE);
INSERT INTO bookclub_reads (clubid, bookid, start_date, end_date, is_current) VALUES (75, 2, '2025-03-18', '2025-04-17', FALSE);
INSERT INTO bookclub_reads (clubid, bookid, start_date, end_date, is_current) VALUES (75, 25, '2025-05-11', '2025-06-10', FALSE);
INSERT INTO bookclub_reads (clubid, bookid, start_date, end_date, is_current) VALUES (75, 980, '2025-01-08', '2025-02-07', FALSE);
INSERT INTO bookclub_reads (clubid, bookid, start_date, end_date, is_current) VALUES (75, 216, '2024-12-26', '2025-01-25', FALSE);
INSERT INTO bookclub_reads (clubid, bookid, start_date, end_date, is_current) VALUES (75, 348, '2025-02-18', '2025-03-20', FALSE);
INSERT INTO bookclub_reads (clubid, bookid, start_date, end_date, is_current) VALUES (75, 968, '2025-02-03', '2025-03-05', FALSE);
INSERT INTO bookclub_reads (clubid, bookid, start_date, end_date, is_current) VALUES (75, 955, '2024-12-29', '2025-01-28', FALSE);

INSERT INTO bookclubs (clubid, name, description, creatorid) VALUES (76, 'Book Club 60', 'This is the description for Book Club 60.', 80);
INSERT INTO bookclub_members (clubid, userid) VALUES (76, 32);
INSERT INTO bookclub_members (clubid, userid) VALUES (76, 1);
INSERT INTO bookclub_members (clubid, userid) VALUES (76, 33);
INSERT INTO bookclub_members (clubid, userid) VALUES (76, 35);
INSERT INTO bookclub_members (clubid, userid) VALUES (76, 100);
INSERT INTO bookclub_members (clubid, userid) VALUES (76, 67);
INSERT INTO bookclub_members (clubid, userid) VALUES (76, 134);
INSERT INTO bookclub_members (clubid, userid) VALUES (76, 75);
INSERT INTO bookclub_members (clubid, userid) VALUES (76, 80);
INSERT INTO bookclub_members (clubid, userid) VALUES (76, 17);
INSERT INTO bookclub_members (clubid, userid) VALUES (76, 49);
INSERT INTO bookclub_members (clubid, userid) VALUES (76, 116);
INSERT INTO bookclub_members (clubid, userid) VALUES (76, 84);
INSERT INTO bookclub_members (clubid, userid) VALUES (76, 90);
INSERT INTO bookclub_members (clubid, userid) VALUES (76, 28);
INSERT INTO bookclub_members (clubid, userid) VALUES (76, 125);
INSERT INTO bookclub_reads (clubid, bookid, start_date, end_date, is_current) VALUES (76, 672, '2025-06-24', '2025-07-22', TRUE);
INSERT INTO bookclub_reads (clubid, bookid, start_date, end_date, is_current) VALUES (76, 868, '2025-06-25', '2025-08-01', TRUE);
INSERT INTO bookclub_reads (clubid, bookid, start_date, end_date, is_current) VALUES (76, 81, '2025-05-25', '2025-06-24', FALSE);
INSERT INTO bookclub_reads (clubid, bookid, start_date, end_date, is_current) VALUES (76, 866, '2025-04-25', '2025-05-25', FALSE);
INSERT INTO bookclub_reads (clubid, bookid, start_date, end_date, is_current) VALUES (76, 53, '2025-01-03', '2025-02-02', FALSE);
INSERT INTO bookclub_reads (clubid, bookid, start_date, end_date, is_current) VALUES (76, 77, '2024-12-13', '2025-01-12', FALSE);
INSERT INTO bookclub_reads (clubid, bookid, start_date, end_date, is_current) VALUES (76, 539, '2025-01-10', '2025-02-09', FALSE);
INSERT INTO bookclub_reads (clubid, bookid, start_date, end_date, is_current) VALUES (76, 130, '2025-02-14', '2025-03-16', FALSE);
INSERT INTO bookclub_reads (clubid, bookid, start_date, end_date, is_current) VALUES (76, 821, '2025-01-19', '2025-02-18', FALSE);
INSERT INTO bookclub_reads (clubid, bookid, start_date, end_date, is_current) VALUES (76, 204, '2025-01-31', '2025-03-02', FALSE);
INSERT INTO bookclub_reads (clubid, bookid, start_date, end_date, is_current) VALUES (76, 669, '2025-04-28', '2025-05-28', FALSE);

INSERT INTO bookclubs (clubid, name, description, creatorid) VALUES (77, 'Book Club 61', 'This is the description for Book Club 61.', 43);
INSERT INTO bookclub_members (clubid, userid) VALUES (77, 65);
INSERT INTO bookclub_members (clubid, userid) VALUES (77, 101);
INSERT INTO bookclub_members (clubid, userid) VALUES (77, 73);
INSERT INTO bookclub_members (clubid, userid) VALUES (77, 138);
INSERT INTO bookclub_members (clubid, userid) VALUES (77, 43);
INSERT INTO bookclub_members (clubid, userid) VALUES (77, 47);
INSERT INTO bookclub_members (clubid, userid) VALUES (77, 143);
INSERT INTO bookclub_members (clubid, userid) VALUES (77, 54);
INSERT INTO bookclub_members (clubid, userid) VALUES (77, 152);
INSERT INTO bookclub_members (clubid, userid) VALUES (77, 25);
INSERT INTO bookclub_members (clubid, userid) VALUES (77, 125);
INSERT INTO bookclub_members (clubid, userid) VALUES (77, 95);
INSERT INTO bookclub_reads (clubid, bookid, start_date, end_date, is_current) VALUES (77, 454, '2025-06-17', '2025-07-29', TRUE);
INSERT INTO bookclub_reads (clubid, bookid, start_date, end_date, is_current) VALUES (77, 668, '2024-12-11', '2025-01-10', FALSE);
INSERT INTO bookclub_reads (clubid, bookid, start_date, end_date, is_current) VALUES (77, 66, '2025-04-21', '2025-05-21', FALSE);
INSERT INTO bookclub_reads (clubid, bookid, start_date, end_date, is_current) VALUES (77, 972, '2025-01-26', '2025-02-25', FALSE);
INSERT INTO bookclub_reads (clubid, bookid, start_date, end_date, is_current) VALUES (77, 707, '2024-12-27', '2025-01-26', FALSE);
INSERT INTO bookclub_reads (clubid, bookid, start_date, end_date, is_current) VALUES (77, 362, '2024-12-27', '2025-01-26', FALSE);

INSERT INTO bookclubs (clubid, name, description, creatorid) VALUES (78, 'Book Club 62', 'This is the description for Book Club 62.', 96);
INSERT INTO bookclub_members (clubid, userid) VALUES (78, 128);
INSERT INTO bookclub_members (clubid, userid) VALUES (78, 136);
INSERT INTO bookclub_members (clubid, userid) VALUES (78, 139);
INSERT INTO bookclub_members (clubid, userid) VALUES (78, 142);
INSERT INTO bookclub_members (clubid, userid) VALUES (78, 18);
INSERT INTO bookclub_members (clubid, userid) VALUES (78, 149);
INSERT INTO bookclub_members (clubid, userid) VALUES (78, 150);
INSERT INTO bookclub_members (clubid, userid) VALUES (78, 31);
INSERT INTO bookclub_members (clubid, userid) VALUES (78, 42);
INSERT INTO bookclub_members (clubid, userid) VALUES (78, 49);
INSERT INTO bookclub_members (clubid, userid) VALUES (78, 52);
INSERT INTO bookclub_members (clubid, userid) VALUES (78, 62);
INSERT INTO bookclub_members (clubid, userid) VALUES (78, 70);
INSERT INTO bookclub_members (clubid, userid) VALUES (78, 71);
INSERT INTO bookclub_members (clubid, userid) VALUES (78, 80);
INSERT INTO bookclub_members (clubid, userid) VALUES (78, 86);
INSERT INTO bookclub_members (clubid, userid) VALUES (78, 96);
INSERT INTO bookclub_members (clubid, userid) VALUES (78, 101);
INSERT INTO bookclub_members (clubid, userid) VALUES (78, 104);
INSERT INTO bookclub_members (clubid, userid) VALUES (78, 106);
INSERT INTO bookclub_reads (clubid, bookid, start_date, end_date, is_current) VALUES (78, 662, '2025-06-13', '2025-08-20', TRUE);
INSERT INTO bookclub_reads (clubid, bookid, start_date, end_date, is_current) VALUES (78, 57, '2025-07-06', '2025-07-27', TRUE);
INSERT INTO bookclub_reads (clubid, bookid, start_date, end_date, is_current) VALUES (78, 1097, '2025-06-18', '2025-08-02', TRUE);
INSERT INTO bookclub_reads (clubid, bookid, start_date, end_date, is_current) VALUES (78, 66, '2024-12-14', '2025-01-13', FALSE);
INSERT INTO bookclub_reads (clubid, bookid, start_date, end_date, is_current) VALUES (78, 456, '2025-03-16', '2025-04-15', FALSE);
INSERT INTO bookclub_reads (clubid, bookid, start_date, end_date, is_current) VALUES (78, 432, '2024-12-30', '2025-01-29', FALSE);
INSERT INTO bookclub_reads (clubid, bookid, start_date, end_date, is_current) VALUES (78, 828, '2025-06-01', '2025-07-01', FALSE);
INSERT INTO bookclub_reads (clubid, bookid, start_date, end_date, is_current) VALUES (78, 966, '2025-05-02', '2025-06-01', FALSE);
INSERT INTO bookclub_reads (clubid, bookid, start_date, end_date, is_current) VALUES (78, 135, '2025-01-19', '2025-02-18', FALSE);
INSERT INTO bookclub_reads (clubid, bookid, start_date, end_date, is_current) VALUES (78, 822, '2025-05-24', '2025-06-23', FALSE);

INSERT INTO bookclubs (clubid, name, description, creatorid) VALUES (79, 'Book Club 63', 'This is the description for Book Club 63.', 54);
INSERT INTO bookclub_members (clubid, userid) VALUES (79, 38);
INSERT INTO bookclub_members (clubid, userid) VALUES (79, 6);
INSERT INTO bookclub_members (clubid, userid) VALUES (79, 43);
INSERT INTO bookclub_members (clubid, userid) VALUES (79, 111);
INSERT INTO bookclub_members (clubid, userid) VALUES (79, 85);
INSERT INTO bookclub_members (clubid, userid) VALUES (79, 54);
INSERT INTO bookclub_members (clubid, userid) VALUES (79, 87);
INSERT INTO bookclub_members (clubid, userid) VALUES (79, 122);
INSERT INTO bookclub_members (clubid, userid) VALUES (79, 124);
INSERT INTO bookclub_members (clubid, userid) VALUES (79, 31);
INSERT INTO bookclub_reads (clubid, bookid, start_date, end_date, is_current) VALUES (79, 45, '2025-06-27', '2025-08-01', TRUE);
INSERT INTO bookclub_reads (clubid, bookid, start_date, end_date, is_current) VALUES (79, 76, '2025-07-04', '2025-08-14', TRUE);
INSERT INTO bookclub_reads (clubid, bookid, start_date, end_date, is_current) VALUES (79, 180, '2025-06-19', '2025-08-04', TRUE);
INSERT INTO bookclub_reads (clubid, bookid, start_date, end_date, is_current) VALUES (79, 252, '2025-01-12', '2025-02-11', FALSE);
INSERT INTO bookclub_reads (clubid, bookid, start_date, end_date, is_current) VALUES (79, 147, '2025-03-22', '2025-04-21', FALSE);
INSERT INTO bookclub_reads (clubid, bookid, start_date, end_date, is_current) VALUES (79, 356, '2025-04-22', '2025-05-22', FALSE);
INSERT INTO bookclub_reads (clubid, bookid, start_date, end_date, is_current) VALUES (79, 68, '2025-01-22', '2025-02-21', FALSE);
INSERT INTO bookclub_reads (clubid, bookid, start_date, end_date, is_current) VALUES (79, 434, '2025-05-15', '2025-06-14', FALSE);
INSERT INTO bookclub_reads (clubid, bookid, start_date, end_date, is_current) VALUES (79, 295, '2025-02-10', '2025-03-12', FALSE);
INSERT INTO bookclub_reads (clubid, bookid, start_date, end_date, is_current) VALUES (79, 109, '2025-02-05', '2025-03-07', FALSE);
INSERT INTO bookclub_reads (clubid, bookid, start_date, end_date, is_current) VALUES (79, 972, '2025-03-27', '2025-04-26', FALSE);
INSERT INTO bookclub_reads (clubid, bookid, start_date, end_date, is_current) VALUES (79, 763, '2025-02-18', '2025-03-20', FALSE);

INSERT INTO bookclubs (clubid, name, description, creatorid) VALUES (80, 'Book Club 64', 'This is the description for Book Club 64.', 67);
INSERT INTO bookclub_members (clubid, userid) VALUES (80, 32);
INSERT INTO bookclub_members (clubid, userid) VALUES (80, 67);
INSERT INTO bookclub_members (clubid, userid) VALUES (80, 42);
INSERT INTO bookclub_members (clubid, userid) VALUES (80, 76);
INSERT INTO bookclub_members (clubid, userid) VALUES (80, 140);
INSERT INTO bookclub_members (clubid, userid) VALUES (80, 46);
INSERT INTO bookclub_members (clubid, userid) VALUES (80, 143);
INSERT INTO bookclub_members (clubid, userid) VALUES (80, 81);
INSERT INTO bookclub_members (clubid, userid) VALUES (80, 50);
INSERT INTO bookclub_members (clubid, userid) VALUES (80, 145);
INSERT INTO bookclub_members (clubid, userid) VALUES (80, 154);
INSERT INTO bookclub_members (clubid, userid) VALUES (80, 28);
INSERT INTO bookclub_reads (clubid, bookid, start_date, end_date, is_current) VALUES (80, 92, '2025-07-05', '2025-08-10', TRUE);
INSERT INTO bookclub_reads (clubid, bookid, start_date, end_date, is_current) VALUES (80, 932, '2025-02-11', '2025-03-13', FALSE);
INSERT INTO bookclub_reads (clubid, bookid, start_date, end_date, is_current) VALUES (80, 355, '2025-05-24', '2025-06-23', FALSE);
INSERT INTO bookclub_reads (clubid, bookid, start_date, end_date, is_current) VALUES (80, 418, '2025-05-03', '2025-06-02', FALSE);
INSERT INTO bookclub_reads (clubid, bookid, start_date, end_date, is_current) VALUES (80, 290, '2025-04-10', '2025-05-10', FALSE);
INSERT INTO bookclub_reads (clubid, bookid, start_date, end_date, is_current) VALUES (80, 969, '2025-01-06', '2025-02-05', FALSE);
INSERT INTO bookclub_reads (clubid, bookid, start_date, end_date, is_current) VALUES (80, 76, '2025-03-11', '2025-04-10', FALSE);
INSERT INTO bookclub_reads (clubid, bookid, start_date, end_date, is_current) VALUES (80, 629, '2024-12-28', '2025-01-27', FALSE);
INSERT INTO bookclub_reads (clubid, bookid, start_date, end_date, is_current) VALUES (80, 180, '2025-02-25', '2025-03-27', FALSE);
INSERT INTO bookclub_reads (clubid, bookid, start_date, end_date, is_current) VALUES (80, 1099, '2025-05-09', '2025-06-08', FALSE);
INSERT INTO bookclub_reads (clubid, bookid, start_date, end_date, is_current) VALUES (80, 667, '2025-04-01', '2025-05-01', FALSE);
INSERT INTO bookclub_reads (clubid, bookid, start_date, end_date, is_current) VALUES (80, 421, '2025-04-09', '2025-05-09', FALSE);
INSERT INTO bookclub_reads (clubid, bookid, start_date, end_date, is_current) VALUES (80, 1067, '2025-04-27', '2025-05-27', FALSE);
INSERT INTO bookclub_reads (clubid, bookid, start_date, end_date, is_current) VALUES (80, 332, '2025-03-19', '2025-04-18', FALSE);
INSERT INTO bookclub_reads (clubid, bookid, start_date, end_date, is_current) VALUES (80, 109, '2025-04-01', '2025-05-01', FALSE);

INSERT INTO bookclubs (clubid, name, description, creatorid) VALUES (81, 'Book Club 65', 'This is the description for Book Club 65.', 139);
INSERT INTO bookclub_members (clubid, userid) VALUES (81, 97);
INSERT INTO bookclub_members (clubid, userid) VALUES (81, 131);
INSERT INTO bookclub_members (clubid, userid) VALUES (81, 5);
INSERT INTO bookclub_members (clubid, userid) VALUES (81, 8);
INSERT INTO bookclub_members (clubid, userid) VALUES (81, 11);
INSERT INTO bookclub_members (clubid, userid) VALUES (81, 139);
INSERT INTO bookclub_members (clubid, userid) VALUES (81, 49);
INSERT INTO bookclub_reads (clubid, bookid, start_date, end_date, is_current) VALUES (81, 90, '2025-07-07', '2025-07-23', TRUE);
INSERT INTO bookclub_reads (clubid, bookid, start_date, end_date, is_current) VALUES (81, 147, '2025-06-08', '2025-08-09', TRUE);
INSERT INTO bookclub_reads (clubid, bookid, start_date, end_date, is_current) VALUES (81, 83, '2025-07-07', '2025-07-28', TRUE);
INSERT INTO bookclub_reads (clubid, bookid, start_date, end_date, is_current) VALUES (81, 269, '2025-02-16', '2025-03-18', FALSE);
INSERT INTO bookclub_reads (clubid, bookid, start_date, end_date, is_current) VALUES (81, 980, '2025-05-22', '2025-06-21', FALSE);
INSERT INTO bookclub_reads (clubid, bookid, start_date, end_date, is_current) VALUES (81, 205, '2025-05-26', '2025-06-25', FALSE);
INSERT INTO bookclub_reads (clubid, bookid, start_date, end_date, is_current) VALUES (81, 890, '2025-05-18', '2025-06-17', FALSE);
INSERT INTO bookclub_reads (clubid, bookid, start_date, end_date, is_current) VALUES (81, 230, '2025-02-12', '2025-03-14', FALSE);
INSERT INTO bookclub_reads (clubid, bookid, start_date, end_date, is_current) VALUES (81, 824, '2025-01-30', '2025-03-01', FALSE);

INSERT INTO bookclubs (clubid, name, description, creatorid) VALUES (82, 'Book Club 66', 'This is the description for Book Club 66.', 64);
INSERT INTO bookclub_members (clubid, userid) VALUES (82, 64);
INSERT INTO bookclub_members (clubid, userid) VALUES (82, 102);
INSERT INTO bookclub_members (clubid, userid) VALUES (82, 110);
INSERT INTO bookclub_members (clubid, userid) VALUES (82, 145);
INSERT INTO bookclub_members (clubid, userid) VALUES (82, 123);
INSERT INTO bookclub_reads (clubid, bookid, start_date, end_date, is_current) VALUES (82, 766, '2025-06-15', '2025-07-22', TRUE);
INSERT INTO bookclub_reads (clubid, bookid, start_date, end_date, is_current) VALUES (82, 966, '2025-06-27', '2025-08-01', TRUE);
INSERT INTO bookclub_reads (clubid, bookid, start_date, end_date, is_current) VALUES (82, 762, '2025-06-09', '2025-07-29', TRUE);
INSERT INTO bookclub_reads (clubid, bookid, start_date, end_date, is_current) VALUES (82, 250, '2025-04-22', '2025-05-22', FALSE);
INSERT INTO bookclub_reads (clubid, bookid, start_date, end_date, is_current) VALUES (82, 377, '2025-02-21', '2025-03-23', FALSE);
INSERT INTO bookclub_reads (clubid, bookid, start_date, end_date, is_current) VALUES (82, 80, '2025-05-17', '2025-06-16', FALSE);
INSERT INTO bookclub_reads (clubid, bookid, start_date, end_date, is_current) VALUES (82, 484, '2024-12-26', '2025-01-25', FALSE);
INSERT INTO bookclub_reads (clubid, bookid, start_date, end_date, is_current) VALUES (82, 122, '2025-03-10', '2025-04-09', FALSE);
INSERT INTO bookclub_reads (clubid, bookid, start_date, end_date, is_current) VALUES (82, 865, '2025-02-17', '2025-03-19', FALSE);
INSERT INTO bookclub_reads (clubid, bookid, start_date, end_date, is_current) VALUES (82, 932, '2025-04-01', '2025-05-01', FALSE);
INSERT INTO bookclub_reads (clubid, bookid, start_date, end_date, is_current) VALUES (82, 89, '2025-03-22', '2025-04-21', FALSE);
INSERT INTO bookclub_reads (clubid, bookid, start_date, end_date, is_current) VALUES (82, 35, '2025-02-27', '2025-03-29', FALSE);
INSERT INTO bookclub_reads (clubid, bookid, start_date, end_date, is_current) VALUES (82, 147, '2025-02-14', '2025-03-16', FALSE);
INSERT INTO bookclub_reads (clubid, bookid, start_date, end_date, is_current) VALUES (82, 944, '2025-06-06', '2025-07-06', FALSE);

INSERT INTO bookclubs (clubid, name, description, creatorid) VALUES (83, 'Book Club 67', 'This is the description for Book Club 67.', 79);
INSERT INTO bookclub_members (clubid, userid) VALUES (83, 65);
INSERT INTO bookclub_members (clubid, userid) VALUES (83, 130);
INSERT INTO bookclub_members (clubid, userid) VALUES (83, 129);
INSERT INTO bookclub_members (clubid, userid) VALUES (83, 34);
INSERT INTO bookclub_members (clubid, userid) VALUES (83, 70);
INSERT INTO bookclub_members (clubid, userid) VALUES (83, 7);
INSERT INTO bookclub_members (clubid, userid) VALUES (83, 136);
INSERT INTO bookclub_members (clubid, userid) VALUES (83, 141);
INSERT INTO bookclub_members (clubid, userid) VALUES (83, 111);
INSERT INTO bookclub_members (clubid, userid) VALUES (83, 79);
INSERT INTO bookclub_members (clubid, userid) VALUES (83, 82);
INSERT INTO bookclub_members (clubid, userid) VALUES (83, 153);
INSERT INTO bookclub_members (clubid, userid) VALUES (83, 126);
INSERT INTO bookclub_reads (clubid, bookid, start_date, end_date, is_current) VALUES (83, 775, '2025-06-15', '2025-07-25', TRUE);
INSERT INTO bookclub_reads (clubid, bookid, start_date, end_date, is_current) VALUES (83, 152, '2025-05-21', '2025-06-20', FALSE);
INSERT INTO bookclub_reads (clubid, bookid, start_date, end_date, is_current) VALUES (83, 138, '2025-02-17', '2025-03-19', FALSE);
INSERT INTO bookclub_reads (clubid, bookid, start_date, end_date, is_current) VALUES (83, 12, '2025-03-29', '2025-04-28', FALSE);
INSERT INTO bookclub_reads (clubid, bookid, start_date, end_date, is_current) VALUES (83, 871, '2025-03-21', '2025-04-20', FALSE);
INSERT INTO bookclub_reads (clubid, bookid, start_date, end_date, is_current) VALUES (83, 816, '2025-02-11', '2025-03-13', FALSE);
INSERT INTO bookclub_reads (clubid, bookid, start_date, end_date, is_current) VALUES (83, 662, '2024-12-31', '2025-01-30', FALSE);
INSERT INTO bookclub_reads (clubid, bookid, start_date, end_date, is_current) VALUES (83, 71, '2025-01-28', '2025-02-27', FALSE);
INSERT INTO bookclub_reads (clubid, bookid, start_date, end_date, is_current) VALUES (83, 848, '2025-05-17', '2025-06-16', FALSE);
INSERT INTO bookclub_reads (clubid, bookid, start_date, end_date, is_current) VALUES (83, 410, '2025-03-31', '2025-04-30', FALSE);
INSERT INTO bookclub_reads (clubid, bookid, start_date, end_date, is_current) VALUES (83, 155, '2025-03-17', '2025-04-16', FALSE);

INSERT INTO bookclubs (clubid, name, description, creatorid) VALUES (84, 'Book Club 68', 'This is the description for Book Club 68.', 42);
INSERT INTO bookclub_members (clubid, userid) VALUES (84, 131);
INSERT INTO bookclub_members (clubid, userid) VALUES (84, 36);
INSERT INTO bookclub_members (clubid, userid) VALUES (84, 105);
INSERT INTO bookclub_members (clubid, userid) VALUES (84, 42);
INSERT INTO bookclub_members (clubid, userid) VALUES (84, 76);
INSERT INTO bookclub_members (clubid, userid) VALUES (84, 144);
INSERT INTO bookclub_members (clubid, userid) VALUES (84, 48);
INSERT INTO bookclub_members (clubid, userid) VALUES (84, 60);
INSERT INTO bookclub_reads (clubid, bookid, start_date, end_date, is_current) VALUES (84, 252, '2025-07-02', '2025-08-08', TRUE);
INSERT INTO bookclub_reads (clubid, bookid, start_date, end_date, is_current) VALUES (84, 81, '2025-07-03', '2025-08-10', TRUE);
INSERT INTO bookclub_reads (clubid, bookid, start_date, end_date, is_current) VALUES (84, 523, '2025-03-26', '2025-04-25', FALSE);
INSERT INTO bookclub_reads (clubid, bookid, start_date, end_date, is_current) VALUES (84, 54, '2024-12-27', '2025-01-26', FALSE);
INSERT INTO bookclub_reads (clubid, bookid, start_date, end_date, is_current) VALUES (84, 85, '2025-03-10', '2025-04-09', FALSE);
INSERT INTO bookclub_reads (clubid, bookid, start_date, end_date, is_current) VALUES (84, 34, '2025-05-31', '2025-06-30', FALSE);
INSERT INTO bookclub_reads (clubid, bookid, start_date, end_date, is_current) VALUES (84, 960, '2025-03-11', '2025-04-10', FALSE);
INSERT INTO bookclub_reads (clubid, bookid, start_date, end_date, is_current) VALUES (84, 422, '2025-01-30', '2025-03-01', FALSE);
INSERT INTO bookclub_reads (clubid, bookid, start_date, end_date, is_current) VALUES (84, 147, '2024-12-27', '2025-01-26', FALSE);

INSERT INTO bookclubs (clubid, name, description, creatorid) VALUES (85, 'Book Club 69', 'This is the description for Book Club 69.', 109);
INSERT INTO bookclub_members (clubid, userid) VALUES (85, 135);
INSERT INTO bookclub_members (clubid, userid) VALUES (85, 7);
INSERT INTO bookclub_members (clubid, userid) VALUES (85, 10);
INSERT INTO bookclub_members (clubid, userid) VALUES (85, 141);
INSERT INTO bookclub_members (clubid, userid) VALUES (85, 143);
INSERT INTO bookclub_members (clubid, userid) VALUES (85, 16);
INSERT INTO bookclub_members (clubid, userid) VALUES (85, 19);
INSERT INTO bookclub_members (clubid, userid) VALUES (85, 152);
INSERT INTO bookclub_members (clubid, userid) VALUES (85, 61);
INSERT INTO bookclub_members (clubid, userid) VALUES (85, 64);
INSERT INTO bookclub_members (clubid, userid) VALUES (85, 65);
INSERT INTO bookclub_members (clubid, userid) VALUES (85, 72);
INSERT INTO bookclub_members (clubid, userid) VALUES (85, 89);
INSERT INTO bookclub_members (clubid, userid) VALUES (85, 90);
INSERT INTO bookclub_members (clubid, userid) VALUES (85, 94);
INSERT INTO bookclub_members (clubid, userid) VALUES (85, 96);
INSERT INTO bookclub_members (clubid, userid) VALUES (85, 98);
INSERT INTO bookclub_members (clubid, userid) VALUES (85, 102);
INSERT INTO bookclub_members (clubid, userid) VALUES (85, 109);
INSERT INTO bookclub_members (clubid, userid) VALUES (85, 115);
INSERT INTO bookclub_reads (clubid, bookid, start_date, end_date, is_current) VALUES (85, 140, '2025-06-07', '2025-08-20', TRUE);
INSERT INTO bookclub_reads (clubid, bookid, start_date, end_date, is_current) VALUES (85, 565, '2025-07-04', '2025-07-26', TRUE);
INSERT INTO bookclub_reads (clubid, bookid, start_date, end_date, is_current) VALUES (85, 205, '2025-04-26', '2025-05-26', FALSE);
INSERT INTO bookclub_reads (clubid, bookid, start_date, end_date, is_current) VALUES (85, 9, '2025-01-03', '2025-02-02', FALSE);
INSERT INTO bookclub_reads (clubid, bookid, start_date, end_date, is_current) VALUES (85, 77, '2025-04-24', '2025-05-24', FALSE);
INSERT INTO bookclub_reads (clubid, bookid, start_date, end_date, is_current) VALUES (85, 1078, '2025-04-24', '2025-05-24', FALSE);
INSERT INTO bookclub_reads (clubid, bookid, start_date, end_date, is_current) VALUES (85, 213, '2025-02-17', '2025-03-19', FALSE);
INSERT INTO bookclub_reads (clubid, bookid, start_date, end_date, is_current) VALUES (85, 214, '2025-02-28', '2025-03-30', FALSE);
INSERT INTO bookclub_reads (clubid, bookid, start_date, end_date, is_current) VALUES (85, 166, '2024-12-14', '2025-01-13', FALSE);
INSERT INTO bookclub_reads (clubid, bookid, start_date, end_date, is_current) VALUES (85, 57, '2025-05-09', '2025-06-08', FALSE);
INSERT INTO bookclub_reads (clubid, bookid, start_date, end_date, is_current) VALUES (85, 54, '2024-12-27', '2025-01-26', FALSE);
INSERT INTO bookclub_reads (clubid, bookid, start_date, end_date, is_current) VALUES (85, 53, '2025-06-03', '2025-07-03', FALSE);
INSERT INTO bookclub_reads (clubid, bookid, start_date, end_date, is_current) VALUES (85, 359, '2025-01-04', '2025-02-03', FALSE);
INSERT INTO bookclub_reads (clubid, bookid, start_date, end_date, is_current) VALUES (85, 36, '2025-03-29', '2025-04-28', FALSE);

INSERT INTO bookclubs (clubid, name, description, creatorid) VALUES (86, 'Book Club 70', 'This is the description for Book Club 70.', 152);
INSERT INTO bookclub_members (clubid, userid) VALUES (86, 9);
INSERT INTO bookclub_members (clubid, userid) VALUES (86, 51);
INSERT INTO bookclub_members (clubid, userid) VALUES (86, 24);
INSERT INTO bookclub_members (clubid, userid) VALUES (86, 152);
INSERT INTO bookclub_members (clubid, userid) VALUES (86, 63);
INSERT INTO bookclub_reads (clubid, bookid, start_date, end_date, is_current) VALUES (86, 866, '2025-06-10', '2025-08-02', TRUE);
INSERT INTO bookclub_reads (clubid, bookid, start_date, end_date, is_current) VALUES (86, 1078, '2025-06-14', '2025-08-06', TRUE);
INSERT INTO bookclub_reads (clubid, bookid, start_date, end_date, is_current) VALUES (86, 1052, '2024-12-26', '2025-01-25', FALSE);
INSERT INTO bookclub_reads (clubid, bookid, start_date, end_date, is_current) VALUES (86, 422, '2025-05-05', '2025-06-04', FALSE);
INSERT INTO bookclub_reads (clubid, bookid, start_date, end_date, is_current) VALUES (86, 1053, '2025-04-05', '2025-05-05', FALSE);
INSERT INTO bookclub_reads (clubid, bookid, start_date, end_date, is_current) VALUES (86, 94, '2025-03-26', '2025-04-25', FALSE);
INSERT INTO bookclub_reads (clubid, bookid, start_date, end_date, is_current) VALUES (86, 359, '2025-02-09', '2025-03-11', FALSE);
INSERT INTO bookclub_reads (clubid, bookid, start_date, end_date, is_current) VALUES (86, 106, '2025-06-01', '2025-07-01', FALSE);
INSERT INTO bookclub_reads (clubid, bookid, start_date, end_date, is_current) VALUES (86, 295, '2025-02-03', '2025-03-05', FALSE);
INSERT INTO bookclub_reads (clubid, bookid, start_date, end_date, is_current) VALUES (86, 932, '2025-04-06', '2025-05-06', FALSE);
INSERT INTO bookclub_reads (clubid, bookid, start_date, end_date, is_current) VALUES (86, 1059, '2025-02-14', '2025-03-16', FALSE);
INSERT INTO bookclub_reads (clubid, bookid, start_date, end_date, is_current) VALUES (86, 302, '2025-01-24', '2025-02-23', FALSE);

INSERT INTO bookclubs (clubid, name, description, creatorid) VALUES (87, 'Book Club 71', 'This is the description for Book Club 71.', 115);
INSERT INTO bookclub_members (clubid, userid) VALUES (87, 64);
INSERT INTO bookclub_members (clubid, userid) VALUES (87, 1);
INSERT INTO bookclub_members (clubid, userid) VALUES (87, 66);
INSERT INTO bookclub_members (clubid, userid) VALUES (87, 134);
INSERT INTO bookclub_members (clubid, userid) VALUES (87, 70);
INSERT INTO bookclub_members (clubid, userid) VALUES (87, 9);
INSERT INTO bookclub_members (clubid, userid) VALUES (87, 140);
INSERT INTO bookclub_members (clubid, userid) VALUES (87, 109);
INSERT INTO bookclub_members (clubid, userid) VALUES (87, 44);
INSERT INTO bookclub_members (clubid, userid) VALUES (87, 81);
INSERT INTO bookclub_members (clubid, userid) VALUES (87, 115);
INSERT INTO bookclub_members (clubid, userid) VALUES (87, 148);
INSERT INTO bookclub_members (clubid, userid) VALUES (87, 85);
INSERT INTO bookclub_members (clubid, userid) VALUES (87, 86);
INSERT INTO bookclub_members (clubid, userid) VALUES (87, 87);
INSERT INTO bookclub_members (clubid, userid) VALUES (87, 118);
INSERT INTO bookclub_members (clubid, userid) VALUES (87, 56);
INSERT INTO bookclub_reads (clubid, bookid, start_date, end_date, is_current) VALUES (87, 816, '2025-07-02', '2025-07-22', TRUE);
INSERT INTO bookclub_reads (clubid, bookid, start_date, end_date, is_current) VALUES (87, 51, '2025-07-01', '2025-08-10', TRUE);
INSERT INTO bookclub_reads (clubid, bookid, start_date, end_date, is_current) VALUES (87, 880, '2025-03-24', '2025-04-23', FALSE);
INSERT INTO bookclub_reads (clubid, bookid, start_date, end_date, is_current) VALUES (87, 83, '2025-01-19', '2025-02-18', FALSE);
INSERT INTO bookclub_reads (clubid, bookid, start_date, end_date, is_current) VALUES (87, 103, '2025-04-28', '2025-05-28', FALSE);
INSERT INTO bookclub_reads (clubid, bookid, start_date, end_date, is_current) VALUES (87, 966, '2025-01-31', '2025-03-02', FALSE);
INSERT INTO bookclub_reads (clubid, bookid, start_date, end_date, is_current) VALUES (87, 151, '2025-01-31', '2025-03-02', FALSE);
INSERT INTO bookclub_reads (clubid, bookid, start_date, end_date, is_current) VALUES (87, 289, '2025-05-16', '2025-06-15', FALSE);
INSERT INTO bookclub_reads (clubid, bookid, start_date, end_date, is_current) VALUES (87, 350, '2025-05-13', '2025-06-12', FALSE);
INSERT INTO bookclub_reads (clubid, bookid, start_date, end_date, is_current) VALUES (87, 403, '2025-03-27', '2025-04-26', FALSE);
INSERT INTO bookclub_reads (clubid, bookid, start_date, end_date, is_current) VALUES (87, 91, '2025-02-22', '2025-03-24', FALSE);
INSERT INTO bookclub_reads (clubid, bookid, start_date, end_date, is_current) VALUES (87, 357, '2025-04-21', '2025-05-21', FALSE);
INSERT INTO bookclub_reads (clubid, bookid, start_date, end_date, is_current) VALUES (87, 639, '2025-02-11', '2025-03-13', FALSE);
INSERT INTO bookclub_reads (clubid, bookid, start_date, end_date, is_current) VALUES (87, 131, '2025-02-09', '2025-03-11', FALSE);
INSERT INTO bookclub_reads (clubid, bookid, start_date, end_date, is_current) VALUES (87, 930, '2025-05-06', '2025-06-05', FALSE);
INSERT INTO bookclub_reads (clubid, bookid, start_date, end_date, is_current) VALUES (87, 498, '2025-01-09', '2025-02-08', FALSE);
INSERT INTO bookclub_reads (clubid, bookid, start_date, end_date, is_current) VALUES (87, 703, '2025-04-08', '2025-05-08', FALSE);

INSERT INTO bookclubs (clubid, name, description, creatorid) VALUES (88, 'Book Club 72', 'This is the description for Book Club 72.', 125);
INSERT INTO bookclub_members (clubid, userid) VALUES (88, 68);
INSERT INTO bookclub_members (clubid, userid) VALUES (88, 38);
INSERT INTO bookclub_members (clubid, userid) VALUES (88, 135);
INSERT INTO bookclub_members (clubid, userid) VALUES (88, 6);
INSERT INTO bookclub_members (clubid, userid) VALUES (88, 7);
INSERT INTO bookclub_members (clubid, userid) VALUES (88, 74);
INSERT INTO bookclub_members (clubid, userid) VALUES (88, 113);
INSERT INTO bookclub_members (clubid, userid) VALUES (88, 19);
INSERT INTO bookclub_members (clubid, userid) VALUES (88, 148);
INSERT INTO bookclub_members (clubid, userid) VALUES (88, 125);
INSERT INTO bookclub_reads (clubid, bookid, start_date, end_date, is_current) VALUES (88, 933, '2025-06-28', '2025-08-19', TRUE);
INSERT INTO bookclub_reads (clubid, bookid, start_date, end_date, is_current) VALUES (88, 416, '2025-06-20', '2025-08-07', TRUE);
INSERT INTO bookclub_reads (clubid, bookid, start_date, end_date, is_current) VALUES (88, 888, '2025-05-23', '2025-06-22', FALSE);
INSERT INTO bookclub_reads (clubid, bookid, start_date, end_date, is_current) VALUES (88, 74, '2025-01-02', '2025-02-01', FALSE);
INSERT INTO bookclub_reads (clubid, bookid, start_date, end_date, is_current) VALUES (88, 75, '2025-01-28', '2025-02-27', FALSE);
INSERT INTO bookclub_reads (clubid, bookid, start_date, end_date, is_current) VALUES (88, 771, '2024-12-25', '2025-01-24', FALSE);
INSERT INTO bookclub_reads (clubid, bookid, start_date, end_date, is_current) VALUES (88, 354, '2025-05-08', '2025-06-07', FALSE);
INSERT INTO bookclub_reads (clubid, bookid, start_date, end_date, is_current) VALUES (88, 8, '2025-01-31', '2025-03-02', FALSE);
INSERT INTO bookclub_reads (clubid, bookid, start_date, end_date, is_current) VALUES (88, 2, '2025-04-11', '2025-05-11', FALSE);
INSERT INTO bookclub_reads (clubid, bookid, start_date, end_date, is_current) VALUES (88, 930, '2025-03-15', '2025-04-14', FALSE);
INSERT INTO bookclub_reads (clubid, bookid, start_date, end_date, is_current) VALUES (88, 83, '2025-06-04', '2025-07-04', FALSE);
INSERT INTO bookclub_reads (clubid, bookid, start_date, end_date, is_current) VALUES (88, 681, '2024-12-29', '2025-01-28', FALSE);
INSERT INTO bookclub_reads (clubid, bookid, start_date, end_date, is_current) VALUES (88, 848, '2025-01-16', '2025-02-15', FALSE);
INSERT INTO bookclub_reads (clubid, bookid, start_date, end_date, is_current) VALUES (88, 249, '2025-04-27', '2025-05-27', FALSE);
INSERT INTO bookclub_reads (clubid, bookid, start_date, end_date, is_current) VALUES (88, 61, '2025-02-01', '2025-03-03', FALSE);

INSERT INTO bookclubs (clubid, name, description, creatorid) VALUES (89, 'Book Club 73', 'This is the description for Book Club 73.', 72);
INSERT INTO bookclub_members (clubid, userid) VALUES (89, 33);
INSERT INTO bookclub_members (clubid, userid) VALUES (89, 100);
INSERT INTO bookclub_members (clubid, userid) VALUES (89, 101);
INSERT INTO bookclub_members (clubid, userid) VALUES (89, 134);
INSERT INTO bookclub_members (clubid, userid) VALUES (89, 72);
INSERT INTO bookclub_members (clubid, userid) VALUES (89, 10);
INSERT INTO bookclub_members (clubid, userid) VALUES (89, 141);
INSERT INTO bookclub_members (clubid, userid) VALUES (89, 50);
INSERT INTO bookclub_members (clubid, userid) VALUES (89, 147);
INSERT INTO bookclub_members (clubid, userid) VALUES (89, 148);
INSERT INTO bookclub_members (clubid, userid) VALUES (89, 125);
INSERT INTO bookclub_members (clubid, userid) VALUES (89, 54);
INSERT INTO bookclub_members (clubid, userid) VALUES (89, 150);
INSERT INTO bookclub_members (clubid, userid) VALUES (89, 151);
INSERT INTO bookclub_members (clubid, userid) VALUES (89, 89);
INSERT INTO bookclub_members (clubid, userid) VALUES (89, 59);
INSERT INTO bookclub_members (clubid, userid) VALUES (89, 93);
INSERT INTO bookclub_members (clubid, userid) VALUES (89, 94);
INSERT INTO bookclub_reads (clubid, bookid, start_date, end_date, is_current) VALUES (89, 9, '2025-07-06', '2025-08-11', TRUE);
INSERT INTO bookclub_reads (clubid, bookid, start_date, end_date, is_current) VALUES (89, 75, '2025-06-20', '2025-08-14', TRUE);
INSERT INTO bookclub_reads (clubid, bookid, start_date, end_date, is_current) VALUES (89, 292, '2025-02-05', '2025-03-07', FALSE);
INSERT INTO bookclub_reads (clubid, bookid, start_date, end_date, is_current) VALUES (89, 132, '2025-02-24', '2025-03-26', FALSE);
INSERT INTO bookclub_reads (clubid, bookid, start_date, end_date, is_current) VALUES (89, 477, '2025-04-08', '2025-05-08', FALSE);
INSERT INTO bookclub_reads (clubid, bookid, start_date, end_date, is_current) VALUES (89, 498, '2024-12-20', '2025-01-19', FALSE);
INSERT INTO bookclub_reads (clubid, bookid, start_date, end_date, is_current) VALUES (89, 828, '2025-01-17', '2025-02-16', FALSE);
INSERT INTO bookclub_reads (clubid, bookid, start_date, end_date, is_current) VALUES (89, 117, '2024-12-16', '2025-01-15', FALSE);
INSERT INTO bookclub_reads (clubid, bookid, start_date, end_date, is_current) VALUES (89, 76, '2025-04-10', '2025-05-10', FALSE);
INSERT INTO bookclub_reads (clubid, bookid, start_date, end_date, is_current) VALUES (89, 313, '2025-01-04', '2025-02-03', FALSE);
INSERT INTO bookclub_reads (clubid, bookid, start_date, end_date, is_current) VALUES (89, 972, '2025-04-04', '2025-05-04', FALSE);
INSERT INTO bookclub_reads (clubid, bookid, start_date, end_date, is_current) VALUES (89, 154, '2025-03-28', '2025-04-27', FALSE);
INSERT INTO bookclub_reads (clubid, bookid, start_date, end_date, is_current) VALUES (89, 700, '2025-04-21', '2025-05-21', FALSE);
INSERT INTO bookclub_reads (clubid, bookid, start_date, end_date, is_current) VALUES (89, 63, '2025-01-20', '2025-02-19', FALSE);
INSERT INTO bookclub_reads (clubid, bookid, start_date, end_date, is_current) VALUES (89, 931, '2025-01-08', '2025-02-07', FALSE);
INSERT INTO bookclub_reads (clubid, bookid, start_date, end_date, is_current) VALUES (89, 987, '2025-03-28', '2025-04-27', FALSE);
INSERT INTO bookclub_reads (clubid, bookid, start_date, end_date, is_current) VALUES (89, 599, '2025-02-20', '2025-03-22', FALSE);

INSERT INTO bookclubs (clubid, name, description, creatorid) VALUES (90, 'Book Club 74', 'This is the description for Book Club 74.', 61);
INSERT INTO bookclub_members (clubid, userid) VALUES (90, 2);
INSERT INTO bookclub_members (clubid, userid) VALUES (90, 130);
INSERT INTO bookclub_members (clubid, userid) VALUES (90, 68);
INSERT INTO bookclub_members (clubid, userid) VALUES (90, 139);
INSERT INTO bookclub_members (clubid, userid) VALUES (90, 76);
INSERT INTO bookclub_members (clubid, userid) VALUES (90, 13);
INSERT INTO bookclub_members (clubid, userid) VALUES (90, 149);
INSERT INTO bookclub_members (clubid, userid) VALUES (90, 90);
INSERT INTO bookclub_members (clubid, userid) VALUES (90, 61);
INSERT INTO bookclub_members (clubid, userid) VALUES (90, 127);
INSERT INTO bookclub_reads (clubid, bookid, start_date, end_date, is_current) VALUES (90, 288, '2025-06-07', '2025-08-19', TRUE);
INSERT INTO bookclub_reads (clubid, bookid, start_date, end_date, is_current) VALUES (90, 231, '2025-06-27', '2025-08-19', TRUE);
INSERT INTO bookclub_reads (clubid, bookid, start_date, end_date, is_current) VALUES (90, 456, '2025-04-06', '2025-05-06', FALSE);
INSERT INTO bookclub_reads (clubid, bookid, start_date, end_date, is_current) VALUES (90, 140, '2024-12-25', '2025-01-24', FALSE);
INSERT INTO bookclub_reads (clubid, bookid, start_date, end_date, is_current) VALUES (90, 662, '2025-02-24', '2025-03-26', FALSE);
INSERT INTO bookclub_reads (clubid, bookid, start_date, end_date, is_current) VALUES (90, 965, '2025-02-04', '2025-03-06', FALSE);
INSERT INTO bookclub_reads (clubid, bookid, start_date, end_date, is_current) VALUES (90, 394, '2025-03-04', '2025-04-03', FALSE);
INSERT INTO bookclub_reads (clubid, bookid, start_date, end_date, is_current) VALUES (90, 5, '2024-12-18', '2025-01-17', FALSE);
INSERT INTO bookclub_reads (clubid, bookid, start_date, end_date, is_current) VALUES (90, 51, '2025-03-12', '2025-04-11', FALSE);
INSERT INTO bookclub_reads (clubid, bookid, start_date, end_date, is_current) VALUES (90, 834, '2025-02-07', '2025-03-09', FALSE);
INSERT INTO bookclub_reads (clubid, bookid, start_date, end_date, is_current) VALUES (90, 642, '2024-12-19', '2025-01-18', FALSE);
INSERT INTO bookclub_reads (clubid, bookid, start_date, end_date, is_current) VALUES (90, 244, '2025-02-04', '2025-03-06', FALSE);

INSERT INTO bookclubs (clubid, name, description, creatorid) VALUES (91, 'Book Club 75', 'This is the description for Book Club 75.', 105);
INSERT INTO bookclub_members (clubid, userid) VALUES (91, 128);
INSERT INTO bookclub_members (clubid, userid) VALUES (91, 10);
INSERT INTO bookclub_members (clubid, userid) VALUES (91, 24);
INSERT INTO bookclub_members (clubid, userid) VALUES (91, 153);
INSERT INTO bookclub_members (clubid, userid) VALUES (91, 154);
INSERT INTO bookclub_members (clubid, userid) VALUES (91, 28);
INSERT INTO bookclub_members (clubid, userid) VALUES (91, 35);
INSERT INTO bookclub_members (clubid, userid) VALUES (91, 46);
INSERT INTO bookclub_members (clubid, userid) VALUES (91, 60);
INSERT INTO bookclub_members (clubid, userid) VALUES (91, 61);
INSERT INTO bookclub_members (clubid, userid) VALUES (91, 73);
INSERT INTO bookclub_members (clubid, userid) VALUES (91, 84);
INSERT INTO bookclub_members (clubid, userid) VALUES (91, 85);
INSERT INTO bookclub_members (clubid, userid) VALUES (91, 101);
INSERT INTO bookclub_members (clubid, userid) VALUES (91, 105);
INSERT INTO bookclub_members (clubid, userid) VALUES (91, 111);
INSERT INTO bookclub_members (clubid, userid) VALUES (91, 115);
INSERT INTO bookclub_members (clubid, userid) VALUES (91, 121);
INSERT INTO bookclub_members (clubid, userid) VALUES (91, 122);
INSERT INTO bookclub_reads (clubid, bookid, start_date, end_date, is_current) VALUES (91, 827, '2025-06-25', '2025-08-09', TRUE);
INSERT INTO bookclub_reads (clubid, bookid, start_date, end_date, is_current) VALUES (91, 138, '2025-02-06', '2025-03-08', FALSE);
INSERT INTO bookclub_reads (clubid, bookid, start_date, end_date, is_current) VALUES (91, 207, '2025-05-08', '2025-06-07', FALSE);
INSERT INTO bookclub_reads (clubid, bookid, start_date, end_date, is_current) VALUES (91, 1078, '2025-01-22', '2025-02-21', FALSE);
INSERT INTO bookclub_reads (clubid, bookid, start_date, end_date, is_current) VALUES (91, 367, '2025-02-15', '2025-03-17', FALSE);
INSERT INTO bookclub_reads (clubid, bookid, start_date, end_date, is_current) VALUES (91, 59, '2024-12-18', '2025-01-17', FALSE);
INSERT INTO bookclub_reads (clubid, bookid, start_date, end_date, is_current) VALUES (91, 386, '2025-01-26', '2025-02-25', FALSE);
INSERT INTO bookclub_reads (clubid, bookid, start_date, end_date, is_current) VALUES (91, 829, '2025-05-31', '2025-06-30', FALSE);
INSERT INTO bookclub_reads (clubid, bookid, start_date, end_date, is_current) VALUES (91, 965, '2025-04-06', '2025-05-06', FALSE);
INSERT INTO bookclub_reads (clubid, bookid, start_date, end_date, is_current) VALUES (91, 159, '2025-04-14', '2025-05-14', FALSE);
INSERT INTO bookclub_reads (clubid, bookid, start_date, end_date, is_current) VALUES (91, 119, '2025-02-21', '2025-03-23', FALSE);
INSERT INTO bookclub_reads (clubid, bookid, start_date, end_date, is_current) VALUES (91, 570, '2025-02-20', '2025-03-22', FALSE);
INSERT INTO bookclub_reads (clubid, bookid, start_date, end_date, is_current) VALUES (91, 9, '2025-04-13', '2025-05-13', FALSE);
INSERT INTO bookclub_reads (clubid, bookid, start_date, end_date, is_current) VALUES (91, 420, '2025-04-04', '2025-05-04', FALSE);

INSERT INTO bookclubs (clubid, name, description, creatorid) VALUES (92, 'Book Club 76', 'This is the description for Book Club 76.', 90);
INSERT INTO bookclub_members (clubid, userid) VALUES (92, 32);
INSERT INTO bookclub_members (clubid, userid) VALUES (92, 80);
INSERT INTO bookclub_members (clubid, userid) VALUES (92, 147);
INSERT INTO bookclub_members (clubid, userid) VALUES (92, 90);
INSERT INTO bookclub_members (clubid, userid) VALUES (92, 59);
INSERT INTO bookclub_reads (clubid, bookid, start_date, end_date, is_current) VALUES (92, 681, '2025-06-28', '2025-07-27', TRUE);
INSERT INTO bookclub_reads (clubid, bookid, start_date, end_date, is_current) VALUES (92, 57, '2025-07-01', '2025-07-28', TRUE);
INSERT INTO bookclub_reads (clubid, bookid, start_date, end_date, is_current) VALUES (92, 643, '2025-04-30', '2025-05-30', FALSE);
INSERT INTO bookclub_reads (clubid, bookid, start_date, end_date, is_current) VALUES (92, 425, '2025-05-23', '2025-06-22', FALSE);
INSERT INTO bookclub_reads (clubid, bookid, start_date, end_date, is_current) VALUES (92, 824, '2025-04-16', '2025-05-16', FALSE);
INSERT INTO bookclub_reads (clubid, bookid, start_date, end_date, is_current) VALUES (92, 67, '2025-04-24', '2025-05-24', FALSE);
INSERT INTO bookclub_reads (clubid, bookid, start_date, end_date, is_current) VALUES (92, 1052, '2025-03-23', '2025-04-22', FALSE);
INSERT INTO bookclub_reads (clubid, bookid, start_date, end_date, is_current) VALUES (92, 980, '2025-05-22', '2025-06-21', FALSE);
INSERT INTO bookclub_reads (clubid, bookid, start_date, end_date, is_current) VALUES (92, 864, '2025-04-09', '2025-05-09', FALSE);
INSERT INTO bookclub_reads (clubid, bookid, start_date, end_date, is_current) VALUES (92, 929, '2025-05-18', '2025-06-17', FALSE);
INSERT INTO bookclub_reads (clubid, bookid, start_date, end_date, is_current) VALUES (92, 650, '2024-12-15', '2025-01-14', FALSE);
INSERT INTO bookclub_reads (clubid, bookid, start_date, end_date, is_current) VALUES (92, 828, '2025-05-18', '2025-06-17', FALSE);
INSERT INTO bookclub_reads (clubid, bookid, start_date, end_date, is_current) VALUES (92, 50, '2025-01-14', '2025-02-13', FALSE);
INSERT INTO bookclub_reads (clubid, bookid, start_date, end_date, is_current) VALUES (92, 285, '2025-03-17', '2025-04-16', FALSE);
INSERT INTO bookclub_reads (clubid, bookid, start_date, end_date, is_current) VALUES (92, 117, '2025-05-06', '2025-06-05', FALSE);
INSERT INTO bookclub_reads (clubid, bookid, start_date, end_date, is_current) VALUES (92, 75, '2025-03-07', '2025-04-06', FALSE);
INSERT INTO bookclub_reads (clubid, bookid, start_date, end_date, is_current) VALUES (92, 1022, '2025-01-19', '2025-02-18', FALSE);

INSERT INTO bookclubs (clubid, name, description, creatorid) VALUES (93, 'Book Club 77', 'This is the description for Book Club 77.', 77);
INSERT INTO bookclub_members (clubid, userid) VALUES (93, 130);
INSERT INTO bookclub_members (clubid, userid) VALUES (93, 132);
INSERT INTO bookclub_members (clubid, userid) VALUES (93, 77);
INSERT INTO bookclub_members (clubid, userid) VALUES (93, 114);
INSERT INTO bookclub_members (clubid, userid) VALUES (93, 51);
INSERT INTO bookclub_members (clubid, userid) VALUES (93, 57);
INSERT INTO bookclub_reads (clubid, bookid, start_date, end_date, is_current) VALUES (93, 434, '2025-06-14', '2025-08-09', TRUE);
INSERT INTO bookclub_reads (clubid, bookid, start_date, end_date, is_current) VALUES (93, 929, '2025-06-08', '2025-08-06', TRUE);
INSERT INTO bookclub_reads (clubid, bookid, start_date, end_date, is_current) VALUES (93, 870, '2025-06-13', '2025-08-17', TRUE);
INSERT INTO bookclub_reads (clubid, bookid, start_date, end_date, is_current) VALUES (93, 16, '2025-04-04', '2025-05-04', FALSE);
INSERT INTO bookclub_reads (clubid, bookid, start_date, end_date, is_current) VALUES (93, 350, '2024-12-28', '2025-01-27', FALSE);
INSERT INTO bookclub_reads (clubid, bookid, start_date, end_date, is_current) VALUES (93, 76, '2025-03-07', '2025-04-06', FALSE);
INSERT INTO bookclub_reads (clubid, bookid, start_date, end_date, is_current) VALUES (93, 619, '2025-02-10', '2025-03-12', FALSE);
INSERT INTO bookclub_reads (clubid, bookid, start_date, end_date, is_current) VALUES (93, 466, '2025-03-22', '2025-04-21', FALSE);
INSERT INTO bookclub_reads (clubid, bookid, start_date, end_date, is_current) VALUES (93, 214, '2025-02-04', '2025-03-06', FALSE);
INSERT INTO bookclub_reads (clubid, bookid, start_date, end_date, is_current) VALUES (93, 99, '2024-12-12', '2025-01-11', FALSE);
INSERT INTO bookclub_reads (clubid, bookid, start_date, end_date, is_current) VALUES (93, 903, '2024-12-13', '2025-01-12', FALSE);
INSERT INTO bookclub_reads (clubid, bookid, start_date, end_date, is_current) VALUES (93, 435, '2025-01-10', '2025-02-09', FALSE);

INSERT INTO bookclubs (clubid, name, description, creatorid) VALUES (94, 'Book Club 78', 'This is the description for Book Club 78.', 68);
INSERT INTO bookclub_members (clubid, userid) VALUES (94, 129);
INSERT INTO bookclub_members (clubid, userid) VALUES (94, 2);
INSERT INTO bookclub_members (clubid, userid) VALUES (94, 1);
INSERT INTO bookclub_members (clubid, userid) VALUES (94, 134);
INSERT INTO bookclub_members (clubid, userid) VALUES (94, 8);
INSERT INTO bookclub_members (clubid, userid) VALUES (94, 13);
INSERT INTO bookclub_members (clubid, userid) VALUES (94, 142);
INSERT INTO bookclub_members (clubid, userid) VALUES (94, 154);
INSERT INTO bookclub_members (clubid, userid) VALUES (94, 40);
INSERT INTO bookclub_members (clubid, userid) VALUES (94, 56);
INSERT INTO bookclub_members (clubid, userid) VALUES (94, 64);
INSERT INTO bookclub_members (clubid, userid) VALUES (94, 68);
INSERT INTO bookclub_members (clubid, userid) VALUES (94, 69);
INSERT INTO bookclub_members (clubid, userid) VALUES (94, 72);
INSERT INTO bookclub_members (clubid, userid) VALUES (94, 81);
INSERT INTO bookclub_members (clubid, userid) VALUES (94, 86);
INSERT INTO bookclub_members (clubid, userid) VALUES (94, 103);
INSERT INTO bookclub_members (clubid, userid) VALUES (94, 105);
INSERT INTO bookclub_members (clubid, userid) VALUES (94, 111);
INSERT INTO bookclub_members (clubid, userid) VALUES (94, 119);
INSERT INTO bookclub_reads (clubid, bookid, start_date, end_date, is_current) VALUES (94, 418, '2025-06-17', '2025-08-20', TRUE);
INSERT INTO bookclub_reads (clubid, bookid, start_date, end_date, is_current) VALUES (94, 359, '2025-02-22', '2025-03-24', FALSE);
INSERT INTO bookclub_reads (clubid, bookid, start_date, end_date, is_current) VALUES (94, 411, '2025-05-11', '2025-06-10', FALSE);
INSERT INTO bookclub_reads (clubid, bookid, start_date, end_date, is_current) VALUES (94, 34, '2025-03-19', '2025-04-18', FALSE);
INSERT INTO bookclub_reads (clubid, bookid, start_date, end_date, is_current) VALUES (94, 421, '2025-05-16', '2025-06-15', FALSE);
INSERT INTO bookclub_reads (clubid, bookid, start_date, end_date, is_current) VALUES (94, 538, '2025-03-07', '2025-04-06', FALSE);
INSERT INTO bookclub_reads (clubid, bookid, start_date, end_date, is_current) VALUES (94, 930, '2025-04-26', '2025-05-26', FALSE);

INSERT INTO bookclubs (clubid, name, description, creatorid) VALUES (95, 'Book Club 79', 'This is the description for Book Club 79.', 154);
INSERT INTO bookclub_members (clubid, userid) VALUES (95, 131);
INSERT INTO bookclub_members (clubid, userid) VALUES (95, 139);
INSERT INTO bookclub_members (clubid, userid) VALUES (95, 11);
INSERT INTO bookclub_members (clubid, userid) VALUES (95, 12);
INSERT INTO bookclub_members (clubid, userid) VALUES (95, 14);
INSERT INTO bookclub_members (clubid, userid) VALUES (95, 18);
INSERT INTO bookclub_members (clubid, userid) VALUES (95, 147);
INSERT INTO bookclub_members (clubid, userid) VALUES (95, 154);
INSERT INTO bookclub_members (clubid, userid) VALUES (95, 34);
INSERT INTO bookclub_members (clubid, userid) VALUES (95, 44);
INSERT INTO bookclub_members (clubid, userid) VALUES (95, 47);
INSERT INTO bookclub_members (clubid, userid) VALUES (95, 48);
INSERT INTO bookclub_members (clubid, userid) VALUES (95, 53);
INSERT INTO bookclub_members (clubid, userid) VALUES (95, 65);
INSERT INTO bookclub_members (clubid, userid) VALUES (95, 73);
INSERT INTO bookclub_members (clubid, userid) VALUES (95, 75);
INSERT INTO bookclub_members (clubid, userid) VALUES (95, 87);
INSERT INTO bookclub_members (clubid, userid) VALUES (95, 107);
INSERT INTO bookclub_members (clubid, userid) VALUES (95, 110);
INSERT INTO bookclub_members (clubid, userid) VALUES (95, 119);
INSERT INTO bookclub_reads (clubid, bookid, start_date, end_date, is_current) VALUES (95, 425, '2025-06-25', '2025-07-24', TRUE);
INSERT INTO bookclub_reads (clubid, bookid, start_date, end_date, is_current) VALUES (95, 252, '2025-05-03', '2025-06-02', FALSE);
INSERT INTO bookclub_reads (clubid, bookid, start_date, end_date, is_current) VALUES (95, 431, '2025-04-04', '2025-05-04', FALSE);
INSERT INTO bookclub_reads (clubid, bookid, start_date, end_date, is_current) VALUES (95, 78, '2025-01-07', '2025-02-06', FALSE);
INSERT INTO bookclub_reads (clubid, bookid, start_date, end_date, is_current) VALUES (95, 941, '2025-06-06', '2025-07-06', FALSE);
INSERT INTO bookclub_reads (clubid, bookid, start_date, end_date, is_current) VALUES (95, 1073, '2025-05-24', '2025-06-23', FALSE);
INSERT INTO bookclub_reads (clubid, bookid, start_date, end_date, is_current) VALUES (95, 348, '2025-02-26', '2025-03-28', FALSE);
INSERT INTO bookclub_reads (clubid, bookid, start_date, end_date, is_current) VALUES (95, 685, '2024-12-20', '2025-01-19', FALSE);
INSERT INTO bookclub_reads (clubid, bookid, start_date, end_date, is_current) VALUES (95, 902, '2025-02-07', '2025-03-09', FALSE);
INSERT INTO bookclub_reads (clubid, bookid, start_date, end_date, is_current) VALUES (95, 123, '2025-04-03', '2025-05-03', FALSE);
INSERT INTO bookclub_reads (clubid, bookid, start_date, end_date, is_current) VALUES (95, 162, '2025-03-23', '2025-04-22', FALSE);
INSERT INTO bookclub_reads (clubid, bookid, start_date, end_date, is_current) VALUES (95, 428, '2025-03-31', '2025-04-30', FALSE);
INSERT INTO bookclub_reads (clubid, bookid, start_date, end_date, is_current) VALUES (95, 63, '2025-05-13', '2025-06-12', FALSE);
INSERT INTO bookclub_reads (clubid, bookid, start_date, end_date, is_current) VALUES (95, 1068, '2025-01-01', '2025-01-31', FALSE);
INSERT INTO bookclub_reads (clubid, bookid, start_date, end_date, is_current) VALUES (95, 668, '2025-03-30', '2025-04-29', FALSE);

INSERT INTO bookclubs (clubid, name, description, creatorid) VALUES (96, 'Book Club 80', 'This is the description for Book Club 80.', 107);
INSERT INTO bookclub_members (clubid, userid) VALUES (96, 32);
INSERT INTO bookclub_members (clubid, userid) VALUES (96, 7);
INSERT INTO bookclub_members (clubid, userid) VALUES (96, 107);
INSERT INTO bookclub_members (clubid, userid) VALUES (96, 141);
INSERT INTO bookclub_members (clubid, userid) VALUES (96, 17);
INSERT INTO bookclub_members (clubid, userid) VALUES (96, 82);
INSERT INTO bookclub_reads (clubid, bookid, start_date, end_date, is_current) VALUES (96, 903, '2025-07-04', '2025-08-21', TRUE);
INSERT INTO bookclub_reads (clubid, bookid, start_date, end_date, is_current) VALUES (96, 277, '2025-01-13', '2025-02-12', FALSE);
INSERT INTO bookclub_reads (clubid, bookid, start_date, end_date, is_current) VALUES (96, 166, '2025-06-05', '2025-07-05', FALSE);
INSERT INTO bookclub_reads (clubid, bookid, start_date, end_date, is_current) VALUES (96, 295, '2025-03-24', '2025-04-23', FALSE);
INSERT INTO bookclub_reads (clubid, bookid, start_date, end_date, is_current) VALUES (96, 68, '2025-03-11', '2025-04-10', FALSE);
INSERT INTO bookclub_reads (clubid, bookid, start_date, end_date, is_current) VALUES (96, 902, '2025-04-30', '2025-05-30', FALSE);

INSERT INTO bookclubs (clubid, name, description, creatorid) VALUES (97, 'Book Club 81', 'This is the description for Book Club 81.', 98);
INSERT INTO bookclub_members (clubid, userid) VALUES (97, 98);
INSERT INTO bookclub_members (clubid, userid) VALUES (97, 132);
INSERT INTO bookclub_members (clubid, userid) VALUES (97, 100);
INSERT INTO bookclub_members (clubid, userid) VALUES (97, 134);
INSERT INTO bookclub_members (clubid, userid) VALUES (97, 7);
INSERT INTO bookclub_members (clubid, userid) VALUES (97, 39);
INSERT INTO bookclub_members (clubid, userid) VALUES (97, 46);
INSERT INTO bookclub_members (clubid, userid) VALUES (97, 15);
INSERT INTO bookclub_members (clubid, userid) VALUES (97, 117);
INSERT INTO bookclub_members (clubid, userid) VALUES (97, 153);
INSERT INTO bookclub_members (clubid, userid) VALUES (97, 30);
INSERT INTO bookclub_reads (clubid, bookid, start_date, end_date, is_current) VALUES (97, 888, '2025-06-24', '2025-07-24', TRUE);
INSERT INTO bookclub_reads (clubid, bookid, start_date, end_date, is_current) VALUES (97, 424, '2025-01-14', '2025-02-13', FALSE);
INSERT INTO bookclub_reads (clubid, bookid, start_date, end_date, is_current) VALUES (97, 133, '2025-03-06', '2025-04-05', FALSE);
INSERT INTO bookclub_reads (clubid, bookid, start_date, end_date, is_current) VALUES (97, 650, '2025-03-11', '2025-04-10', FALSE);
INSERT INTO bookclub_reads (clubid, bookid, start_date, end_date, is_current) VALUES (97, 414, '2025-04-03', '2025-05-03', FALSE);
INSERT INTO bookclub_reads (clubid, bookid, start_date, end_date, is_current) VALUES (97, 824, '2025-05-20', '2025-06-19', FALSE);
INSERT INTO bookclub_reads (clubid, bookid, start_date, end_date, is_current) VALUES (97, 864, '2024-12-19', '2025-01-18', FALSE);
INSERT INTO bookclub_reads (clubid, bookid, start_date, end_date, is_current) VALUES (97, 168, '2025-05-29', '2025-06-28', FALSE);
INSERT INTO bookclub_reads (clubid, bookid, start_date, end_date, is_current) VALUES (97, 28, '2025-05-09', '2025-06-08', FALSE);
INSERT INTO bookclub_reads (clubid, bookid, start_date, end_date, is_current) VALUES (97, 252, '2025-03-05', '2025-04-04', FALSE);
INSERT INTO bookclub_reads (clubid, bookid, start_date, end_date, is_current) VALUES (97, 707, '2025-02-13', '2025-03-15', FALSE);
INSERT INTO bookclub_reads (clubid, bookid, start_date, end_date, is_current) VALUES (97, 26, '2025-02-17', '2025-03-19', FALSE);
INSERT INTO bookclub_reads (clubid, bookid, start_date, end_date, is_current) VALUES (97, 86, '2025-04-13', '2025-05-13', FALSE);
INSERT INTO bookclub_reads (clubid, bookid, start_date, end_date, is_current) VALUES (97, 890, '2025-02-05', '2025-03-07', FALSE);

INSERT INTO bookclubs (clubid, name, description, creatorid) VALUES (98, 'Book Club 82', 'This is the description for Book Club 82.', 91);
INSERT INTO bookclub_members (clubid, userid) VALUES (98, 35);
INSERT INTO bookclub_members (clubid, userid) VALUES (98, 78);
INSERT INTO bookclub_members (clubid, userid) VALUES (98, 19);
INSERT INTO bookclub_members (clubid, userid) VALUES (98, 148);
INSERT INTO bookclub_members (clubid, userid) VALUES (98, 120);
INSERT INTO bookclub_members (clubid, userid) VALUES (98, 89);
INSERT INTO bookclub_members (clubid, userid) VALUES (98, 91);
INSERT INTO bookclub_reads (clubid, bookid, start_date, end_date, is_current) VALUES (98, 252, '2025-06-11', '2025-07-28', TRUE);
INSERT INTO bookclub_reads (clubid, bookid, start_date, end_date, is_current) VALUES (98, 576, '2025-03-15', '2025-04-14', FALSE);
INSERT INTO bookclub_reads (clubid, bookid, start_date, end_date, is_current) VALUES (98, 51, '2025-03-22', '2025-04-21', FALSE);
INSERT INTO bookclub_reads (clubid, bookid, start_date, end_date, is_current) VALUES (98, 477, '2025-03-22', '2025-04-21', FALSE);
INSERT INTO bookclub_reads (clubid, bookid, start_date, end_date, is_current) VALUES (98, 132, '2025-06-05', '2025-07-05', FALSE);
INSERT INTO bookclub_reads (clubid, bookid, start_date, end_date, is_current) VALUES (98, 57, '2025-03-22', '2025-04-21', FALSE);
INSERT INTO bookclub_reads (clubid, bookid, start_date, end_date, is_current) VALUES (98, 75, '2025-01-06', '2025-02-05', FALSE);
INSERT INTO bookclub_reads (clubid, bookid, start_date, end_date, is_current) VALUES (98, 385, '2024-12-27', '2025-01-26', FALSE);
INSERT INTO bookclub_reads (clubid, bookid, start_date, end_date, is_current) VALUES (98, 253, '2024-12-19', '2025-01-18', FALSE);
INSERT INTO bookclub_reads (clubid, bookid, start_date, end_date, is_current) VALUES (98, 332, '2024-12-26', '2025-01-25', FALSE);
INSERT INTO bookclub_reads (clubid, bookid, start_date, end_date, is_current) VALUES (98, 415, '2025-04-18', '2025-05-18', FALSE);
INSERT INTO bookclub_reads (clubid, bookid, start_date, end_date, is_current) VALUES (98, 1099, '2024-12-14', '2025-01-13', FALSE);
INSERT INTO bookclub_reads (clubid, bookid, start_date, end_date, is_current) VALUES (98, 171, '2025-03-14', '2025-04-13', FALSE);
INSERT INTO bookclub_reads (clubid, bookid, start_date, end_date, is_current) VALUES (98, 153, '2025-04-15', '2025-05-15', FALSE);
INSERT INTO bookclub_reads (clubid, bookid, start_date, end_date, is_current) VALUES (98, 213, '2025-03-14', '2025-04-13', FALSE);

INSERT INTO bookclubs (clubid, name, description, creatorid) VALUES (99, 'Book Club 83', 'This is the description for Book Club 83.', 61);
INSERT INTO bookclub_members (clubid, userid) VALUES (99, 67);
INSERT INTO bookclub_members (clubid, userid) VALUES (99, 68);
INSERT INTO bookclub_members (clubid, userid) VALUES (99, 9);
INSERT INTO bookclub_members (clubid, userid) VALUES (99, 138);
INSERT INTO bookclub_members (clubid, userid) VALUES (99, 107);
INSERT INTO bookclub_members (clubid, userid) VALUES (99, 123);
INSERT INTO bookclub_members (clubid, userid) VALUES (99, 144);
INSERT INTO bookclub_members (clubid, userid) VALUES (99, 54);
INSERT INTO bookclub_members (clubid, userid) VALUES (99, 55);
INSERT INTO bookclub_members (clubid, userid) VALUES (99, 122);
INSERT INTO bookclub_members (clubid, userid) VALUES (99, 91);
INSERT INTO bookclub_members (clubid, userid) VALUES (99, 61);
INSERT INTO bookclub_members (clubid, userid) VALUES (99, 62);
INSERT INTO bookclub_reads (clubid, bookid, start_date, end_date, is_current) VALUES (99, 122, '2025-07-05', '2025-08-17', TRUE);
INSERT INTO bookclub_reads (clubid, bookid, start_date, end_date, is_current) VALUES (99, 667, '2025-06-13', '2025-07-28', TRUE);
INSERT INTO bookclub_reads (clubid, bookid, start_date, end_date, is_current) VALUES (99, 22, '2025-06-04', '2025-07-04', FALSE);
INSERT INTO bookclub_reads (clubid, bookid, start_date, end_date, is_current) VALUES (99, 162, '2025-04-01', '2025-05-01', FALSE);
INSERT INTO bookclub_reads (clubid, bookid, start_date, end_date, is_current) VALUES (99, 538, '2025-05-08', '2025-06-07', FALSE);
INSERT INTO bookclub_reads (clubid, bookid, start_date, end_date, is_current) VALUES (99, 153, '2025-02-27', '2025-03-29', FALSE);
INSERT INTO bookclub_reads (clubid, bookid, start_date, end_date, is_current) VALUES (99, 110, '2025-03-20', '2025-04-19', FALSE);
INSERT INTO bookclub_reads (clubid, bookid, start_date, end_date, is_current) VALUES (99, 269, '2025-06-03', '2025-07-03', FALSE);
INSERT INTO bookclub_reads (clubid, bookid, start_date, end_date, is_current) VALUES (99, 93, '2025-03-28', '2025-04-27', FALSE);
INSERT INTO bookclub_reads (clubid, bookid, start_date, end_date, is_current) VALUES (99, 759, '2025-05-10', '2025-06-09', FALSE);
INSERT INTO bookclub_reads (clubid, bookid, start_date, end_date, is_current) VALUES (99, 663, '2025-04-16', '2025-05-16', FALSE);
INSERT INTO bookclub_reads (clubid, bookid, start_date, end_date, is_current) VALUES (99, 400, '2025-01-19', '2025-02-18', FALSE);
INSERT INTO bookclub_reads (clubid, bookid, start_date, end_date, is_current) VALUES (99, 35, '2025-03-23', '2025-04-22', FALSE);
INSERT INTO bookclub_reads (clubid, bookid, start_date, end_date, is_current) VALUES (99, 966, '2025-01-31', '2025-03-02', FALSE);
INSERT INTO bookclub_reads (clubid, bookid, start_date, end_date, is_current) VALUES (99, 933, '2025-01-25', '2025-02-24', FALSE);
INSERT INTO bookclub_reads (clubid, bookid, start_date, end_date, is_current) VALUES (99, 5, '2025-04-29', '2025-05-29', FALSE);

INSERT INTO bookclubs (clubid, name, description, creatorid) VALUES (100, 'Book Club 84', 'This is the description for Book Club 84.', 26);
INSERT INTO bookclub_members (clubid, userid) VALUES (100, 36);
INSERT INTO bookclub_members (clubid, userid) VALUES (100, 5);
INSERT INTO bookclub_members (clubid, userid) VALUES (100, 103);
INSERT INTO bookclub_members (clubid, userid) VALUES (100, 104);
INSERT INTO bookclub_members (clubid, userid) VALUES (100, 142);
INSERT INTO bookclub_members (clubid, userid) VALUES (100, 118);
INSERT INTO bookclub_members (clubid, userid) VALUES (100, 25);
INSERT INTO bookclub_members (clubid, userid) VALUES (100, 26);
INSERT INTO bookclub_members (clubid, userid) VALUES (100, 91);
INSERT INTO bookclub_members (clubid, userid) VALUES (100, 92);
INSERT INTO bookclub_members (clubid, userid) VALUES (100, 94);
INSERT INTO bookclub_members (clubid, userid) VALUES (100, 127);
INSERT INTO bookclub_reads (clubid, bookid, start_date, end_date, is_current) VALUES (100, 842, '2025-06-27', '2025-08-07', TRUE);
INSERT INTO bookclub_reads (clubid, bookid, start_date, end_date, is_current) VALUES (100, 31, '2025-05-24', '2025-06-23', FALSE);
INSERT INTO bookclub_reads (clubid, bookid, start_date, end_date, is_current) VALUES (100, 416, '2024-12-29', '2025-01-28', FALSE);
INSERT INTO bookclub_reads (clubid, bookid, start_date, end_date, is_current) VALUES (100, 367, '2025-05-02', '2025-06-01', FALSE);
INSERT INTO bookclub_reads (clubid, bookid, start_date, end_date, is_current) VALUES (100, 1059, '2025-05-05', '2025-06-04', FALSE);
INSERT INTO bookclub_reads (clubid, bookid, start_date, end_date, is_current) VALUES (100, 106, '2025-05-14', '2025-06-13', FALSE);
INSERT INTO bookclub_reads (clubid, bookid, start_date, end_date, is_current) VALUES (100, 1090, '2025-03-22', '2025-04-21', FALSE);
INSERT INTO bookclub_reads (clubid, bookid, start_date, end_date, is_current) VALUES (100, 57, '2024-12-29', '2025-01-28', FALSE);
INSERT INTO bookclub_reads (clubid, bookid, start_date, end_date, is_current) VALUES (100, 23, '2025-06-03', '2025-07-03', FALSE);
INSERT INTO bookclub_reads (clubid, bookid, start_date, end_date, is_current) VALUES (100, 702, '2025-01-28', '2025-02-27', FALSE);
INSERT INTO bookclub_reads (clubid, bookid, start_date, end_date, is_current) VALUES (100, 165, '2025-01-19', '2025-02-18', FALSE);
INSERT INTO bookclub_reads (clubid, bookid, start_date, end_date, is_current) VALUES (100, 333, '2025-06-05', '2025-07-05', FALSE);

INSERT INTO bookclubs (clubid, name, description, creatorid) VALUES (101, 'Book Club 85', 'This is the description for Book Club 85.', 51);
INSERT INTO bookclub_members (clubid, userid) VALUES (101, 3);
INSERT INTO bookclub_members (clubid, userid) VALUES (101, 133);
INSERT INTO bookclub_members (clubid, userid) VALUES (101, 6);
INSERT INTO bookclub_members (clubid, userid) VALUES (101, 137);
INSERT INTO bookclub_members (clubid, userid) VALUES (101, 139);
INSERT INTO bookclub_members (clubid, userid) VALUES (101, 145);
INSERT INTO bookclub_members (clubid, userid) VALUES (101, 147);
INSERT INTO bookclub_members (clubid, userid) VALUES (101, 21);
INSERT INTO bookclub_members (clubid, userid) VALUES (101, 151);
INSERT INTO bookclub_members (clubid, userid) VALUES (101, 28);
INSERT INTO bookclub_members (clubid, userid) VALUES (101, 49);
INSERT INTO bookclub_members (clubid, userid) VALUES (101, 51);
INSERT INTO bookclub_members (clubid, userid) VALUES (101, 52);
INSERT INTO bookclub_members (clubid, userid) VALUES (101, 55);
INSERT INTO bookclub_members (clubid, userid) VALUES (101, 65);
INSERT INTO bookclub_members (clubid, userid) VALUES (101, 69);
INSERT INTO bookclub_members (clubid, userid) VALUES (101, 93);
INSERT INTO bookclub_members (clubid, userid) VALUES (101, 115);
INSERT INTO bookclub_members (clubid, userid) VALUES (101, 127);
INSERT INTO bookclub_reads (clubid, bookid, start_date, end_date, is_current) VALUES (101, 359, '2025-07-07', '2025-08-10', TRUE);
INSERT INTO bookclub_reads (clubid, bookid, start_date, end_date, is_current) VALUES (101, 58, '2025-06-16', '2025-08-13', TRUE);
INSERT INTO bookclub_reads (clubid, bookid, start_date, end_date, is_current) VALUES (101, 264, '2025-06-24', '2025-08-08', TRUE);
INSERT INTO bookclub_reads (clubid, bookid, start_date, end_date, is_current) VALUES (101, 454, '2025-05-02', '2025-06-01', FALSE);
INSERT INTO bookclub_reads (clubid, bookid, start_date, end_date, is_current) VALUES (101, 453, '2025-04-22', '2025-05-22', FALSE);
INSERT INTO bookclub_reads (clubid, bookid, start_date, end_date, is_current) VALUES (101, 237, '2025-03-21', '2025-04-20', FALSE);
INSERT INTO bookclub_reads (clubid, bookid, start_date, end_date, is_current) VALUES (101, 662, '2025-04-27', '2025-05-27', FALSE);
INSERT INTO bookclub_reads (clubid, bookid, start_date, end_date, is_current) VALUES (101, 131, '2025-03-04', '2025-04-03', FALSE);
INSERT INTO bookclub_reads (clubid, bookid, start_date, end_date, is_current) VALUES (101, 676, '2025-01-22', '2025-02-21', FALSE);
INSERT INTO bookclub_reads (clubid, bookid, start_date, end_date, is_current) VALUES (101, 66, '2025-06-05', '2025-07-05', FALSE);
INSERT INTO bookclub_reads (clubid, bookid, start_date, end_date, is_current) VALUES (101, 900, '2025-01-31', '2025-03-02', FALSE);
INSERT INTO bookclub_reads (clubid, bookid, start_date, end_date, is_current) VALUES (101, 466, '2025-05-11', '2025-06-10', FALSE);
INSERT INTO bookclub_reads (clubid, bookid, start_date, end_date, is_current) VALUES (101, 57, '2025-01-12', '2025-02-11', FALSE);
INSERT INTO bookclub_reads (clubid, bookid, start_date, end_date, is_current) VALUES (101, 153, '2025-05-17', '2025-06-16', FALSE);

INSERT INTO bookclubs (clubid, name, description, creatorid) VALUES (102, 'Book Club 86', 'This is the description for Book Club 86.', 16);
INSERT INTO bookclub_members (clubid, userid) VALUES (102, 34);
INSERT INTO bookclub_members (clubid, userid) VALUES (102, 40);
INSERT INTO bookclub_members (clubid, userid) VALUES (102, 75);
INSERT INTO bookclub_members (clubid, userid) VALUES (102, 107);
INSERT INTO bookclub_members (clubid, userid) VALUES (102, 16);
INSERT INTO bookclub_members (clubid, userid) VALUES (102, 30);
INSERT INTO bookclub_members (clubid, userid) VALUES (102, 27);
INSERT INTO bookclub_members (clubid, userid) VALUES (102, 93);
INSERT INTO bookclub_members (clubid, userid) VALUES (102, 126);
INSERT INTO bookclub_reads (clubid, bookid, start_date, end_date, is_current) VALUES (102, 27, '2025-06-25', '2025-08-18', TRUE);
INSERT INTO bookclub_reads (clubid, bookid, start_date, end_date, is_current) VALUES (102, 410, '2025-04-16', '2025-05-16', FALSE);
INSERT INTO bookclub_reads (clubid, bookid, start_date, end_date, is_current) VALUES (102, 434, '2025-04-23', '2025-05-23', FALSE);
INSERT INTO bookclub_reads (clubid, bookid, start_date, end_date, is_current) VALUES (102, 762, '2025-02-16', '2025-03-18', FALSE);
INSERT INTO bookclub_reads (clubid, bookid, start_date, end_date, is_current) VALUES (102, 793, '2025-06-05', '2025-07-05', FALSE);
INSERT INTO bookclub_reads (clubid, bookid, start_date, end_date, is_current) VALUES (102, 2, '2025-01-16', '2025-02-15', FALSE);

INSERT INTO bookclubs (clubid, name, description, creatorid) VALUES (103, 'Book Club 87', 'This is the description for Book Club 87.', 138);
INSERT INTO bookclub_members (clubid, userid) VALUES (103, 105);
INSERT INTO bookclub_members (clubid, userid) VALUES (103, 138);
INSERT INTO bookclub_members (clubid, userid) VALUES (103, 107);
INSERT INTO bookclub_members (clubid, userid) VALUES (103, 142);
INSERT INTO bookclub_members (clubid, userid) VALUES (103, 16);
INSERT INTO bookclub_members (clubid, userid) VALUES (103, 50);
INSERT INTO bookclub_members (clubid, userid) VALUES (103, 148);
INSERT INTO bookclub_members (clubid, userid) VALUES (103, 53);
INSERT INTO bookclub_members (clubid, userid) VALUES (103, 22);
INSERT INTO bookclub_members (clubid, userid) VALUES (103, 23);
INSERT INTO bookclub_members (clubid, userid) VALUES (103, 153);
INSERT INTO bookclub_members (clubid, userid) VALUES (103, 122);
INSERT INTO bookclub_members (clubid, userid) VALUES (103, 62);
INSERT INTO bookclub_members (clubid, userid) VALUES (103, 31);
INSERT INTO bookclub_reads (clubid, bookid, start_date, end_date, is_current) VALUES (103, 9, '2025-06-16', '2025-08-01', TRUE);
INSERT INTO bookclub_reads (clubid, bookid, start_date, end_date, is_current) VALUES (103, 935, '2025-01-21', '2025-02-20', FALSE);
INSERT INTO bookclub_reads (clubid, bookid, start_date, end_date, is_current) VALUES (103, 160, '2025-02-23', '2025-03-25', FALSE);
INSERT INTO bookclub_reads (clubid, bookid, start_date, end_date, is_current) VALUES (103, 432, '2024-12-11', '2025-01-10', FALSE);
INSERT INTO bookclub_reads (clubid, bookid, start_date, end_date, is_current) VALUES (103, 698, '2025-01-16', '2025-02-15', FALSE);
INSERT INTO bookclub_reads (clubid, bookid, start_date, end_date, is_current) VALUES (103, 1073, '2025-03-05', '2025-04-04', FALSE);
INSERT INTO bookclub_reads (clubid, bookid, start_date, end_date, is_current) VALUES (103, 106, '2025-02-27', '2025-03-29', FALSE);
INSERT INTO bookclub_reads (clubid, bookid, start_date, end_date, is_current) VALUES (103, 397, '2025-05-31', '2025-06-30', FALSE);
INSERT INTO bookclub_reads (clubid, bookid, start_date, end_date, is_current) VALUES (103, 538, '2025-03-07', '2025-04-06', FALSE);

INSERT INTO bookclubs (clubid, name, description, creatorid) VALUES (104, 'Book Club 88', 'This is the description for Book Club 88.', 54);
INSERT INTO bookclub_members (clubid, userid) VALUES (104, 34);
INSERT INTO bookclub_members (clubid, userid) VALUES (104, 35);
INSERT INTO bookclub_members (clubid, userid) VALUES (104, 44);
INSERT INTO bookclub_members (clubid, userid) VALUES (104, 111);
INSERT INTO bookclub_members (clubid, userid) VALUES (104, 54);
INSERT INTO bookclub_reads (clubid, bookid, start_date, end_date, is_current) VALUES (104, 251, '2025-06-17', '2025-08-17', TRUE);
INSERT INTO bookclub_reads (clubid, bookid, start_date, end_date, is_current) VALUES (104, 249, '2025-06-16', '2025-08-08', TRUE);
INSERT INTO bookclub_reads (clubid, bookid, start_date, end_date, is_current) VALUES (104, 153, '2025-04-02', '2025-05-02', FALSE);
INSERT INTO bookclub_reads (clubid, bookid, start_date, end_date, is_current) VALUES (104, 80, '2025-05-19', '2025-06-18', FALSE);
INSERT INTO bookclub_reads (clubid, bookid, start_date, end_date, is_current) VALUES (104, 264, '2025-01-25', '2025-02-24', FALSE);
INSERT INTO bookclub_reads (clubid, bookid, start_date, end_date, is_current) VALUES (104, 456, '2025-05-24', '2025-06-23', FALSE);
INSERT INTO bookclub_reads (clubid, bookid, start_date, end_date, is_current) VALUES (104, 137, '2025-05-03', '2025-06-02', FALSE);
INSERT INTO bookclub_reads (clubid, bookid, start_date, end_date, is_current) VALUES (104, 413, '2025-01-18', '2025-02-17', FALSE);

INSERT INTO bookclubs (clubid, name, description, creatorid) VALUES (105, 'Book Club 89', 'This is the description for Book Club 89.', 52);
INSERT INTO bookclub_members (clubid, userid) VALUES (105, 98);
INSERT INTO bookclub_members (clubid, userid) VALUES (105, 100);
INSERT INTO bookclub_members (clubid, userid) VALUES (105, 37);
INSERT INTO bookclub_members (clubid, userid) VALUES (105, 102);
INSERT INTO bookclub_members (clubid, userid) VALUES (105, 136);
INSERT INTO bookclub_members (clubid, userid) VALUES (105, 44);
INSERT INTO bookclub_members (clubid, userid) VALUES (105, 79);
INSERT INTO bookclub_members (clubid, userid) VALUES (105, 112);
INSERT INTO bookclub_members (clubid, userid) VALUES (105, 81);
INSERT INTO bookclub_members (clubid, userid) VALUES (105, 18);
INSERT INTO bookclub_members (clubid, userid) VALUES (105, 52);
INSERT INTO bookclub_members (clubid, userid) VALUES (105, 56);
INSERT INTO bookclub_members (clubid, userid) VALUES (105, 153);
INSERT INTO bookclub_members (clubid, userid) VALUES (105, 26);
INSERT INTO bookclub_members (clubid, userid) VALUES (105, 92);
INSERT INTO bookclub_members (clubid, userid) VALUES (105, 125);
INSERT INTO bookclub_members (clubid, userid) VALUES (105, 25);
INSERT INTO bookclub_reads (clubid, bookid, start_date, end_date, is_current) VALUES (105, 650, '2025-06-12', '2025-07-25', TRUE);
INSERT INTO bookclub_reads (clubid, bookid, start_date, end_date, is_current) VALUES (105, 966, '2025-06-21', '2025-08-20', TRUE);
INSERT INTO bookclub_reads (clubid, bookid, start_date, end_date, is_current) VALUES (105, 422, '2025-07-03', '2025-08-20', TRUE);
INSERT INTO bookclub_reads (clubid, bookid, start_date, end_date, is_current) VALUES (105, 57, '2025-02-18', '2025-03-20', FALSE);
INSERT INTO bookclub_reads (clubid, bookid, start_date, end_date, is_current) VALUES (105, 975, '2025-05-23', '2025-06-22', FALSE);
INSERT INTO bookclub_reads (clubid, bookid, start_date, end_date, is_current) VALUES (105, 377, '2025-01-10', '2025-02-09', FALSE);
INSERT INTO bookclub_reads (clubid, bookid, start_date, end_date, is_current) VALUES (105, 142, '2025-03-01', '2025-03-31', FALSE);
INSERT INTO bookclub_reads (clubid, bookid, start_date, end_date, is_current) VALUES (105, 497, '2025-04-23', '2025-05-23', FALSE);
INSERT INTO bookclub_reads (clubid, bookid, start_date, end_date, is_current) VALUES (105, 643, '2024-12-29', '2025-01-28', FALSE);
INSERT INTO bookclub_reads (clubid, bookid, start_date, end_date, is_current) VALUES (105, 105, '2025-04-13', '2025-05-13', FALSE);
INSERT INTO bookclub_reads (clubid, bookid, start_date, end_date, is_current) VALUES (105, 129, '2025-02-19', '2025-03-21', FALSE);
INSERT INTO bookclub_reads (clubid, bookid, start_date, end_date, is_current) VALUES (105, 763, '2025-01-24', '2025-02-23', FALSE);
INSERT INTO bookclub_reads (clubid, bookid, start_date, end_date, is_current) VALUES (105, 247, '2025-05-24', '2025-06-23', FALSE);
INSERT INTO bookclub_reads (clubid, bookid, start_date, end_date, is_current) VALUES (105, 903, '2025-06-03', '2025-07-03', FALSE);

INSERT INTO bookclubs (clubid, name, description, creatorid) VALUES (106, 'Book Club 90', 'This is the description for Book Club 90.', 131);
INSERT INTO bookclub_members (clubid, userid) VALUES (106, 96);
INSERT INTO bookclub_members (clubid, userid) VALUES (106, 65);
INSERT INTO bookclub_members (clubid, userid) VALUES (106, 130);
INSERT INTO bookclub_members (clubid, userid) VALUES (106, 67);
INSERT INTO bookclub_members (clubid, userid) VALUES (106, 32);
INSERT INTO bookclub_members (clubid, userid) VALUES (106, 68);
INSERT INTO bookclub_members (clubid, userid) VALUES (106, 131);
INSERT INTO bookclub_members (clubid, userid) VALUES (106, 105);
INSERT INTO bookclub_members (clubid, userid) VALUES (106, 74);
INSERT INTO bookclub_members (clubid, userid) VALUES (106, 139);
INSERT INTO bookclub_members (clubid, userid) VALUES (106, 108);
INSERT INTO bookclub_members (clubid, userid) VALUES (106, 59);
INSERT INTO bookclub_members (clubid, userid) VALUES (106, 79);
INSERT INTO bookclub_members (clubid, userid) VALUES (106, 112);
INSERT INTO bookclub_members (clubid, userid) VALUES (106, 25);
INSERT INTO bookclub_members (clubid, userid) VALUES (106, 91);
INSERT INTO bookclub_reads (clubid, bookid, start_date, end_date, is_current) VALUES (106, 830, '2025-07-04', '2025-07-28', TRUE);
INSERT INTO bookclub_reads (clubid, bookid, start_date, end_date, is_current) VALUES (106, 1032, '2025-07-06', '2025-08-08', TRUE);
INSERT INTO bookclub_reads (clubid, bookid, start_date, end_date, is_current) VALUES (106, 123, '2025-02-16', '2025-03-18', FALSE);
INSERT INTO bookclub_reads (clubid, bookid, start_date, end_date, is_current) VALUES (106, 515, '2025-01-10', '2025-02-09', FALSE);
INSERT INTO bookclub_reads (clubid, bookid, start_date, end_date, is_current) VALUES (106, 416, '2025-02-27', '2025-03-29', FALSE);
INSERT INTO bookclub_reads (clubid, bookid, start_date, end_date, is_current) VALUES (106, 965, '2025-03-16', '2025-04-15', FALSE);
INSERT INTO bookclub_reads (clubid, bookid, start_date, end_date, is_current) VALUES (106, 18, '2025-04-15', '2025-05-15', FALSE);

INSERT INTO bookclubs (clubid, name, description, creatorid) VALUES (107, 'Book Club 91', 'This is the description for Book Club 91.', 43);
INSERT INTO bookclub_members (clubid, userid) VALUES (107, 33);
INSERT INTO bookclub_members (clubid, userid) VALUES (107, 135);
INSERT INTO bookclub_members (clubid, userid) VALUES (107, 73);
INSERT INTO bookclub_members (clubid, userid) VALUES (107, 75);
INSERT INTO bookclub_members (clubid, userid) VALUES (107, 43);
INSERT INTO bookclub_members (clubid, userid) VALUES (107, 51);
INSERT INTO bookclub_members (clubid, userid) VALUES (107, 148);
INSERT INTO bookclub_members (clubid, userid) VALUES (107, 83);
INSERT INTO bookclub_members (clubid, userid) VALUES (107, 151);
INSERT INTO bookclub_members (clubid, userid) VALUES (107, 56);
INSERT INTO bookclub_members (clubid, userid) VALUES (107, 58);
INSERT INTO bookclub_members (clubid, userid) VALUES (107, 62);
INSERT INTO bookclub_reads (clubid, bookid, start_date, end_date, is_current) VALUES (107, 538, '2025-07-02', '2025-08-08', TRUE);
INSERT INTO bookclub_reads (clubid, bookid, start_date, end_date, is_current) VALUES (107, 498, '2025-06-25', '2025-08-13', TRUE);
INSERT INTO bookclub_reads (clubid, bookid, start_date, end_date, is_current) VALUES (107, 144, '2025-01-03', '2025-02-02', FALSE);
INSERT INTO bookclub_reads (clubid, bookid, start_date, end_date, is_current) VALUES (107, 160, '2024-12-12', '2025-01-11', FALSE);
INSERT INTO bookclub_reads (clubid, bookid, start_date, end_date, is_current) VALUES (107, 250, '2025-03-08', '2025-04-07', FALSE);
INSERT INTO bookclub_reads (clubid, bookid, start_date, end_date, is_current) VALUES (107, 36, '2025-03-31', '2025-04-30', FALSE);
INSERT INTO bookclub_reads (clubid, bookid, start_date, end_date, is_current) VALUES (107, 759, '2025-01-15', '2025-02-14', FALSE);
INSERT INTO bookclub_reads (clubid, bookid, start_date, end_date, is_current) VALUES (107, 292, '2025-03-07', '2025-04-06', FALSE);
INSERT INTO bookclub_reads (clubid, bookid, start_date, end_date, is_current) VALUES (107, 866, '2025-02-06', '2025-03-08', FALSE);
INSERT INTO bookclub_reads (clubid, bookid, start_date, end_date, is_current) VALUES (107, 869, '2025-05-09', '2025-06-08', FALSE);

INSERT INTO bookclubs (clubid, name, description, creatorid) VALUES (108, 'Book Club 92', 'This is the description for Book Club 92.', 94);
INSERT INTO bookclub_members (clubid, userid) VALUES (108, 1);
INSERT INTO bookclub_members (clubid, userid) VALUES (108, 134);
INSERT INTO bookclub_members (clubid, userid) VALUES (108, 140);
INSERT INTO bookclub_members (clubid, userid) VALUES (108, 150);
INSERT INTO bookclub_members (clubid, userid) VALUES (108, 153);
INSERT INTO bookclub_members (clubid, userid) VALUES (108, 33);
INSERT INTO bookclub_members (clubid, userid) VALUES (108, 34);
INSERT INTO bookclub_members (clubid, userid) VALUES (108, 49);
INSERT INTO bookclub_members (clubid, userid) VALUES (108, 59);
INSERT INTO bookclub_members (clubid, userid) VALUES (108, 71);
INSERT INTO bookclub_members (clubid, userid) VALUES (108, 76);
INSERT INTO bookclub_members (clubid, userid) VALUES (108, 81);
INSERT INTO bookclub_members (clubid, userid) VALUES (108, 91);
INSERT INTO bookclub_members (clubid, userid) VALUES (108, 94);
INSERT INTO bookclub_members (clubid, userid) VALUES (108, 103);
INSERT INTO bookclub_members (clubid, userid) VALUES (108, 110);
INSERT INTO bookclub_members (clubid, userid) VALUES (108, 119);
INSERT INTO bookclub_members (clubid, userid) VALUES (108, 124);
INSERT INTO bookclub_members (clubid, userid) VALUES (108, 127);
INSERT INTO bookclub_reads (clubid, bookid, start_date, end_date, is_current) VALUES (108, 13, '2025-07-01', '2025-08-12', TRUE);
INSERT INTO bookclub_reads (clubid, bookid, start_date, end_date, is_current) VALUES (108, 55, '2025-06-28', '2025-07-26', TRUE);
INSERT INTO bookclub_reads (clubid, bookid, start_date, end_date, is_current) VALUES (108, 297, '2025-07-05', '2025-08-10', TRUE);
INSERT INTO bookclub_reads (clubid, bookid, start_date, end_date, is_current) VALUES (108, 152, '2025-06-06', '2025-07-06', FALSE);
INSERT INTO bookclub_reads (clubid, bookid, start_date, end_date, is_current) VALUES (108, 463, '2025-04-25', '2025-05-25', FALSE);
INSERT INTO bookclub_reads (clubid, bookid, start_date, end_date, is_current) VALUES (108, 181, '2025-02-18', '2025-03-20', FALSE);
INSERT INTO bookclub_reads (clubid, bookid, start_date, end_date, is_current) VALUES (108, 230, '2025-04-10', '2025-05-10', FALSE);
INSERT INTO bookclub_reads (clubid, bookid, start_date, end_date, is_current) VALUES (108, 109, '2025-02-02', '2025-03-04', FALSE);
INSERT INTO bookclub_reads (clubid, bookid, start_date, end_date, is_current) VALUES (108, 650, '2025-04-10', '2025-05-10', FALSE);

INSERT INTO bookclubs (clubid, name, description, creatorid) VALUES (109, 'Book Club 93', 'This is the description for Book Club 93.', 152);
INSERT INTO bookclub_members (clubid, userid) VALUES (109, 129);
INSERT INTO bookclub_members (clubid, userid) VALUES (109, 98);
INSERT INTO bookclub_members (clubid, userid) VALUES (109, 66);
INSERT INTO bookclub_members (clubid, userid) VALUES (109, 7);
INSERT INTO bookclub_members (clubid, userid) VALUES (109, 105);
INSERT INTO bookclub_members (clubid, userid) VALUES (109, 11);
INSERT INTO bookclub_members (clubid, userid) VALUES (109, 108);
INSERT INTO bookclub_members (clubid, userid) VALUES (109, 20);
INSERT INTO bookclub_members (clubid, userid) VALUES (109, 54);
INSERT INTO bookclub_members (clubid, userid) VALUES (109, 118);
INSERT INTO bookclub_members (clubid, userid) VALUES (109, 22);
INSERT INTO bookclub_members (clubid, userid) VALUES (109, 122);
INSERT INTO bookclub_members (clubid, userid) VALUES (109, 152);
INSERT INTO bookclub_reads (clubid, bookid, start_date, end_date, is_current) VALUES (109, 348, '2025-06-23', '2025-08-11', TRUE);
INSERT INTO bookclub_reads (clubid, bookid, start_date, end_date, is_current) VALUES (109, 998, '2025-07-02', '2025-07-25', TRUE);
INSERT INTO bookclub_reads (clubid, bookid, start_date, end_date, is_current) VALUES (109, 428, '2025-06-23', '2025-08-21', TRUE);
INSERT INTO bookclub_reads (clubid, bookid, start_date, end_date, is_current) VALUES (109, 177, '2025-04-10', '2025-05-10', FALSE);
INSERT INTO bookclub_reads (clubid, bookid, start_date, end_date, is_current) VALUES (109, 663, '2025-03-16', '2025-04-15', FALSE);
INSERT INTO bookclub_reads (clubid, bookid, start_date, end_date, is_current) VALUES (109, 987, '2025-02-22', '2025-03-24', FALSE);
INSERT INTO bookclub_reads (clubid, bookid, start_date, end_date, is_current) VALUES (109, 793, '2025-04-29', '2025-05-29', FALSE);
INSERT INTO bookclub_reads (clubid, bookid, start_date, end_date, is_current) VALUES (109, 1059, '2024-12-27', '2025-01-26', FALSE);
INSERT INTO bookclub_reads (clubid, bookid, start_date, end_date, is_current) VALUES (109, 880, '2025-01-29', '2025-02-28', FALSE);
INSERT INTO bookclub_reads (clubid, bookid, start_date, end_date, is_current) VALUES (109, 668, '2025-02-16', '2025-03-18', FALSE);
INSERT INTO bookclub_reads (clubid, bookid, start_date, end_date, is_current) VALUES (109, 477, '2025-01-19', '2025-02-18', FALSE);
INSERT INTO bookclub_reads (clubid, bookid, start_date, end_date, is_current) VALUES (109, 330, '2025-01-04', '2025-02-03', FALSE);

INSERT INTO bookclubs (clubid, name, description, creatorid) VALUES (110, 'Book Club 94', 'This is the description for Book Club 94.', 74);
INSERT INTO bookclub_members (clubid, userid) VALUES (110, 34);
INSERT INTO bookclub_members (clubid, userid) VALUES (110, 66);
INSERT INTO bookclub_members (clubid, userid) VALUES (110, 58);
INSERT INTO bookclub_members (clubid, userid) VALUES (110, 26);
INSERT INTO bookclub_members (clubid, userid) VALUES (110, 135);
INSERT INTO bookclub_members (clubid, userid) VALUES (110, 74);
INSERT INTO bookclub_members (clubid, userid) VALUES (110, 107);
INSERT INTO bookclub_members (clubid, userid) VALUES (110, 140);
INSERT INTO bookclub_members (clubid, userid) VALUES (110, 12);
INSERT INTO bookclub_members (clubid, userid) VALUES (110, 78);
INSERT INTO bookclub_members (clubid, userid) VALUES (110, 83);
INSERT INTO bookclub_members (clubid, userid) VALUES (110, 115);
INSERT INTO bookclub_members (clubid, userid) VALUES (110, 57);
INSERT INTO bookclub_members (clubid, userid) VALUES (110, 122);
INSERT INTO bookclub_members (clubid, userid) VALUES (110, 124);
INSERT INTO bookclub_reads (clubid, bookid, start_date, end_date, is_current) VALUES (110, 252, '2025-07-02', '2025-07-26', TRUE);
INSERT INTO bookclub_reads (clubid, bookid, start_date, end_date, is_current) VALUES (110, 295, '2025-06-26', '2025-08-15', TRUE);
INSERT INTO bookclub_reads (clubid, bookid, start_date, end_date, is_current) VALUES (110, 903, '2025-06-24', '2025-08-01', TRUE);
INSERT INTO bookclub_reads (clubid, bookid, start_date, end_date, is_current) VALUES (110, 703, '2025-03-26', '2025-04-25', FALSE);
INSERT INTO bookclub_reads (clubid, bookid, start_date, end_date, is_current) VALUES (110, 420, '2024-12-29', '2025-01-28', FALSE);
INSERT INTO bookclub_reads (clubid, bookid, start_date, end_date, is_current) VALUES (110, 122, '2024-12-18', '2025-01-17', FALSE);
INSERT INTO bookclub_reads (clubid, bookid, start_date, end_date, is_current) VALUES (110, 36, '2025-05-26', '2025-06-25', FALSE);
INSERT INTO bookclub_reads (clubid, bookid, start_date, end_date, is_current) VALUES (110, 872, '2025-03-02', '2025-04-01', FALSE);
INSERT INTO bookclub_reads (clubid, bookid, start_date, end_date, is_current) VALUES (110, 214, '2025-02-04', '2025-03-06', FALSE);
INSERT INTO bookclub_reads (clubid, bookid, start_date, end_date, is_current) VALUES (110, 864, '2025-05-16', '2025-06-15', FALSE);
INSERT INTO bookclub_reads (clubid, bookid, start_date, end_date, is_current) VALUES (110, 156, '2025-03-31', '2025-04-30', FALSE);
INSERT INTO bookclub_reads (clubid, bookid, start_date, end_date, is_current) VALUES (110, 153, '2025-02-23', '2025-03-25', FALSE);
INSERT INTO bookclub_reads (clubid, bookid, start_date, end_date, is_current) VALUES (110, 107, '2024-12-20', '2025-01-19', FALSE);
INSERT INTO bookclub_reads (clubid, bookid, start_date, end_date, is_current) VALUES (110, 484, '2025-02-16', '2025-03-18', FALSE);
INSERT INTO bookclub_reads (clubid, bookid, start_date, end_date, is_current) VALUES (110, 432, '2025-05-14', '2025-06-13', FALSE);
INSERT INTO bookclub_reads (clubid, bookid, start_date, end_date, is_current) VALUES (110, 27, '2025-03-24', '2025-04-23', FALSE);
INSERT INTO bookclub_reads (clubid, bookid, start_date, end_date, is_current) VALUES (110, 80, '2025-02-07', '2025-03-09', FALSE);
INSERT INTO bookclub_reads (clubid, bookid, start_date, end_date, is_current) VALUES (110, 337, '2025-01-17', '2025-02-16', FALSE);

INSERT INTO bookclubs (clubid, name, description, creatorid) VALUES (111, 'Book Club 95', 'This is the description for Book Club 95.', 65);
INSERT INTO bookclub_members (clubid, userid) VALUES (111, 128);
INSERT INTO bookclub_members (clubid, userid) VALUES (111, 65);
INSERT INTO bookclub_members (clubid, userid) VALUES (111, 100);
INSERT INTO bookclub_members (clubid, userid) VALUES (111, 102);
INSERT INTO bookclub_members (clubid, userid) VALUES (111, 38);
INSERT INTO bookclub_members (clubid, userid) VALUES (111, 8);
INSERT INTO bookclub_members (clubid, userid) VALUES (111, 42);
INSERT INTO bookclub_members (clubid, userid) VALUES (111, 106);
INSERT INTO bookclub_members (clubid, userid) VALUES (111, 109);
INSERT INTO bookclub_members (clubid, userid) VALUES (111, 83);
INSERT INTO bookclub_members (clubid, userid) VALUES (111, 118);
INSERT INTO bookclub_members (clubid, userid) VALUES (111, 30);
INSERT INTO bookclub_members (clubid, userid) VALUES (111, 56);
INSERT INTO bookclub_members (clubid, userid) VALUES (111, 57);
INSERT INTO bookclub_members (clubid, userid) VALUES (111, 26);
INSERT INTO bookclub_members (clubid, userid) VALUES (111, 124);
INSERT INTO bookclub_members (clubid, userid) VALUES (111, 94);
INSERT INTO bookclub_reads (clubid, bookid, start_date, end_date, is_current) VALUES (111, 663, '2025-06-15', '2025-08-18', TRUE);
INSERT INTO bookclub_reads (clubid, bookid, start_date, end_date, is_current) VALUES (111, 93, '2025-06-11', '2025-08-11', TRUE);
INSERT INTO bookclub_reads (clubid, bookid, start_date, end_date, is_current) VALUES (111, 435, '2025-06-28', '2025-07-28', TRUE);
INSERT INTO bookclub_reads (clubid, bookid, start_date, end_date, is_current) VALUES (111, 230, '2025-03-16', '2025-04-15', FALSE);
INSERT INTO bookclub_reads (clubid, bookid, start_date, end_date, is_current) VALUES (111, 8, '2024-12-09', '2025-01-08', FALSE);
INSERT INTO bookclub_reads (clubid, bookid, start_date, end_date, is_current) VALUES (111, 432, '2025-04-01', '2025-05-01', FALSE);
INSERT INTO bookclub_reads (clubid, bookid, start_date, end_date, is_current) VALUES (111, 98, '2025-05-20', '2025-06-19', FALSE);
INSERT INTO bookclub_reads (clubid, bookid, start_date, end_date, is_current) VALUES (111, 890, '2025-02-14', '2025-03-16', FALSE);
INSERT INTO bookclub_reads (clubid, bookid, start_date, end_date, is_current) VALUES (111, 829, '2025-02-01', '2025-03-03', FALSE);
INSERT INTO bookclub_reads (clubid, bookid, start_date, end_date, is_current) VALUES (111, 972, '2025-02-22', '2025-03-24', FALSE);
INSERT INTO bookclub_reads (clubid, bookid, start_date, end_date, is_current) VALUES (111, 135, '2024-12-28', '2025-01-27', FALSE);
INSERT INTO bookclub_reads (clubid, bookid, start_date, end_date, is_current) VALUES (111, 30, '2025-01-21', '2025-02-20', FALSE);
INSERT INTO bookclub_reads (clubid, bookid, start_date, end_date, is_current) VALUES (111, 109, '2025-03-06', '2025-04-05', FALSE);
INSERT INTO bookclub_reads (clubid, bookid, start_date, end_date, is_current) VALUES (111, 16, '2025-05-31', '2025-06-30', FALSE);
INSERT INTO bookclub_reads (clubid, bookid, start_date, end_date, is_current) VALUES (111, 416, '2025-03-30', '2025-04-29', FALSE);
INSERT INTO bookclub_reads (clubid, bookid, start_date, end_date, is_current) VALUES (111, 264, '2025-03-01', '2025-03-31', FALSE);
INSERT INTO bookclub_reads (clubid, bookid, start_date, end_date, is_current) VALUES (111, 152, '2025-05-25', '2025-06-24', FALSE);
INSERT INTO bookclub_reads (clubid, bookid, start_date, end_date, is_current) VALUES (111, 359, '2024-12-27', '2025-01-26', FALSE);

INSERT INTO bookclubs (clubid, name, description, creatorid) VALUES (112, 'Book Club 96', 'This is the description for Book Club 96.', 30);
INSERT INTO bookclub_members (clubid, userid) VALUES (112, 64);
INSERT INTO bookclub_members (clubid, userid) VALUES (112, 6);
INSERT INTO bookclub_members (clubid, userid) VALUES (112, 40);
INSERT INTO bookclub_members (clubid, userid) VALUES (112, 47);
INSERT INTO bookclub_members (clubid, userid) VALUES (112, 24);
INSERT INTO bookclub_members (clubid, userid) VALUES (112, 30);
INSERT INTO bookclub_reads (clubid, bookid, start_date, end_date, is_current) VALUES (112, 16, '2025-06-20', '2025-07-30', TRUE);
INSERT INTO bookclub_reads (clubid, bookid, start_date, end_date, is_current) VALUES (112, 92, '2025-06-17', '2025-07-28', TRUE);
INSERT INTO bookclub_reads (clubid, bookid, start_date, end_date, is_current) VALUES (112, 815, '2025-02-22', '2025-03-24', FALSE);
INSERT INTO bookclub_reads (clubid, bookid, start_date, end_date, is_current) VALUES (112, 207, '2025-04-19', '2025-05-19', FALSE);
INSERT INTO bookclub_reads (clubid, bookid, start_date, end_date, is_current) VALUES (112, 76, '2025-05-29', '2025-06-28', FALSE);
INSERT INTO bookclub_reads (clubid, bookid, start_date, end_date, is_current) VALUES (112, 431, '2025-01-04', '2025-02-03', FALSE);
INSERT INTO bookclub_reads (clubid, bookid, start_date, end_date, is_current) VALUES (112, 131, '2025-01-08', '2025-02-07', FALSE);
INSERT INTO bookclub_reads (clubid, bookid, start_date, end_date, is_current) VALUES (112, 74, '2024-12-21', '2025-01-20', FALSE);
INSERT INTO bookclub_reads (clubid, bookid, start_date, end_date, is_current) VALUES (112, 386, '2025-06-03', '2025-07-03', FALSE);
INSERT INTO bookclub_reads (clubid, bookid, start_date, end_date, is_current) VALUES (112, 404, '2025-04-06', '2025-05-06', FALSE);
INSERT INTO bookclub_reads (clubid, bookid, start_date, end_date, is_current) VALUES (112, 69, '2024-12-27', '2025-01-26', FALSE);
INSERT INTO bookclub_reads (clubid, bookid, start_date, end_date, is_current) VALUES (112, 163, '2025-04-12', '2025-05-12', FALSE);
INSERT INTO bookclub_reads (clubid, bookid, start_date, end_date, is_current) VALUES (112, 868, '2025-05-20', '2025-06-19', FALSE);
INSERT INTO bookclub_reads (clubid, bookid, start_date, end_date, is_current) VALUES (112, 1007, '2025-03-06', '2025-04-05', FALSE);
INSERT INTO bookclub_reads (clubid, bookid, start_date, end_date, is_current) VALUES (112, 902, '2025-01-06', '2025-02-05', FALSE);

INSERT INTO bookclubs (clubid, name, description, creatorid) VALUES (113, 'Book Club 97', 'This is the description for Book Club 97.', 49);
INSERT INTO bookclub_members (clubid, userid) VALUES (113, 3);
INSERT INTO bookclub_members (clubid, userid) VALUES (113, 133);
INSERT INTO bookclub_members (clubid, userid) VALUES (113, 40);
INSERT INTO bookclub_members (clubid, userid) VALUES (113, 137);
INSERT INTO bookclub_members (clubid, userid) VALUES (113, 138);
INSERT INTO bookclub_members (clubid, userid) VALUES (113, 13);
INSERT INTO bookclub_members (clubid, userid) VALUES (113, 16);
INSERT INTO bookclub_members (clubid, userid) VALUES (113, 49);
INSERT INTO bookclub_members (clubid, userid) VALUES (113, 19);
INSERT INTO bookclub_members (clubid, userid) VALUES (113, 86);
INSERT INTO bookclub_members (clubid, userid) VALUES (113, 127);
INSERT INTO bookclub_reads (clubid, bookid, start_date, end_date, is_current) VALUES (113, 105, '2025-07-06', '2025-07-24', TRUE);
INSERT INTO bookclub_reads (clubid, bookid, start_date, end_date, is_current) VALUES (113, 987, '2025-06-15', '2025-08-09', TRUE);
INSERT INTO bookclub_reads (clubid, bookid, start_date, end_date, is_current) VALUES (113, 45, '2025-06-07', '2025-07-22', TRUE);
INSERT INTO bookclub_reads (clubid, bookid, start_date, end_date, is_current) VALUES (113, 484, '2024-12-18', '2025-01-17', FALSE);
INSERT INTO bookclub_reads (clubid, bookid, start_date, end_date, is_current) VALUES (113, 296, '2025-01-18', '2025-02-17', FALSE);
INSERT INTO bookclub_reads (clubid, bookid, start_date, end_date, is_current) VALUES (113, 658, '2025-05-15', '2025-06-14', FALSE);
INSERT INTO bookclub_reads (clubid, bookid, start_date, end_date, is_current) VALUES (113, 290, '2024-12-19', '2025-01-18', FALSE);
INSERT INTO bookclub_reads (clubid, bookid, start_date, end_date, is_current) VALUES (113, 50, '2025-02-02', '2025-03-04', FALSE);
INSERT INTO bookclub_reads (clubid, bookid, start_date, end_date, is_current) VALUES (113, 403, '2025-05-05', '2025-06-04', FALSE);
INSERT INTO bookclub_reads (clubid, bookid, start_date, end_date, is_current) VALUES (113, 1073, '2025-03-11', '2025-04-10', FALSE);
INSERT INTO bookclub_reads (clubid, bookid, start_date, end_date, is_current) VALUES (113, 866, '2025-02-24', '2025-03-26', FALSE);
INSERT INTO bookclub_reads (clubid, bookid, start_date, end_date, is_current) VALUES (113, 130, '2025-01-03', '2025-02-02', FALSE);
INSERT INTO bookclub_reads (clubid, bookid, start_date, end_date, is_current) VALUES (113, 643, '2025-05-11', '2025-06-10', FALSE);
INSERT INTO bookclub_reads (clubid, bookid, start_date, end_date, is_current) VALUES (113, 880, '2025-04-11', '2025-05-11', FALSE);
INSERT INTO bookclub_reads (clubid, bookid, start_date, end_date, is_current) VALUES (113, 249, '2025-05-02', '2025-06-01', FALSE);
INSERT INTO bookclub_reads (clubid, bookid, start_date, end_date, is_current) VALUES (113, 31, '2025-03-01', '2025-03-31', FALSE);
INSERT INTO bookclub_reads (clubid, bookid, start_date, end_date, is_current) VALUES (113, 61, '2025-05-03', '2025-06-02', FALSE);
INSERT INTO bookclub_reads (clubid, bookid, start_date, end_date, is_current) VALUES (113, 703, '2025-03-25', '2025-04-24', FALSE);

INSERT INTO bookclubs (clubid, name, description, creatorid) VALUES (114, 'Book Club 98', 'This is the description for Book Club 98.', 64);
INSERT INTO bookclub_members (clubid, userid) VALUES (114, 64);
INSERT INTO bookclub_members (clubid, userid) VALUES (114, 98);
INSERT INTO bookclub_members (clubid, userid) VALUES (114, 5);
INSERT INTO bookclub_members (clubid, userid) VALUES (114, 133);
INSERT INTO bookclub_members (clubid, userid) VALUES (114, 42);
INSERT INTO bookclub_members (clubid, userid) VALUES (114, 10);
INSERT INTO bookclub_members (clubid, userid) VALUES (114, 108);
INSERT INTO bookclub_members (clubid, userid) VALUES (114, 145);
INSERT INTO bookclub_members (clubid, userid) VALUES (114, 119);
INSERT INTO bookclub_members (clubid, userid) VALUES (114, 121);
INSERT INTO bookclub_reads (clubid, bookid, start_date, end_date, is_current) VALUES (114, 230, '2025-06-14', '2025-08-06', TRUE);
INSERT INTO bookclub_reads (clubid, bookid, start_date, end_date, is_current) VALUES (114, 1007, '2025-07-06', '2025-07-25', TRUE);
INSERT INTO bookclub_reads (clubid, bookid, start_date, end_date, is_current) VALUES (114, 841, '2025-06-12', '2025-08-01', TRUE);
INSERT INTO bookclub_reads (clubid, bookid, start_date, end_date, is_current) VALUES (114, 138, '2025-05-05', '2025-06-04', FALSE);
INSERT INTO bookclub_reads (clubid, bookid, start_date, end_date, is_current) VALUES (114, 678, '2025-01-23', '2025-02-22', FALSE);
INSERT INTO bookclub_reads (clubid, bookid, start_date, end_date, is_current) VALUES (114, 245, '2025-01-21', '2025-02-20', FALSE);
INSERT INTO bookclub_reads (clubid, bookid, start_date, end_date, is_current) VALUES (114, 37, '2025-02-20', '2025-03-22', FALSE);
INSERT INTO bookclub_reads (clubid, bookid, start_date, end_date, is_current) VALUES (114, 244, '2025-05-12', '2025-06-11', FALSE);
INSERT INTO bookclub_reads (clubid, bookid, start_date, end_date, is_current) VALUES (114, 816, '2025-02-15', '2025-03-17', FALSE);
INSERT INTO bookclub_reads (clubid, bookid, start_date, end_date, is_current) VALUES (114, 10, '2025-05-19', '2025-06-18', FALSE);
INSERT INTO bookclub_reads (clubid, bookid, start_date, end_date, is_current) VALUES (114, 1022, '2025-03-29', '2025-04-28', FALSE);
INSERT INTO bookclub_reads (clubid, bookid, start_date, end_date, is_current) VALUES (114, 702, '2025-01-21', '2025-02-20', FALSE);
INSERT INTO bookclub_reads (clubid, bookid, start_date, end_date, is_current) VALUES (114, 639, '2025-04-26', '2025-05-26', FALSE);

INSERT INTO bookclubs (clubid, name, description, creatorid) VALUES (115, 'Book Club 99', 'This is the description for Book Club 99.', 56);
INSERT INTO bookclub_members (clubid, userid) VALUES (115, 65);
INSERT INTO bookclub_members (clubid, userid) VALUES (115, 6);
INSERT INTO bookclub_members (clubid, userid) VALUES (115, 73);
INSERT INTO bookclub_members (clubid, userid) VALUES (115, 107);
INSERT INTO bookclub_members (clubid, userid) VALUES (115, 14);
INSERT INTO bookclub_members (clubid, userid) VALUES (115, 145);
INSERT INTO bookclub_members (clubid, userid) VALUES (115, 50);
INSERT INTO bookclub_members (clubid, userid) VALUES (115, 30);
INSERT INTO bookclub_members (clubid, userid) VALUES (115, 120);
INSERT INTO bookclub_members (clubid, userid) VALUES (115, 56);
INSERT INTO bookclub_members (clubid, userid) VALUES (115, 61);
INSERT INTO bookclub_members (clubid, userid) VALUES (115, 126);
INSERT INTO bookclub_reads (clubid, bookid, start_date, end_date, is_current) VALUES (115, 763, '2025-06-28', '2025-08-02', TRUE);
INSERT INTO bookclub_reads (clubid, bookid, start_date, end_date, is_current) VALUES (115, 61, '2025-01-17', '2025-02-16', FALSE);
INSERT INTO bookclub_reads (clubid, bookid, start_date, end_date, is_current) VALUES (115, 147, '2025-04-13', '2025-05-13', FALSE);
INSERT INTO bookclub_reads (clubid, bookid, start_date, end_date, is_current) VALUES (115, 313, '2025-03-20', '2025-04-19', FALSE);
INSERT INTO bookclub_reads (clubid, bookid, start_date, end_date, is_current) VALUES (115, 4, '2025-01-16', '2025-02-15', FALSE);
INSERT INTO bookclub_reads (clubid, bookid, start_date, end_date, is_current) VALUES (115, 208, '2025-03-09', '2025-04-08', FALSE);

INSERT INTO bookclubs (clubid, name, description, creatorid) VALUES (116, 'Book Club 100', 'This is the description for Book Club 100.', 100);
INSERT INTO bookclub_members (clubid, userid) VALUES (116, 3);
INSERT INTO bookclub_members (clubid, userid) VALUES (116, 100);
INSERT INTO bookclub_members (clubid, userid) VALUES (116, 38);
INSERT INTO bookclub_members (clubid, userid) VALUES (116, 6);
INSERT INTO bookclub_members (clubid, userid) VALUES (116, 43);
INSERT INTO bookclub_members (clubid, userid) VALUES (116, 48);
INSERT INTO bookclub_reads (clubid, bookid, start_date, end_date, is_current) VALUES (116, 138, '2025-06-18', '2025-08-08', TRUE);
INSERT INTO bookclub_reads (clubid, bookid, start_date, end_date, is_current) VALUES (116, 707, '2025-06-29', '2025-07-23', TRUE);
INSERT INTO bookclub_reads (clubid, bookid, start_date, end_date, is_current) VALUES (116, 58, '2025-02-06', '2025-03-08', FALSE);
INSERT INTO bookclub_reads (clubid, bookid, start_date, end_date, is_current) VALUES (116, 663, '2025-01-04', '2025-02-03', FALSE);
INSERT INTO bookclub_reads (clubid, bookid, start_date, end_date, is_current) VALUES (116, 74, '2024-12-17', '2025-01-16', FALSE);
INSERT INTO bookclub_reads (clubid, bookid, start_date, end_date, is_current) VALUES (116, 824, '2025-05-15', '2025-06-14', FALSE);
INSERT INTO bookclub_reads (clubid, bookid, start_date, end_date, is_current) VALUES (116, 109, '2025-06-03', '2025-07-03', FALSE);
INSERT INTO bookclub_reads (clubid, bookid, start_date, end_date, is_current) VALUES (116, 165, '2025-01-06', '2025-02-05', FALSE);

INSERT INTO bookclubs (clubid, name, description, creatorid) VALUES (117, 'Book Club 101', 'This is the description for Book Club 101.', 61);
INSERT INTO bookclub_members (clubid, userid) VALUES (117, 89);
INSERT INTO bookclub_members (clubid, userid) VALUES (117, 100);
INSERT INTO bookclub_members (clubid, userid) VALUES (117, 36);
INSERT INTO bookclub_members (clubid, userid) VALUES (117, 38);
INSERT INTO bookclub_members (clubid, userid) VALUES (117, 41);
INSERT INTO bookclub_members (clubid, userid) VALUES (117, 42);
INSERT INTO bookclub_members (clubid, userid) VALUES (117, 61);
INSERT INTO bookclub_members (clubid, userid) VALUES (117, 119);
INSERT INTO bookclub_members (clubid, userid) VALUES (117, 117);
INSERT INTO bookclub_members (clubid, userid) VALUES (117, 118);
INSERT INTO bookclub_members (clubid, userid) VALUES (117, 55);
INSERT INTO bookclub_members (clubid, userid) VALUES (117, 120);
INSERT INTO bookclub_members (clubid, userid) VALUES (117, 21);
INSERT INTO bookclub_members (clubid, userid) VALUES (117, 152);
INSERT INTO bookclub_members (clubid, userid) VALUES (117, 126);
INSERT INTO bookclub_members (clubid, userid) VALUES (117, 127);
INSERT INTO bookclub_reads (clubid, bookid, start_date, end_date, is_current) VALUES (117, 16, '2025-06-20', '2025-07-31', TRUE);
INSERT INTO bookclub_reads (clubid, bookid, start_date, end_date, is_current) VALUES (117, 834, '2025-06-09', '2025-08-16', TRUE);
INSERT INTO bookclub_reads (clubid, bookid, start_date, end_date, is_current) VALUES (117, 987, '2025-05-02', '2025-06-01', FALSE);
INSERT INTO bookclub_reads (clubid, bookid, start_date, end_date, is_current) VALUES (117, 59, '2025-03-30', '2025-04-29', FALSE);
INSERT INTO bookclub_reads (clubid, bookid, start_date, end_date, is_current) VALUES (117, 133, '2025-04-11', '2025-05-11', FALSE);
INSERT INTO bookclub_reads (clubid, bookid, start_date, end_date, is_current) VALUES (117, 177, '2025-01-04', '2025-02-03', FALSE);
INSERT INTO bookclub_reads (clubid, bookid, start_date, end_date, is_current) VALUES (117, 828, '2025-02-26', '2025-03-28', FALSE);
INSERT INTO bookclub_reads (clubid, bookid, start_date, end_date, is_current) VALUES (117, 165, '2025-05-04', '2025-06-03', FALSE);
INSERT INTO bookclub_reads (clubid, bookid, start_date, end_date, is_current) VALUES (117, 61, '2025-04-05', '2025-05-05', FALSE);

INSERT INTO bookclubs (clubid, name, description, creatorid) VALUES (118, 'Book Club 102', 'This is the description for Book Club 102.', 74);
INSERT INTO bookclub_members (clubid, userid) VALUES (118, 32);
INSERT INTO bookclub_members (clubid, userid) VALUES (118, 99);
INSERT INTO bookclub_members (clubid, userid) VALUES (118, 9);
INSERT INTO bookclub_members (clubid, userid) VALUES (118, 106);
INSERT INTO bookclub_members (clubid, userid) VALUES (118, 74);
INSERT INTO bookclub_members (clubid, userid) VALUES (118, 94);
INSERT INTO bookclub_members (clubid, userid) VALUES (118, 31);
INSERT INTO bookclub_reads (clubid, bookid, start_date, end_date, is_current) VALUES (118, 931, '2025-06-12', '2025-08-18', TRUE);
INSERT INTO bookclub_reads (clubid, bookid, start_date, end_date, is_current) VALUES (118, 980, '2025-07-05', '2025-08-07', TRUE);
INSERT INTO bookclub_reads (clubid, bookid, start_date, end_date, is_current) VALUES (118, 787, '2025-02-23', '2025-03-25', FALSE);
INSERT INTO bookclub_reads (clubid, bookid, start_date, end_date, is_current) VALUES (118, 650, '2025-05-24', '2025-06-23', FALSE);
INSERT INTO bookclub_reads (clubid, bookid, start_date, end_date, is_current) VALUES (118, 872, '2025-04-29', '2025-05-29', FALSE);
INSERT INTO bookclub_reads (clubid, bookid, start_date, end_date, is_current) VALUES (118, 765, '2025-06-06', '2025-07-06', FALSE);
INSERT INTO bookclub_reads (clubid, bookid, start_date, end_date, is_current) VALUES (118, 515, '2025-05-16', '2025-06-15', FALSE);
INSERT INTO bookclub_reads (clubid, bookid, start_date, end_date, is_current) VALUES (118, 415, '2025-02-04', '2025-03-06', FALSE);
INSERT INTO bookclub_reads (clubid, bookid, start_date, end_date, is_current) VALUES (118, 775, '2025-02-01', '2025-03-03', FALSE);
INSERT INTO bookclub_reads (clubid, bookid, start_date, end_date, is_current) VALUES (118, 165, '2025-01-01', '2025-01-31', FALSE);
INSERT INTO bookclub_reads (clubid, bookid, start_date, end_date, is_current) VALUES (118, 538, '2024-12-27', '2025-01-26', FALSE);
INSERT INTO bookclub_reads (clubid, bookid, start_date, end_date, is_current) VALUES (118, 5, '2025-05-06', '2025-06-05', FALSE);
INSERT INTO bookclub_reads (clubid, bookid, start_date, end_date, is_current) VALUES (118, 759, '2025-04-24', '2025-05-24', FALSE);
INSERT INTO bookclub_reads (clubid, bookid, start_date, end_date, is_current) VALUES (118, 670, '2025-04-06', '2025-05-06', FALSE);
INSERT INTO bookclub_reads (clubid, bookid, start_date, end_date, is_current) VALUES (118, 955, '2025-06-03', '2025-07-03', FALSE);

INSERT INTO bookclubs (clubid, name, description, creatorid) VALUES (119, 'Book Club 103', 'This is the description for Book Club 103.', 32);
INSERT INTO bookclub_members (clubid, userid) VALUES (119, 32);
INSERT INTO bookclub_members (clubid, userid) VALUES (119, 33);
INSERT INTO bookclub_members (clubid, userid) VALUES (119, 2);
INSERT INTO bookclub_members (clubid, userid) VALUES (119, 134);
INSERT INTO bookclub_members (clubid, userid) VALUES (119, 103);
INSERT INTO bookclub_members (clubid, userid) VALUES (119, 136);
INSERT INTO bookclub_members (clubid, userid) VALUES (119, 8);
INSERT INTO bookclub_members (clubid, userid) VALUES (119, 138);
INSERT INTO bookclub_members (clubid, userid) VALUES (119, 108);
INSERT INTO bookclub_members (clubid, userid) VALUES (119, 143);
INSERT INTO bookclub_members (clubid, userid) VALUES (119, 52);
INSERT INTO bookclub_members (clubid, userid) VALUES (119, 149);
INSERT INTO bookclub_members (clubid, userid) VALUES (119, 24);
INSERT INTO bookclub_members (clubid, userid) VALUES (119, 121);
INSERT INTO bookclub_members (clubid, userid) VALUES (119, 27);
INSERT INTO bookclub_members (clubid, userid) VALUES (119, 61);
INSERT INTO bookclub_reads (clubid, bookid, start_date, end_date, is_current) VALUES (119, 55, '2025-06-14', '2025-08-16', TRUE);
INSERT INTO bookclub_reads (clubid, bookid, start_date, end_date, is_current) VALUES (119, 1068, '2025-06-30', '2025-08-08', TRUE);
INSERT INTO bookclub_reads (clubid, bookid, start_date, end_date, is_current) VALUES (119, 1052, '2025-04-08', '2025-05-08', FALSE);
INSERT INTO bookclub_reads (clubid, bookid, start_date, end_date, is_current) VALUES (119, 354, '2025-04-10', '2025-05-10', FALSE);
INSERT INTO bookclub_reads (clubid, bookid, start_date, end_date, is_current) VALUES (119, 166, '2024-12-12', '2025-01-11', FALSE);
INSERT INTO bookclub_reads (clubid, bookid, start_date, end_date, is_current) VALUES (119, 515, '2025-04-19', '2025-05-19', FALSE);
INSERT INTO bookclub_reads (clubid, bookid, start_date, end_date, is_current) VALUES (119, 247, '2025-03-28', '2025-04-27', FALSE);
INSERT INTO bookclub_reads (clubid, bookid, start_date, end_date, is_current) VALUES (119, 944, '2025-03-23', '2025-04-22', FALSE);

INSERT INTO bookclubs (clubid, name, description, creatorid) VALUES (120, 'Book Club 104', 'This is the description for Book Club 104.', 6);
INSERT INTO bookclub_members (clubid, userid) VALUES (120, 121);
INSERT INTO bookclub_members (clubid, userid) VALUES (120, 6);
INSERT INTO bookclub_members (clubid, userid) VALUES (120, 8);
INSERT INTO bookclub_members (clubid, userid) VALUES (120, 138);
INSERT INTO bookclub_members (clubid, userid) VALUES (120, 43);
INSERT INTO bookclub_members (clubid, userid) VALUES (120, 12);
INSERT INTO bookclub_members (clubid, userid) VALUES (120, 76);
INSERT INTO bookclub_members (clubid, userid) VALUES (120, 140);
INSERT INTO bookclub_members (clubid, userid) VALUES (120, 81);
INSERT INTO bookclub_members (clubid, userid) VALUES (120, 114);
INSERT INTO bookclub_members (clubid, userid) VALUES (120, 115);
INSERT INTO bookclub_members (clubid, userid) VALUES (120, 148);
INSERT INTO bookclub_members (clubid, userid) VALUES (120, 55);
INSERT INTO bookclub_members (clubid, userid) VALUES (120, 89);
INSERT INTO bookclub_members (clubid, userid) VALUES (120, 127);
INSERT INTO bookclub_reads (clubid, bookid, start_date, end_date, is_current) VALUES (120, 511, '2025-07-06', '2025-08-20', TRUE);
INSERT INTO bookclub_reads (clubid, bookid, start_date, end_date, is_current) VALUES (120, 8, '2025-06-06', '2025-07-06', FALSE);
INSERT INTO bookclub_reads (clubid, bookid, start_date, end_date, is_current) VALUES (120, 91, '2025-02-20', '2025-03-22', FALSE);
INSERT INTO bookclub_reads (clubid, bookid, start_date, end_date, is_current) VALUES (120, 117, '2025-04-30', '2025-05-30', FALSE);
INSERT INTO bookclub_reads (clubid, bookid, start_date, end_date, is_current) VALUES (120, 669, '2025-02-17', '2025-03-19', FALSE);
INSERT INTO bookclub_reads (clubid, bookid, start_date, end_date, is_current) VALUES (120, 22, '2025-04-20', '2025-05-20', FALSE);
INSERT INTO bookclub_reads (clubid, bookid, start_date, end_date, is_current) VALUES (120, 92, '2025-02-18', '2025-03-20', FALSE);
INSERT INTO bookclub_reads (clubid, bookid, start_date, end_date, is_current) VALUES (120, 1073, '2025-04-15', '2025-05-15', FALSE);
INSERT INTO bookclub_reads (clubid, bookid, start_date, end_date, is_current) VALUES (120, 498, '2025-02-10', '2025-03-12', FALSE);
INSERT INTO bookclub_reads (clubid, bookid, start_date, end_date, is_current) VALUES (120, 123, '2025-02-03', '2025-03-05', FALSE);
INSERT INTO bookclub_reads (clubid, bookid, start_date, end_date, is_current) VALUES (120, 944, '2025-03-31', '2025-04-30', FALSE);
INSERT INTO bookclub_reads (clubid, bookid, start_date, end_date, is_current) VALUES (120, 386, '2025-03-27', '2025-04-26', FALSE);
INSERT INTO bookclub_reads (clubid, bookid, start_date, end_date, is_current) VALUES (120, 13, '2025-01-25', '2025-02-24', FALSE);
INSERT INTO bookclub_reads (clubid, bookid, start_date, end_date, is_current) VALUES (120, 31, '2025-03-12', '2025-04-11', FALSE);
INSERT INTO bookclub_reads (clubid, bookid, start_date, end_date, is_current) VALUES (120, 204, '2025-01-16', '2025-02-15', FALSE);
INSERT INTO bookclub_reads (clubid, bookid, start_date, end_date, is_current) VALUES (120, 151, '2025-02-15', '2025-03-17', FALSE);

INSERT INTO bookclubs (clubid, name, description, creatorid) VALUES (121, 'Book Club 105', 'This is the description for Book Club 105.', 134);
INSERT INTO bookclub_members (clubid, userid) VALUES (121, 3);
INSERT INTO bookclub_members (clubid, userid) VALUES (121, 134);
INSERT INTO bookclub_members (clubid, userid) VALUES (121, 109);
INSERT INTO bookclub_members (clubid, userid) VALUES (121, 21);
INSERT INTO bookclub_members (clubid, userid) VALUES (121, 55);
INSERT INTO bookclub_reads (clubid, bookid, start_date, end_date, is_current) VALUES (121, 26, '2025-07-03', '2025-07-26', TRUE);
INSERT INTO bookclub_reads (clubid, bookid, start_date, end_date, is_current) VALUES (121, 285, '2025-07-01', '2025-08-17', TRUE);
INSERT INTO bookclub_reads (clubid, bookid, start_date, end_date, is_current) VALUES (121, 842, '2025-06-18', '2025-08-08', TRUE);
INSERT INTO bookclub_reads (clubid, bookid, start_date, end_date, is_current) VALUES (121, 823, '2024-12-11', '2025-01-10', FALSE);
INSERT INTO bookclub_reads (clubid, bookid, start_date, end_date, is_current) VALUES (121, 420, '2025-04-08', '2025-05-08', FALSE);
INSERT INTO bookclub_reads (clubid, bookid, start_date, end_date, is_current) VALUES (121, 871, '2025-02-17', '2025-03-19', FALSE);
INSERT INTO bookclub_reads (clubid, bookid, start_date, end_date, is_current) VALUES (121, 1052, '2025-01-12', '2025-02-11', FALSE);
INSERT INTO bookclub_reads (clubid, bookid, start_date, end_date, is_current) VALUES (121, 650, '2025-01-24', '2025-02-23', FALSE);
INSERT INTO bookclub_reads (clubid, bookid, start_date, end_date, is_current) VALUES (121, 75, '2025-02-17', '2025-03-19', FALSE);
INSERT INTO bookclub_reads (clubid, bookid, start_date, end_date, is_current) VALUES (121, 92, '2024-12-27', '2025-01-26', FALSE);

INSERT INTO bookclubs (clubid, name, description, creatorid) VALUES (122, 'Book Club 106', 'This is the description for Book Club 106.', 36);
INSERT INTO bookclub_members (clubid, userid) VALUES (122, 36);
INSERT INTO bookclub_members (clubid, userid) VALUES (122, 40);
INSERT INTO bookclub_members (clubid, userid) VALUES (122, 109);
INSERT INTO bookclub_members (clubid, userid) VALUES (122, 113);
INSERT INTO bookclub_members (clubid, userid) VALUES (122, 86);
INSERT INTO bookclub_members (clubid, userid) VALUES (122, 118);
INSERT INTO bookclub_members (clubid, userid) VALUES (122, 29);
INSERT INTO bookclub_reads (clubid, bookid, start_date, end_date, is_current) VALUES (122, 93, '2025-06-26', '2025-08-08', TRUE);
INSERT INTO bookclub_reads (clubid, bookid, start_date, end_date, is_current) VALUES (122, 968, '2025-04-08', '2025-05-08', FALSE);
INSERT INTO bookclub_reads (clubid, bookid, start_date, end_date, is_current) VALUES (122, 166, '2025-02-01', '2025-03-03', FALSE);
INSERT INTO bookclub_reads (clubid, bookid, start_date, end_date, is_current) VALUES (122, 1099, '2025-01-17', '2025-02-16', FALSE);
INSERT INTO bookclub_reads (clubid, bookid, start_date, end_date, is_current) VALUES (122, 138, '2025-02-22', '2025-03-24', FALSE);
INSERT INTO bookclub_reads (clubid, bookid, start_date, end_date, is_current) VALUES (122, 972, '2025-03-30', '2025-04-29', FALSE);
INSERT INTO bookclub_reads (clubid, bookid, start_date, end_date, is_current) VALUES (122, 944, '2025-04-20', '2025-05-20', FALSE);
INSERT INTO bookclub_reads (clubid, bookid, start_date, end_date, is_current) VALUES (122, 164, '2025-01-24', '2025-02-23', FALSE);
INSERT INTO bookclub_reads (clubid, bookid, start_date, end_date, is_current) VALUES (122, 933, '2025-04-30', '2025-05-30', FALSE);
INSERT INTO bookclub_reads (clubid, bookid, start_date, end_date, is_current) VALUES (122, 835, '2025-04-01', '2025-05-01', FALSE);
INSERT INTO bookclub_reads (clubid, bookid, start_date, end_date, is_current) VALUES (122, 94, '2025-05-27', '2025-06-26', FALSE);
INSERT INTO bookclub_reads (clubid, bookid, start_date, end_date, is_current) VALUES (122, 252, '2025-01-25', '2025-02-24', FALSE);
INSERT INTO bookclub_reads (clubid, bookid, start_date, end_date, is_current) VALUES (122, 987, '2025-05-07', '2025-06-06', FALSE);

INSERT INTO bookclubs (clubid, name, description, creatorid) VALUES (123, 'Book Club 107', 'This is the description for Book Club 107.', 19);
INSERT INTO bookclub_members (clubid, userid) VALUES (123, 130);
INSERT INTO bookclub_members (clubid, userid) VALUES (123, 133);
INSERT INTO bookclub_members (clubid, userid) VALUES (123, 143);
INSERT INTO bookclub_members (clubid, userid) VALUES (123, 19);
INSERT INTO bookclub_members (clubid, userid) VALUES (123, 154);
INSERT INTO bookclub_members (clubid, userid) VALUES (123, 27);
INSERT INTO bookclub_members (clubid, userid) VALUES (123, 32);
INSERT INTO bookclub_members (clubid, userid) VALUES (123, 35);
INSERT INTO bookclub_members (clubid, userid) VALUES (123, 41);
INSERT INTO bookclub_members (clubid, userid) VALUES (123, 43);
INSERT INTO bookclub_members (clubid, userid) VALUES (123, 45);
INSERT INTO bookclub_members (clubid, userid) VALUES (123, 49);
INSERT INTO bookclub_members (clubid, userid) VALUES (123, 53);
INSERT INTO bookclub_members (clubid, userid) VALUES (123, 62);
INSERT INTO bookclub_members (clubid, userid) VALUES (123, 79);
INSERT INTO bookclub_members (clubid, userid) VALUES (123, 96);
INSERT INTO bookclub_members (clubid, userid) VALUES (123, 98);
INSERT INTO bookclub_members (clubid, userid) VALUES (123, 100);
INSERT INTO bookclub_members (clubid, userid) VALUES (123, 121);
INSERT INTO bookclub_reads (clubid, bookid, start_date, end_date, is_current) VALUES (123, 534, '2025-07-02', '2025-07-24', TRUE);
INSERT INTO bookclub_reads (clubid, bookid, start_date, end_date, is_current) VALUES (123, 576, '2025-04-15', '2025-05-15', FALSE);
INSERT INTO bookclub_reads (clubid, bookid, start_date, end_date, is_current) VALUES (123, 969, '2025-06-04', '2025-07-04', FALSE);
INSERT INTO bookclub_reads (clubid, bookid, start_date, end_date, is_current) VALUES (123, 394, '2025-01-26', '2025-02-25', FALSE);
INSERT INTO bookclub_reads (clubid, bookid, start_date, end_date, is_current) VALUES (123, 639, '2025-05-27', '2025-06-26', FALSE);
INSERT INTO bookclub_reads (clubid, bookid, start_date, end_date, is_current) VALUES (123, 409, '2025-04-03', '2025-05-03', FALSE);

INSERT INTO bookclubs (clubid, name, description, creatorid) VALUES (124, 'Book Club 108', 'This is the description for Book Club 108.', 113);
INSERT INTO bookclub_members (clubid, userid) VALUES (124, 129);
INSERT INTO bookclub_members (clubid, userid) VALUES (124, 35);
INSERT INTO bookclub_members (clubid, userid) VALUES (124, 79);
INSERT INTO bookclub_members (clubid, userid) VALUES (124, 111);
INSERT INTO bookclub_members (clubid, userid) VALUES (124, 113);
INSERT INTO bookclub_members (clubid, userid) VALUES (124, 149);
INSERT INTO bookclub_members (clubid, userid) VALUES (124, 90);
INSERT INTO bookclub_reads (clubid, bookid, start_date, end_date, is_current) VALUES (124, 447, '2025-06-11', '2025-08-15', TRUE);
INSERT INTO bookclub_reads (clubid, bookid, start_date, end_date, is_current) VALUES (124, 787, '2025-05-29', '2025-06-28', FALSE);
INSERT INTO bookclub_reads (clubid, bookid, start_date, end_date, is_current) VALUES (124, 655, '2025-05-21', '2025-06-20', FALSE);
INSERT INTO bookclub_reads (clubid, bookid, start_date, end_date, is_current) VALUES (124, 163, '2025-01-08', '2025-02-07', FALSE);
INSERT INTO bookclub_reads (clubid, bookid, start_date, end_date, is_current) VALUES (124, 1007, '2025-03-17', '2025-04-16', FALSE);
INSERT INTO bookclub_reads (clubid, bookid, start_date, end_date, is_current) VALUES (124, 665, '2025-04-19', '2025-05-19', FALSE);
INSERT INTO bookclub_reads (clubid, bookid, start_date, end_date, is_current) VALUES (124, 523, '2025-01-16', '2025-02-15', FALSE);
INSERT INTO bookclub_reads (clubid, bookid, start_date, end_date, is_current) VALUES (124, 672, '2025-04-06', '2025-05-06', FALSE);
INSERT INTO bookclub_reads (clubid, bookid, start_date, end_date, is_current) VALUES (124, 72, '2025-02-24', '2025-03-26', FALSE);
INSERT INTO bookclub_reads (clubid, bookid, start_date, end_date, is_current) VALUES (124, 201, '2025-01-23', '2025-02-22', FALSE);

INSERT INTO bookclubs (clubid, name, description, creatorid) VALUES (125, 'Book Club 109', 'This is the description for Book Club 109.', 7);
INSERT INTO bookclub_members (clubid, userid) VALUES (125, 7);
INSERT INTO bookclub_members (clubid, userid) VALUES (125, 106);
INSERT INTO bookclub_members (clubid, userid) VALUES (125, 143);
INSERT INTO bookclub_members (clubid, userid) VALUES (125, 114);
INSERT INTO bookclub_members (clubid, userid) VALUES (125, 19);
INSERT INTO bookclub_members (clubid, userid) VALUES (125, 56);
INSERT INTO bookclub_members (clubid, userid) VALUES (125, 28);
INSERT INTO bookclub_reads (clubid, bookid, start_date, end_date, is_current) VALUES (125, 337, '2025-06-17', '2025-07-22', TRUE);
INSERT INTO bookclub_reads (clubid, bookid, start_date, end_date, is_current) VALUES (125, 122, '2025-04-12', '2025-05-12', FALSE);
INSERT INTO bookclub_reads (clubid, bookid, start_date, end_date, is_current) VALUES (125, 45, '2025-04-26', '2025-05-26', FALSE);
INSERT INTO bookclub_reads (clubid, bookid, start_date, end_date, is_current) VALUES (125, 182, '2025-05-07', '2025-06-06', FALSE);
INSERT INTO bookclub_reads (clubid, bookid, start_date, end_date, is_current) VALUES (125, 107, '2025-01-02', '2025-02-01', FALSE);
INSERT INTO bookclub_reads (clubid, bookid, start_date, end_date, is_current) VALUES (125, 67, '2025-05-29', '2025-06-28', FALSE);
INSERT INTO bookclub_reads (clubid, bookid, start_date, end_date, is_current) VALUES (125, 253, '2025-04-10', '2025-05-10', FALSE);
INSERT INTO bookclub_reads (clubid, bookid, start_date, end_date, is_current) VALUES (125, 213, '2025-05-08', '2025-06-07', FALSE);
INSERT INTO bookclub_reads (clubid, bookid, start_date, end_date, is_current) VALUES (125, 840, '2025-05-16', '2025-06-15', FALSE);
INSERT INTO bookclub_reads (clubid, bookid, start_date, end_date, is_current) VALUES (125, 289, '2025-04-22', '2025-05-22', FALSE);
INSERT INTO bookclub_reads (clubid, bookid, start_date, end_date, is_current) VALUES (125, 103, '2025-01-05', '2025-02-04', FALSE);
INSERT INTO bookclub_reads (clubid, bookid, start_date, end_date, is_current) VALUES (125, 775, '2025-04-12', '2025-05-12', FALSE);
INSERT INTO bookclub_reads (clubid, bookid, start_date, end_date, is_current) VALUES (125, 477, '2025-01-04', '2025-02-03', FALSE);
INSERT INTO bookclub_reads (clubid, bookid, start_date, end_date, is_current) VALUES (125, 216, '2025-05-22', '2025-06-21', FALSE);

INSERT INTO bookclubs (clubid, name, description, creatorid) VALUES (126, 'Book Club 110', 'This is the description for Book Club 110.', 20);
INSERT INTO bookclub_members (clubid, userid) VALUES (126, 32);
INSERT INTO bookclub_members (clubid, userid) VALUES (126, 33);
INSERT INTO bookclub_members (clubid, userid) VALUES (126, 2);
INSERT INTO bookclub_members (clubid, userid) VALUES (126, 100);
INSERT INTO bookclub_members (clubid, userid) VALUES (126, 6);
INSERT INTO bookclub_members (clubid, userid) VALUES (126, 7);
INSERT INTO bookclub_members (clubid, userid) VALUES (126, 136);
INSERT INTO bookclub_members (clubid, userid) VALUES (126, 103);
INSERT INTO bookclub_members (clubid, userid) VALUES (126, 75);
INSERT INTO bookclub_members (clubid, userid) VALUES (126, 109);
INSERT INTO bookclub_members (clubid, userid) VALUES (126, 45);
INSERT INTO bookclub_members (clubid, userid) VALUES (126, 111);
INSERT INTO bookclub_members (clubid, userid) VALUES (126, 50);
INSERT INTO bookclub_members (clubid, userid) VALUES (126, 82);
INSERT INTO bookclub_members (clubid, userid) VALUES (126, 20);
INSERT INTO bookclub_members (clubid, userid) VALUES (126, 60);
INSERT INTO bookclub_members (clubid, userid) VALUES (126, 62);
INSERT INTO bookclub_reads (clubid, bookid, start_date, end_date, is_current) VALUES (126, 163, '2025-06-11', '2025-08-04', TRUE);
INSERT INTO bookclub_reads (clubid, bookid, start_date, end_date, is_current) VALUES (126, 230, '2025-06-26', '2025-08-20', TRUE);
INSERT INTO bookclub_reads (clubid, bookid, start_date, end_date, is_current) VALUES (126, 139, '2025-07-02', '2025-07-27', TRUE);
INSERT INTO bookclub_reads (clubid, bookid, start_date, end_date, is_current) VALUES (126, 466, '2025-03-15', '2025-04-14', FALSE);
INSERT INTO bookclub_reads (clubid, bookid, start_date, end_date, is_current) VALUES (126, 269, '2025-05-27', '2025-06-26', FALSE);
INSERT INTO bookclub_reads (clubid, bookid, start_date, end_date, is_current) VALUES (126, 98, '2025-05-30', '2025-06-29', FALSE);
INSERT INTO bookclub_reads (clubid, bookid, start_date, end_date, is_current) VALUES (126, 147, '2025-02-04', '2025-03-06', FALSE);
INSERT INTO bookclub_reads (clubid, bookid, start_date, end_date, is_current) VALUES (126, 409, '2025-02-07', '2025-03-09', FALSE);
INSERT INTO bookclub_reads (clubid, bookid, start_date, end_date, is_current) VALUES (126, 8, '2025-06-04', '2025-07-04', FALSE);
INSERT INTO bookclub_reads (clubid, bookid, start_date, end_date, is_current) VALUES (126, 667, '2025-01-15', '2025-02-14', FALSE);
INSERT INTO bookclub_reads (clubid, bookid, start_date, end_date, is_current) VALUES (126, 447, '2025-02-07', '2025-03-09', FALSE);
INSERT INTO bookclub_reads (clubid, bookid, start_date, end_date, is_current) VALUES (126, 413, '2025-04-12', '2025-05-12', FALSE);

INSERT INTO bookclubs (clubid, name, description, creatorid) VALUES (127, 'Book Club 111', 'This is the description for Book Club 111.', 130);
INSERT INTO bookclub_members (clubid, userid) VALUES (127, 130);
INSERT INTO bookclub_members (clubid, userid) VALUES (127, 10);
INSERT INTO bookclub_members (clubid, userid) VALUES (127, 109);
INSERT INTO bookclub_members (clubid, userid) VALUES (127, 84);
INSERT INTO bookclub_members (clubid, userid) VALUES (127, 120);
INSERT INTO bookclub_reads (clubid, bookid, start_date, end_date, is_current) VALUES (127, 1097, '2025-06-09', '2025-08-18', TRUE);
INSERT INTO bookclub_reads (clubid, bookid, start_date, end_date, is_current) VALUES (127, 171, '2025-06-24', '2025-07-27', TRUE);
INSERT INTO bookclub_reads (clubid, bookid, start_date, end_date, is_current) VALUES (127, 163, '2025-07-03', '2025-08-03', TRUE);
INSERT INTO bookclub_reads (clubid, bookid, start_date, end_date, is_current) VALUES (127, 348, '2025-02-12', '2025-03-14', FALSE);
INSERT INTO bookclub_reads (clubid, bookid, start_date, end_date, is_current) VALUES (127, 668, '2025-03-16', '2025-04-15', FALSE);
INSERT INTO bookclub_reads (clubid, bookid, start_date, end_date, is_current) VALUES (127, 643, '2025-02-16', '2025-03-18', FALSE);
INSERT INTO bookclub_reads (clubid, bookid, start_date, end_date, is_current) VALUES (127, 969, '2025-02-19', '2025-03-21', FALSE);
INSERT INTO bookclub_reads (clubid, bookid, start_date, end_date, is_current) VALUES (127, 1022, '2025-01-12', '2025-02-11', FALSE);
INSERT INTO bookclub_reads (clubid, bookid, start_date, end_date, is_current) VALUES (127, 842, '2025-03-05', '2025-04-04', FALSE);
INSERT INTO bookclub_reads (clubid, bookid, start_date, end_date, is_current) VALUES (127, 165, '2025-03-06', '2025-04-05', FALSE);
INSERT INTO bookclub_reads (clubid, bookid, start_date, end_date, is_current) VALUES (127, 400, '2024-12-20', '2025-01-19', FALSE);
INSERT INTO bookclub_reads (clubid, bookid, start_date, end_date, is_current) VALUES (127, 787, '2025-04-19', '2025-05-19', FALSE);
INSERT INTO bookclub_reads (clubid, bookid, start_date, end_date, is_current) VALUES (127, 288, '2024-12-12', '2025-01-11', FALSE);
INSERT INTO bookclub_reads (clubid, bookid, start_date, end_date, is_current) VALUES (127, 930, '2025-05-16', '2025-06-15', FALSE);

INSERT INTO bookclubs (clubid, name, description, creatorid) VALUES (128, 'Book Club 112', 'This is the description for Book Club 112.', 123);
INSERT INTO bookclub_members (clubid, userid) VALUES (128, 35);
INSERT INTO bookclub_members (clubid, userid) VALUES (128, 68);
INSERT INTO bookclub_members (clubid, userid) VALUES (128, 102);
INSERT INTO bookclub_members (clubid, userid) VALUES (128, 9);
INSERT INTO bookclub_members (clubid, userid) VALUES (128, 143);
INSERT INTO bookclub_members (clubid, userid) VALUES (128, 16);
INSERT INTO bookclub_members (clubid, userid) VALUES (128, 84);
INSERT INTO bookclub_members (clubid, userid) VALUES (128, 58);
INSERT INTO bookclub_members (clubid, userid) VALUES (128, 123);
INSERT INTO bookclub_members (clubid, userid) VALUES (128, 60);
INSERT INTO bookclub_members (clubid, userid) VALUES (128, 125);
INSERT INTO bookclub_members (clubid, userid) VALUES (128, 95);
INSERT INTO bookclub_reads (clubid, bookid, start_date, end_date, is_current) VALUES (128, 119, '2025-06-21', '2025-08-15', TRUE);
INSERT INTO bookclub_reads (clubid, bookid, start_date, end_date, is_current) VALUES (128, 302, '2025-06-14', '2025-08-21', TRUE);
INSERT INTO bookclub_reads (clubid, bookid, start_date, end_date, is_current) VALUES (128, 531, '2025-06-24', '2025-08-13', TRUE);
INSERT INTO bookclub_reads (clubid, bookid, start_date, end_date, is_current) VALUES (128, 140, '2025-03-25', '2025-04-24', FALSE);
INSERT INTO bookclub_reads (clubid, bookid, start_date, end_date, is_current) VALUES (128, 295, '2025-04-09', '2025-05-09', FALSE);
INSERT INTO bookclub_reads (clubid, bookid, start_date, end_date, is_current) VALUES (128, 406, '2025-05-14', '2025-06-13', FALSE);
INSERT INTO bookclub_reads (clubid, bookid, start_date, end_date, is_current) VALUES (128, 80, '2025-01-28', '2025-02-27', FALSE);
INSERT INTO bookclub_reads (clubid, bookid, start_date, end_date, is_current) VALUES (128, 277, '2025-03-18', '2025-04-17', FALSE);
INSERT INTO bookclub_reads (clubid, bookid, start_date, end_date, is_current) VALUES (128, 931, '2024-12-28', '2025-01-27', FALSE);
INSERT INTO bookclub_reads (clubid, bookid, start_date, end_date, is_current) VALUES (128, 873, '2024-12-23', '2025-01-22', FALSE);
INSERT INTO bookclub_reads (clubid, bookid, start_date, end_date, is_current) VALUES (128, 245, '2024-12-27', '2025-01-26', FALSE);
INSERT INTO bookclub_reads (clubid, bookid, start_date, end_date, is_current) VALUES (128, 827, '2025-01-03', '2025-02-02', FALSE);
INSERT INTO bookclub_reads (clubid, bookid, start_date, end_date, is_current) VALUES (128, 703, '2025-01-18', '2025-02-17', FALSE);

INSERT INTO bookclubs (clubid, name, description, creatorid) VALUES (129, 'Book Club 113', 'This is the description for Book Club 113.', 44);
INSERT INTO bookclub_members (clubid, userid) VALUES (129, 1);
INSERT INTO bookclub_members (clubid, userid) VALUES (129, 34);
INSERT INTO bookclub_members (clubid, userid) VALUES (129, 72);
INSERT INTO bookclub_members (clubid, userid) VALUES (129, 9);
INSERT INTO bookclub_members (clubid, userid) VALUES (129, 10);
INSERT INTO bookclub_members (clubid, userid) VALUES (129, 43);
INSERT INTO bookclub_members (clubid, userid) VALUES (129, 11);
INSERT INTO bookclub_members (clubid, userid) VALUES (129, 140);
INSERT INTO bookclub_members (clubid, userid) VALUES (129, 44);
INSERT INTO bookclub_members (clubid, userid) VALUES (129, 111);
INSERT INTO bookclub_members (clubid, userid) VALUES (129, 49);
INSERT INTO bookclub_members (clubid, userid) VALUES (129, 50);
INSERT INTO bookclub_members (clubid, userid) VALUES (129, 148);
INSERT INTO bookclub_members (clubid, userid) VALUES (129, 117);
INSERT INTO bookclub_members (clubid, userid) VALUES (129, 122);
INSERT INTO bookclub_members (clubid, userid) VALUES (129, 127);
INSERT INTO bookclub_reads (clubid, bookid, start_date, end_date, is_current) VALUES (129, 998, '2025-07-04', '2025-08-01', TRUE);
INSERT INTO bookclub_reads (clubid, bookid, start_date, end_date, is_current) VALUES (129, 629, '2025-07-01', '2025-07-25', TRUE);
INSERT INTO bookclub_reads (clubid, bookid, start_date, end_date, is_current) VALUES (129, 972, '2025-06-15', '2025-08-08', TRUE);
INSERT INTO bookclub_reads (clubid, bookid, start_date, end_date, is_current) VALUES (129, 160, '2025-04-08', '2025-05-08', FALSE);
INSERT INTO bookclub_reads (clubid, bookid, start_date, end_date, is_current) VALUES (129, 2, '2025-02-26', '2025-03-28', FALSE);
INSERT INTO bookclub_reads (clubid, bookid, start_date, end_date, is_current) VALUES (129, 1090, '2025-01-13', '2025-02-12', FALSE);
INSERT INTO bookclub_reads (clubid, bookid, start_date, end_date, is_current) VALUES (129, 826, '2025-03-27', '2025-04-26', FALSE);
INSERT INTO bookclub_reads (clubid, bookid, start_date, end_date, is_current) VALUES (129, 413, '2025-05-31', '2025-06-30', FALSE);
INSERT INTO bookclub_reads (clubid, bookid, start_date, end_date, is_current) VALUES (129, 432, '2025-04-29', '2025-05-29', FALSE);
INSERT INTO bookclub_reads (clubid, bookid, start_date, end_date, is_current) VALUES (129, 18, '2024-12-24', '2025-01-23', FALSE);
INSERT INTO bookclub_reads (clubid, bookid, start_date, end_date, is_current) VALUES (129, 216, '2024-12-29', '2025-01-28', FALSE);
INSERT INTO bookclub_reads (clubid, bookid, start_date, end_date, is_current) VALUES (129, 22, '2025-01-15', '2025-02-14', FALSE);
INSERT INTO bookclub_reads (clubid, bookid, start_date, end_date, is_current) VALUES (129, 870, '2024-12-22', '2025-01-21', FALSE);
INSERT INTO bookclub_reads (clubid, bookid, start_date, end_date, is_current) VALUES (129, 446, '2024-12-09', '2025-01-08', FALSE);
INSERT INTO bookclub_reads (clubid, bookid, start_date, end_date, is_current) VALUES (129, 75, '2025-04-21', '2025-05-21', FALSE);
INSERT INTO bookclub_reads (clubid, bookid, start_date, end_date, is_current) VALUES (129, 26, '2025-05-14', '2025-06-13', FALSE);
INSERT INTO bookclub_reads (clubid, bookid, start_date, end_date, is_current) VALUES (129, 333, '2025-03-10', '2025-04-09', FALSE);

INSERT INTO bookclubs (clubid, name, description, creatorid) VALUES (130, 'Book Club 114', 'This is the description for Book Club 114.', 141);
INSERT INTO bookclub_members (clubid, userid) VALUES (130, 138);
INSERT INTO bookclub_members (clubid, userid) VALUES (130, 141);
INSERT INTO bookclub_members (clubid, userid) VALUES (130, 122);
INSERT INTO bookclub_members (clubid, userid) VALUES (130, 29);
INSERT INTO bookclub_members (clubid, userid) VALUES (130, 126);
INSERT INTO bookclub_reads (clubid, bookid, start_date, end_date, is_current) VALUES (130, 296, '2025-06-22', '2025-08-21', TRUE);
INSERT INTO bookclub_reads (clubid, bookid, start_date, end_date, is_current) VALUES (130, 1059, '2024-12-14', '2025-01-13', FALSE);
INSERT INTO bookclub_reads (clubid, bookid, start_date, end_date, is_current) VALUES (130, 105, '2025-02-28', '2025-03-30', FALSE);
INSERT INTO bookclub_reads (clubid, bookid, start_date, end_date, is_current) VALUES (130, 987, '2025-05-09', '2025-06-08', FALSE);
INSERT INTO bookclub_reads (clubid, bookid, start_date, end_date, is_current) VALUES (130, 426, '2025-03-07', '2025-04-06', FALSE);
INSERT INTO bookclub_reads (clubid, bookid, start_date, end_date, is_current) VALUES (130, 966, '2025-05-22', '2025-06-21', FALSE);
INSERT INTO bookclub_reads (clubid, bookid, start_date, end_date, is_current) VALUES (130, 244, '2025-04-28', '2025-05-28', FALSE);
INSERT INTO bookclub_reads (clubid, bookid, start_date, end_date, is_current) VALUES (130, 511, '2025-03-21', '2025-04-20', FALSE);

INSERT INTO bookclubs (clubid, name, description, creatorid) VALUES (131, 'Book Club 115', 'This is the description for Book Club 115.', 131);
INSERT INTO bookclub_members (clubid, userid) VALUES (131, 67);
INSERT INTO bookclub_members (clubid, userid) VALUES (131, 131);
INSERT INTO bookclub_members (clubid, userid) VALUES (131, 142);
INSERT INTO bookclub_members (clubid, userid) VALUES (131, 46);
INSERT INTO bookclub_members (clubid, userid) VALUES (131, 48);
INSERT INTO bookclub_members (clubid, userid) VALUES (131, 18);
INSERT INTO bookclub_members (clubid, userid) VALUES (131, 51);
INSERT INTO bookclub_members (clubid, userid) VALUES (131, 87);
INSERT INTO bookclub_members (clubid, userid) VALUES (131, 55);
INSERT INTO bookclub_members (clubid, userid) VALUES (131, 88);
INSERT INTO bookclub_members (clubid, userid) VALUES (131, 122);
INSERT INTO bookclub_members (clubid, userid) VALUES (131, 60);
INSERT INTO bookclub_members (clubid, userid) VALUES (131, 95);
INSERT INTO bookclub_members (clubid, userid) VALUES (131, 127);
INSERT INTO bookclub_reads (clubid, bookid, start_date, end_date, is_current) VALUES (131, 377, '2025-06-18', '2025-08-09', TRUE);
INSERT INTO bookclub_reads (clubid, bookid, start_date, end_date, is_current) VALUES (131, 702, '2025-06-18', '2025-08-12', TRUE);
INSERT INTO bookclub_reads (clubid, bookid, start_date, end_date, is_current) VALUES (131, 204, '2025-06-28', '2025-07-29', TRUE);
INSERT INTO bookclub_reads (clubid, bookid, start_date, end_date, is_current) VALUES (131, 78, '2025-04-11', '2025-05-11', FALSE);
INSERT INTO bookclub_reads (clubid, bookid, start_date, end_date, is_current) VALUES (131, 253, '2025-02-10', '2025-03-12', FALSE);
INSERT INTO bookclub_reads (clubid, bookid, start_date, end_date, is_current) VALUES (131, 787, '2025-06-03', '2025-07-03', FALSE);
INSERT INTO bookclub_reads (clubid, bookid, start_date, end_date, is_current) VALUES (131, 411, '2025-03-08', '2025-04-07', FALSE);
INSERT INTO bookclub_reads (clubid, bookid, start_date, end_date, is_current) VALUES (131, 181, '2025-03-16', '2025-04-15', FALSE);
INSERT INTO bookclub_reads (clubid, bookid, start_date, end_date, is_current) VALUES (131, 675, '2025-03-19', '2025-04-18', FALSE);
INSERT INTO bookclub_reads (clubid, bookid, start_date, end_date, is_current) VALUES (131, 870, '2025-06-06', '2025-07-06', FALSE);
INSERT INTO bookclub_reads (clubid, bookid, start_date, end_date, is_current) VALUES (131, 85, '2025-04-08', '2025-05-08', FALSE);
INSERT INTO bookclub_reads (clubid, bookid, start_date, end_date, is_current) VALUES (131, 394, '2024-12-22', '2025-01-21', FALSE);
INSERT INTO bookclub_reads (clubid, bookid, start_date, end_date, is_current) VALUES (131, 288, '2024-12-29', '2025-01-28', FALSE);
INSERT INTO bookclub_reads (clubid, bookid, start_date, end_date, is_current) VALUES (131, 447, '2025-03-13', '2025-04-12', FALSE);
INSERT INTO bookclub_reads (clubid, bookid, start_date, end_date, is_current) VALUES (131, 431, '2025-01-05', '2025-02-04', FALSE);
INSERT INTO bookclub_reads (clubid, bookid, start_date, end_date, is_current) VALUES (131, 821, '2025-04-13', '2025-05-13', FALSE);
INSERT INTO bookclub_reads (clubid, bookid, start_date, end_date, is_current) VALUES (131, 655, '2025-03-21', '2025-04-20', FALSE);
INSERT INTO bookclub_reads (clubid, bookid, start_date, end_date, is_current) VALUES (131, 975, '2025-03-02', '2025-04-01', FALSE);

INSERT INTO bookclubs (clubid, name, description, creatorid) VALUES (132, 'Book Club 116', 'This is the description for Book Club 116.', 102);
INSERT INTO bookclub_members (clubid, userid) VALUES (132, 130);
INSERT INTO bookclub_members (clubid, userid) VALUES (132, 102);
INSERT INTO bookclub_members (clubid, userid) VALUES (132, 111);
INSERT INTO bookclub_members (clubid, userid) VALUES (132, 126);
INSERT INTO bookclub_members (clubid, userid) VALUES (132, 127);
INSERT INTO bookclub_reads (clubid, bookid, start_date, end_date, is_current) VALUES (132, 25, '2025-07-05', '2025-08-21', TRUE);
INSERT INTO bookclub_reads (clubid, bookid, start_date, end_date, is_current) VALUES (132, 123, '2025-06-30', '2025-07-22', TRUE);
INSERT INTO bookclub_reads (clubid, bookid, start_date, end_date, is_current) VALUES (132, 86, '2025-01-03', '2025-02-02', FALSE);
INSERT INTO bookclub_reads (clubid, bookid, start_date, end_date, is_current) VALUES (132, 425, '2025-05-11', '2025-06-10', FALSE);
INSERT INTO bookclub_reads (clubid, bookid, start_date, end_date, is_current) VALUES (132, 903, '2025-01-24', '2025-02-23', FALSE);
INSERT INTO bookclub_reads (clubid, bookid, start_date, end_date, is_current) VALUES (132, 69, '2025-04-21', '2025-05-21', FALSE);
INSERT INTO bookclub_reads (clubid, bookid, start_date, end_date, is_current) VALUES (132, 663, '2025-01-20', '2025-02-19', FALSE);
INSERT INTO bookclub_reads (clubid, bookid, start_date, end_date, is_current) VALUES (132, 446, '2025-06-04', '2025-07-04', FALSE);
INSERT INTO bookclub_reads (clubid, bookid, start_date, end_date, is_current) VALUES (132, 667, '2025-03-23', '2025-04-22', FALSE);
INSERT INTO bookclub_reads (clubid, bookid, start_date, end_date, is_current) VALUES (132, 98, '2024-12-19', '2025-01-18', FALSE);
INSERT INTO bookclub_reads (clubid, bookid, start_date, end_date, is_current) VALUES (132, 129, '2025-03-11', '2025-04-10', FALSE);
INSERT INTO bookclub_reads (clubid, bookid, start_date, end_date, is_current) VALUES (132, 1032, '2025-01-25', '2025-02-24', FALSE);
INSERT INTO bookclub_reads (clubid, bookid, start_date, end_date, is_current) VALUES (132, 330, '2025-04-02', '2025-05-02', FALSE);
INSERT INTO bookclub_reads (clubid, bookid, start_date, end_date, is_current) VALUES (132, 539, '2025-05-22', '2025-06-21', FALSE);

INSERT INTO bookclubs (clubid, name, description, creatorid) VALUES (133, 'Book Club 117', 'This is the description for Book Club 117.', 35);
INSERT INTO bookclub_members (clubid, userid) VALUES (133, 33);
INSERT INTO bookclub_members (clubid, userid) VALUES (133, 66);
INSERT INTO bookclub_members (clubid, userid) VALUES (133, 3);
INSERT INTO bookclub_members (clubid, userid) VALUES (133, 67);
INSERT INTO bookclub_members (clubid, userid) VALUES (133, 35);
INSERT INTO bookclub_members (clubid, userid) VALUES (133, 73);
INSERT INTO bookclub_members (clubid, userid) VALUES (133, 10);
INSERT INTO bookclub_members (clubid, userid) VALUES (133, 139);
INSERT INTO bookclub_members (clubid, userid) VALUES (133, 18);
INSERT INTO bookclub_members (clubid, userid) VALUES (133, 53);
INSERT INTO bookclub_members (clubid, userid) VALUES (133, 91);
INSERT INTO bookclub_members (clubid, userid) VALUES (133, 92);
INSERT INTO bookclub_members (clubid, userid) VALUES (133, 93);
INSERT INTO bookclub_members (clubid, userid) VALUES (133, 127);
INSERT INTO bookclub_reads (clubid, bookid, start_date, end_date, is_current) VALUES (133, 466, '2025-06-13', '2025-07-25', TRUE);
INSERT INTO bookclub_reads (clubid, bookid, start_date, end_date, is_current) VALUES (133, 656, '2025-06-29', '2025-08-09', TRUE);
INSERT INTO bookclub_reads (clubid, bookid, start_date, end_date, is_current) VALUES (133, 404, '2025-06-19', '2025-08-06', TRUE);
INSERT INTO bookclub_reads (clubid, bookid, start_date, end_date, is_current) VALUES (133, 399, '2025-04-03', '2025-05-03', FALSE);
INSERT INTO bookclub_reads (clubid, bookid, start_date, end_date, is_current) VALUES (133, 159, '2024-12-20', '2025-01-19', FALSE);
INSERT INTO bookclub_reads (clubid, bookid, start_date, end_date, is_current) VALUES (133, 478, '2024-12-28', '2025-01-27', FALSE);
INSERT INTO bookclub_reads (clubid, bookid, start_date, end_date, is_current) VALUES (133, 444, '2025-01-21', '2025-02-20', FALSE);
INSERT INTO bookclub_reads (clubid, bookid, start_date, end_date, is_current) VALUES (133, 302, '2025-02-18', '2025-03-20', FALSE);
INSERT INTO bookclub_reads (clubid, bookid, start_date, end_date, is_current) VALUES (133, 972, '2025-02-21', '2025-03-23', FALSE);
INSERT INTO bookclub_reads (clubid, bookid, start_date, end_date, is_current) VALUES (133, 771, '2025-03-11', '2025-04-10', FALSE);
INSERT INTO bookclub_reads (clubid, bookid, start_date, end_date, is_current) VALUES (133, 1005, '2024-12-17', '2025-01-16', FALSE);
INSERT INTO bookclub_reads (clubid, bookid, start_date, end_date, is_current) VALUES (133, 539, '2024-12-18', '2025-01-17', FALSE);
INSERT INTO bookclub_reads (clubid, bookid, start_date, end_date, is_current) VALUES (133, 426, '2025-01-15', '2025-02-14', FALSE);
INSERT INTO bookclub_reads (clubid, bookid, start_date, end_date, is_current) VALUES (133, 418, '2025-05-14', '2025-06-13', FALSE);
INSERT INTO bookclub_reads (clubid, bookid, start_date, end_date, is_current) VALUES (133, 74, '2024-12-25', '2025-01-24', FALSE);
INSERT INTO bookclub_reads (clubid, bookid, start_date, end_date, is_current) VALUES (133, 130, '2025-04-27', '2025-05-27', FALSE);
INSERT INTO bookclub_reads (clubid, bookid, start_date, end_date, is_current) VALUES (133, 531, '2025-03-25', '2025-04-24', FALSE);
INSERT INTO bookclub_reads (clubid, bookid, start_date, end_date, is_current) VALUES (133, 249, '2025-05-03', '2025-06-02', FALSE);

