CREATE TABLE bookclubs (
    clubid      SERIAL PRIMARY KEY,
    name        VARCHAR(255),
    description TEXT
);

CREATE TABLE bookclub_creators (
    clubid    INT PRIMARY KEY,
    userid    INT,
    created_at TIMESTAMP DEFAULT CURRENT_TIMESTAMP,
    FOREIGN KEY (clubid) REFERENCES bookclubs(clubid) ON DELETE CASCADE,
    FOREIGN KEY (userid) REFERENCES users(userid)     ON DELETE CASCADE
);

CREATE TABLE bookclub_members (
    clubid    INT,
    userid    INT,
    joined_at TIMESTAMP DEFAULT CURRENT_TIMESTAMP,
    PRIMARY KEY (clubid, userid),
    FOREIGN KEY (clubid) REFERENCES bookclubs(clubid) ON DELETE CASCADE,
    FOREIGN KEY (userid) REFERENCES users(userid)     ON DELETE CASCADE
);

CREATE TABLE bookclub_reads (
    clubid     INT,
    bookid     INT,
    start_date DATE,
    end_date   DATE,
    is_current BOOLEAN DEFAULT TRUE,
    PRIMARY KEY (clubid, bookid),
    FOREIGN KEY (clubid) REFERENCES bookclubs(clubid) ON DELETE CASCADE,
    FOREIGN KEY (bookid) REFERENCES books(bookid)     ON DELETE CASCADE
);


INSERT INTO bookclubs (clubid, name, description) VALUES (251, 'Book Club 1', 'This is the description for Book Club 1.');
INSERT INTO bookclub_creators (clubid, userid) VALUES (251, 44);
INSERT INTO bookclub_members (clubid, userid) VALUES (251, 417);
INSERT INTO bookclub_members (clubid, userid) VALUES (251, 34);
INSERT INTO bookclub_members (clubid, userid) VALUES (251, 44);
INSERT INTO bookclub_members (clubid, userid) VALUES (251, 431);
INSERT INTO bookclub_members (clubid, userid) VALUES (251, 119);
INSERT INTO bookclub_members (clubid, userid) VALUES (251, 313);
INSERT INTO bookclub_members (clubid, userid) VALUES (251, 28);
INSERT INTO bookclub_reads (clubid, bookid, start_date, end_date, is_current) VALUES (251, 76, '2025-06-25', '2025-08-17', TRUE);
INSERT INTO bookclub_reads (clubid, bookid, start_date, end_date, is_current) VALUES (251, 868, '2025-06-13', '2025-08-14', TRUE);
INSERT INTO bookclub_reads (clubid, bookid, start_date, end_date, is_current) VALUES (251, 841, '2024-12-24', '2025-01-23', FALSE);
INSERT INTO bookclub_reads (clubid, bookid, start_date, end_date, is_current) VALUES (251, 698, '2025-03-19', '2025-04-18', FALSE);
INSERT INTO bookclub_reads (clubid, bookid, start_date, end_date, is_current) VALUES (251, 466, '2024-12-24', '2025-01-23', FALSE);
INSERT INTO bookclub_reads (clubid, bookid, start_date, end_date, is_current) VALUES (251, 362, '2025-04-21', '2025-05-21', FALSE);
INSERT INTO bookclub_reads (clubid, bookid, start_date, end_date, is_current) VALUES (251, 933, '2025-02-04', '2025-03-06', FALSE);
INSERT INTO bookclub_reads (clubid, bookid, start_date, end_date, is_current) VALUES (251, 1052, '2025-06-03', '2025-07-03', FALSE);
INSERT INTO bookclub_reads (clubid, bookid, start_date, end_date, is_current) VALUES (251, 105, '2025-02-06', '2025-03-08', FALSE);
INSERT INTO bookclub_reads (clubid, bookid, start_date, end_date, is_current) VALUES (251, 285, '2025-03-17', '2025-04-16', FALSE);
INSERT INTO bookclub_reads (clubid, bookid, start_date, end_date, is_current) VALUES (251, 139, '2025-05-10', '2025-06-09', FALSE);
INSERT INTO bookclub_reads (clubid, bookid, start_date, end_date, is_current) VALUES (251, 397, '2025-05-31', '2025-06-30', FALSE);
INSERT INTO bookclub_reads (clubid, bookid, start_date, end_date, is_current) VALUES (251, 78, '2025-05-16', '2025-06-15', FALSE);
INSERT INTO bookclub_reads (clubid, bookid, start_date, end_date, is_current) VALUES (251, 435, '2025-05-11', '2025-06-10', FALSE);
INSERT INTO bookclub_reads (clubid, bookid, start_date, end_date, is_current) VALUES (251, 86, '2025-01-12', '2025-02-11', FALSE);
INSERT INTO bookclub_reads (clubid, bookid, start_date, end_date, is_current) VALUES (251, 1022, '2025-06-05', '2025-07-05', FALSE);
INSERT INTO bookclub_reads (clubid, bookid, start_date, end_date, is_current) VALUES (251, 68, '2025-04-09', '2025-05-09', FALSE);

INSERT INTO bookclubs (clubid, name, description) VALUES (252, 'Book Club 2', 'This is the description for Book Club 2.');
INSERT INTO bookclub_creators (clubid, userid) VALUES (252, 53);
INSERT INTO bookclub_members (clubid, userid) VALUES (252, 224);
INSERT INTO bookclub_members (clubid, userid) VALUES (252, 288);
INSERT INTO bookclub_members (clubid, userid) VALUES (252, 355);
INSERT INTO bookclub_members (clubid, userid) VALUES (252, 356);
INSERT INTO bookclub_members (clubid, userid) VALUES (252, 325);
INSERT INTO bookclub_members (clubid, userid) VALUES (252, 230);
INSERT INTO bookclub_members (clubid, userid) VALUES (252, 423);
INSERT INTO bookclub_members (clubid, userid) VALUES (252, 364);
INSERT INTO bookclub_members (clubid, userid) VALUES (252, 428);
INSERT INTO bookclub_members (clubid, userid) VALUES (252, 209);
INSERT INTO bookclub_members (clubid, userid) VALUES (252, 53);
INSERT INTO bookclub_members (clubid, userid) VALUES (252, 118);
INSERT INTO bookclub_members (clubid, userid) VALUES (252, 184);
INSERT INTO bookclub_members (clubid, userid) VALUES (252, 377);
INSERT INTO bookclub_members (clubid, userid) VALUES (252, 157);
INSERT INTO bookclub_members (clubid, userid) VALUES (252, 159);
INSERT INTO bookclub_reads (clubid, bookid, start_date, end_date, is_current) VALUES (252, 298, '2025-07-01', '2025-07-26', TRUE);
INSERT INTO bookclub_reads (clubid, bookid, start_date, end_date, is_current) VALUES (252, 105, '2025-07-01', '2025-07-30', TRUE);
INSERT INTO bookclub_reads (clubid, bookid, start_date, end_date, is_current) VALUES (252, 407, '2025-03-16', '2025-04-15', FALSE);
INSERT INTO bookclub_reads (clubid, bookid, start_date, end_date, is_current) VALUES (252, 484, '2024-12-31', '2025-01-30', FALSE);
INSERT INTO bookclub_reads (clubid, bookid, start_date, end_date, is_current) VALUES (252, 478, '2025-03-21', '2025-04-20', FALSE);
INSERT INTO bookclub_reads (clubid, bookid, start_date, end_date, is_current) VALUES (252, 766, '2025-02-13', '2025-03-15', FALSE);
INSERT INTO bookclub_reads (clubid, bookid, start_date, end_date, is_current) VALUES (252, 122, '2025-04-07', '2025-05-07', FALSE);
INSERT INTO bookclub_reads (clubid, bookid, start_date, end_date, is_current) VALUES (252, 397, '2025-04-04', '2025-05-04', FALSE);
INSERT INTO bookclub_reads (clubid, bookid, start_date, end_date, is_current) VALUES (252, 57, '2025-02-23', '2025-03-25', FALSE);
INSERT INTO bookclub_reads (clubid, bookid, start_date, end_date, is_current) VALUES (252, 400, '2025-01-18', '2025-02-17', FALSE);
INSERT INTO bookclub_reads (clubid, bookid, start_date, end_date, is_current) VALUES (252, 230, '2025-03-27', '2025-04-26', FALSE);
INSERT INTO bookclub_reads (clubid, bookid, start_date, end_date, is_current) VALUES (252, 524, '2025-03-25', '2025-04-24', FALSE);
INSERT INTO bookclub_reads (clubid, bookid, start_date, end_date, is_current) VALUES (252, 90, '2025-05-14', '2025-06-13', FALSE);

INSERT INTO bookclubs (clubid, name, description) VALUES (253, 'Book Club 3', 'This is the description for Book Club 3.');
INSERT INTO bookclub_creators (clubid, userid) VALUES (253, 166);
INSERT INTO bookclub_members (clubid, userid) VALUES (253, 1);
INSERT INTO bookclub_members (clubid, userid) VALUES (253, 193);
INSERT INTO bookclub_members (clubid, userid) VALUES (253, 260);
INSERT INTO bookclub_members (clubid, userid) VALUES (253, 166);
INSERT INTO bookclub_members (clubid, userid) VALUES (253, 327);
INSERT INTO bookclub_members (clubid, userid) VALUES (253, 271);
INSERT INTO bookclub_members (clubid, userid) VALUES (253, 243);
INSERT INTO bookclub_members (clubid, userid) VALUES (253, 308);
INSERT INTO bookclub_members (clubid, userid) VALUES (253, 151);
INSERT INTO bookclub_members (clubid, userid) VALUES (253, 25);
INSERT INTO bookclub_members (clubid, userid) VALUES (253, 154);
INSERT INTO bookclub_members (clubid, userid) VALUES (253, 348);
INSERT INTO bookclub_members (clubid, userid) VALUES (253, 189);
INSERT INTO bookclub_members (clubid, userid) VALUES (253, 31);
INSERT INTO bookclub_reads (clubid, bookid, start_date, end_date, is_current) VALUES (253, 105, '2025-06-25', '2025-07-29', TRUE);
INSERT INTO bookclub_reads (clubid, bookid, start_date, end_date, is_current) VALUES (253, 880, '2025-06-13', '2025-08-10', TRUE);
INSERT INTO bookclub_reads (clubid, bookid, start_date, end_date, is_current) VALUES (253, 204, '2025-06-13', '2025-07-30', TRUE);
INSERT INTO bookclub_reads (clubid, bookid, start_date, end_date, is_current) VALUES (253, 252, '2025-03-14', '2025-04-13', FALSE);
INSERT INTO bookclub_reads (clubid, bookid, start_date, end_date, is_current) VALUES (253, 823, '2025-03-19', '2025-04-18', FALSE);
INSERT INTO bookclub_reads (clubid, bookid, start_date, end_date, is_current) VALUES (253, 835, '2025-02-21', '2025-03-23', FALSE);
INSERT INTO bookclub_reads (clubid, bookid, start_date, end_date, is_current) VALUES (253, 1059, '2024-12-15', '2025-01-14', FALSE);
INSERT INTO bookclub_reads (clubid, bookid, start_date, end_date, is_current) VALUES (253, 523, '2025-03-27', '2025-04-26', FALSE);
INSERT INTO bookclub_reads (clubid, bookid, start_date, end_date, is_current) VALUES (253, 36, '2025-01-02', '2025-02-01', FALSE);
INSERT INTO bookclub_reads (clubid, bookid, start_date, end_date, is_current) VALUES (253, 698, '2025-05-11', '2025-06-10', FALSE);
INSERT INTO bookclub_reads (clubid, bookid, start_date, end_date, is_current) VALUES (253, 787, '2025-02-23', '2025-03-25', FALSE);
INSERT INTO bookclub_reads (clubid, bookid, start_date, end_date, is_current) VALUES (253, 799, '2025-02-02', '2025-03-04', FALSE);
INSERT INTO bookclub_reads (clubid, bookid, start_date, end_date, is_current) VALUES (253, 144, '2024-12-29', '2025-01-28', FALSE);
INSERT INTO bookclub_reads (clubid, bookid, start_date, end_date, is_current) VALUES (253, 1007, '2025-05-15', '2025-06-14', FALSE);
INSERT INTO bookclub_reads (clubid, bookid, start_date, end_date, is_current) VALUES (253, 356, '2025-06-04', '2025-07-04', FALSE);
INSERT INTO bookclub_reads (clubid, bookid, start_date, end_date, is_current) VALUES (253, 481, '2025-05-31', '2025-06-30', FALSE);

INSERT INTO bookclubs (clubid, name, description) VALUES (254, 'Book Club 4', 'This is the description for Book Club 4.');
INSERT INTO bookclub_creators (clubid, userid) VALUES (254, 170);
INSERT INTO bookclub_members (clubid, userid) VALUES (254, 417);
INSERT INTO bookclub_members (clubid, userid) VALUES (254, 34);
INSERT INTO bookclub_members (clubid, userid) VALUES (254, 5);
INSERT INTO bookclub_members (clubid, userid) VALUES (254, 103);
INSERT INTO bookclub_members (clubid, userid) VALUES (254, 136);
INSERT INTO bookclub_members (clubid, userid) VALUES (254, 296);
INSERT INTO bookclub_members (clubid, userid) VALUES (254, 74);
INSERT INTO bookclub_members (clubid, userid) VALUES (254, 170);
INSERT INTO bookclub_members (clubid, userid) VALUES (254, 366);
INSERT INTO bookclub_members (clubid, userid) VALUES (254, 85);
INSERT INTO bookclub_members (clubid, userid) VALUES (254, 55);
INSERT INTO bookclub_members (clubid, userid) VALUES (254, 122);
INSERT INTO bookclub_members (clubid, userid) VALUES (254, 379);
INSERT INTO bookclub_members (clubid, userid) VALUES (254, 221);
INSERT INTO bookclub_members (clubid, userid) VALUES (254, 95);
INSERT INTO bookclub_reads (clubid, bookid, start_date, end_date, is_current) VALUES (254, 137, '2025-07-06', '2025-08-07', TRUE);
INSERT INTO bookclub_reads (clubid, bookid, start_date, end_date, is_current) VALUES (254, 277, '2025-05-09', '2025-06-08', FALSE);
INSERT INTO bookclub_reads (clubid, bookid, start_date, end_date, is_current) VALUES (254, 667, '2025-05-17', '2025-06-16', FALSE);
INSERT INTO bookclub_reads (clubid, bookid, start_date, end_date, is_current) VALUES (254, 434, '2024-12-10', '2025-01-09', FALSE);
INSERT INTO bookclub_reads (clubid, bookid, start_date, end_date, is_current) VALUES (254, 1067, '2025-02-23', '2025-03-25', FALSE);
INSERT INTO bookclub_reads (clubid, bookid, start_date, end_date, is_current) VALUES (254, 98, '2025-03-26', '2025-04-25', FALSE);

INSERT INTO bookclubs (clubid, name, description) VALUES (255, 'Book Club 5', 'This is the description for Book Club 5.');
INSERT INTO bookclub_creators (clubid, userid) VALUES (255, 8);
INSERT INTO bookclub_members (clubid, userid) VALUES (255, 259);
INSERT INTO bookclub_members (clubid, userid) VALUES (255, 133);
INSERT INTO bookclub_members (clubid, userid) VALUES (255, 262);
INSERT INTO bookclub_members (clubid, userid) VALUES (255, 7);
INSERT INTO bookclub_members (clubid, userid) VALUES (255, 8);
INSERT INTO bookclub_members (clubid, userid) VALUES (255, 267);
INSERT INTO bookclub_members (clubid, userid) VALUES (255, 161);
INSERT INTO bookclub_members (clubid, userid) VALUES (255, 40);
INSERT INTO bookclub_members (clubid, userid) VALUES (255, 46);
INSERT INTO bookclub_members (clubid, userid) VALUES (255, 179);
INSERT INTO bookclub_members (clubid, userid) VALUES (255, 310);
INSERT INTO bookclub_members (clubid, userid) VALUES (255, 58);
INSERT INTO bookclub_members (clubid, userid) VALUES (255, 74);
INSERT INTO bookclub_members (clubid, userid) VALUES (255, 339);
INSERT INTO bookclub_members (clubid, userid) VALUES (255, 108);
INSERT INTO bookclub_members (clubid, userid) VALUES (255, 238);
INSERT INTO bookclub_members (clubid, userid) VALUES (255, 239);
INSERT INTO bookclub_members (clubid, userid) VALUES (255, 243);
INSERT INTO bookclub_members (clubid, userid) VALUES (255, 381);
INSERT INTO bookclub_reads (clubid, bookid, start_date, end_date, is_current) VALUES (255, 565, '2025-06-16', '2025-07-30', TRUE);
INSERT INTO bookclub_reads (clubid, bookid, start_date, end_date, is_current) VALUES (255, 515, '2025-03-04', '2025-04-03', FALSE);
INSERT INTO bookclub_reads (clubid, bookid, start_date, end_date, is_current) VALUES (255, 110, '2025-01-09', '2025-02-08', FALSE);
INSERT INTO bookclub_reads (clubid, bookid, start_date, end_date, is_current) VALUES (255, 998, '2025-05-26', '2025-06-25', FALSE);
INSERT INTO bookclub_reads (clubid, bookid, start_date, end_date, is_current) VALUES (255, 759, '2025-05-26', '2025-06-25', FALSE);
INSERT INTO bookclub_reads (clubid, bookid, start_date, end_date, is_current) VALUES (255, 1068, '2025-03-10', '2025-04-09', FALSE);
INSERT INTO bookclub_reads (clubid, bookid, start_date, end_date, is_current) VALUES (255, 412, '2024-12-25', '2025-01-24', FALSE);
INSERT INTO bookclub_reads (clubid, bookid, start_date, end_date, is_current) VALUES (255, 123, '2025-04-29', '2025-05-29', FALSE);
INSERT INTO bookclub_reads (clubid, bookid, start_date, end_date, is_current) VALUES (255, 663, '2024-12-16', '2025-01-15', FALSE);

INSERT INTO bookclubs (clubid, name, description) VALUES (256, 'Book Club 6', 'This is the description for Book Club 6.');
INSERT INTO bookclub_creators (clubid, userid) VALUES (256, 438);
INSERT INTO bookclub_members (clubid, userid) VALUES (256, 268);
INSERT INTO bookclub_members (clubid, userid) VALUES (256, 142);
INSERT INTO bookclub_members (clubid, userid) VALUES (256, 273);
INSERT INTO bookclub_members (clubid, userid) VALUES (256, 28);
INSERT INTO bookclub_members (clubid, userid) VALUES (256, 31);
INSERT INTO bookclub_members (clubid, userid) VALUES (256, 52);
INSERT INTO bookclub_members (clubid, userid) VALUES (256, 181);
INSERT INTO bookclub_members (clubid, userid) VALUES (256, 438);
INSERT INTO bookclub_members (clubid, userid) VALUES (256, 55);
INSERT INTO bookclub_members (clubid, userid) VALUES (256, 62);
INSERT INTO bookclub_members (clubid, userid) VALUES (256, 327);
INSERT INTO bookclub_members (clubid, userid) VALUES (256, 339);
INSERT INTO bookclub_members (clubid, userid) VALUES (256, 83);
INSERT INTO bookclub_members (clubid, userid) VALUES (256, 358);
INSERT INTO bookclub_members (clubid, userid) VALUES (256, 233);
INSERT INTO bookclub_members (clubid, userid) VALUES (256, 243);
INSERT INTO bookclub_members (clubid, userid) VALUES (256, 116);
INSERT INTO bookclub_members (clubid, userid) VALUES (256, 246);
INSERT INTO bookclub_members (clubid, userid) VALUES (256, 375);
INSERT INTO bookclub_reads (clubid, bookid, start_date, end_date, is_current) VALUES (256, 386, '2025-06-19', '2025-08-09', TRUE);
INSERT INTO bookclub_reads (clubid, bookid, start_date, end_date, is_current) VALUES (256, 477, '2025-06-29', '2025-08-05', TRUE);
INSERT INTO bookclub_reads (clubid, bookid, start_date, end_date, is_current) VALUES (256, 424, '2025-07-06', '2025-08-13', TRUE);
INSERT INTO bookclub_reads (clubid, bookid, start_date, end_date, is_current) VALUES (256, 493, '2025-01-24', '2025-02-23', FALSE);
INSERT INTO bookclub_reads (clubid, bookid, start_date, end_date, is_current) VALUES (256, 37, '2025-05-18', '2025-06-17', FALSE);
INSERT INTO bookclub_reads (clubid, bookid, start_date, end_date, is_current) VALUES (256, 865, '2025-05-13', '2025-06-12', FALSE);
INSERT INTO bookclub_reads (clubid, bookid, start_date, end_date, is_current) VALUES (256, 24, '2024-12-22', '2025-01-21', FALSE);
INSERT INTO bookclub_reads (clubid, bookid, start_date, end_date, is_current) VALUES (256, 231, '2024-12-23', '2025-01-22', FALSE);
INSERT INTO bookclub_reads (clubid, bookid, start_date, end_date, is_current) VALUES (256, 968, '2025-05-14', '2025-06-13', FALSE);

INSERT INTO bookclubs (clubid, name, description) VALUES (257, 'Book Club 7', 'This is the description for Book Club 7.');
INSERT INTO bookclub_creators (clubid, userid) VALUES (257, 357);
INSERT INTO bookclub_members (clubid, userid) VALUES (257, 384);
INSERT INTO bookclub_members (clubid, userid) VALUES (257, 417);
INSERT INTO bookclub_members (clubid, userid) VALUES (257, 354);
INSERT INTO bookclub_members (clubid, userid) VALUES (257, 196);
INSERT INTO bookclub_members (clubid, userid) VALUES (257, 229);
INSERT INTO bookclub_members (clubid, userid) VALUES (257, 357);
INSERT INTO bookclub_members (clubid, userid) VALUES (257, 7);
INSERT INTO bookclub_members (clubid, userid) VALUES (257, 231);
INSERT INTO bookclub_members (clubid, userid) VALUES (257, 268);
INSERT INTO bookclub_members (clubid, userid) VALUES (257, 396);
INSERT INTO bookclub_members (clubid, userid) VALUES (257, 110);
INSERT INTO bookclub_members (clubid, userid) VALUES (257, 398);
INSERT INTO bookclub_members (clubid, userid) VALUES (257, 403);
INSERT INTO bookclub_members (clubid, userid) VALUES (257, 84);
INSERT INTO bookclub_members (clubid, userid) VALUES (257, 181);
INSERT INTO bookclub_members (clubid, userid) VALUES (257, 312);
INSERT INTO bookclub_members (clubid, userid) VALUES (257, 186);
INSERT INTO bookclub_members (clubid, userid) VALUES (257, 253);
INSERT INTO bookclub_reads (clubid, bookid, start_date, end_date, is_current) VALUES (257, 53, '2025-07-06', '2025-08-14', TRUE);
INSERT INTO bookclub_reads (clubid, bookid, start_date, end_date, is_current) VALUES (257, 771, '2025-06-09', '2025-08-20', TRUE);
INSERT INTO bookclub_reads (clubid, bookid, start_date, end_date, is_current) VALUES (257, 619, '2025-07-04', '2025-08-22', TRUE);
INSERT INTO bookclub_reads (clubid, bookid, start_date, end_date, is_current) VALUES (257, 394, '2024-12-27', '2025-01-26', FALSE);
INSERT INTO bookclub_reads (clubid, bookid, start_date, end_date, is_current) VALUES (257, 285, '2025-01-22', '2025-02-21', FALSE);
INSERT INTO bookclub_reads (clubid, bookid, start_date, end_date, is_current) VALUES (257, 103, '2025-04-12', '2025-05-12', FALSE);
INSERT INTO bookclub_reads (clubid, bookid, start_date, end_date, is_current) VALUES (257, 416, '2025-03-10', '2025-04-09', FALSE);
INSERT INTO bookclub_reads (clubid, bookid, start_date, end_date, is_current) VALUES (257, 493, '2025-02-11', '2025-03-13', FALSE);
INSERT INTO bookclub_reads (clubid, bookid, start_date, end_date, is_current) VALUES (257, 815, '2024-12-16', '2025-01-15', FALSE);

INSERT INTO bookclubs (clubid, name, description) VALUES (258, 'Book Club 8', 'This is the description for Book Club 8.');
INSERT INTO bookclub_creators (clubid, userid) VALUES (258, 377);
INSERT INTO bookclub_members (clubid, userid) VALUES (258, 128);
INSERT INTO bookclub_members (clubid, userid) VALUES (258, 131);
INSERT INTO bookclub_members (clubid, userid) VALUES (258, 357);
INSERT INTO bookclub_members (clubid, userid) VALUES (258, 313);
INSERT INTO bookclub_members (clubid, userid) VALUES (258, 377);
INSERT INTO bookclub_members (clubid, userid) VALUES (258, 10);
INSERT INTO bookclub_members (clubid, userid) VALUES (258, 330);
INSERT INTO bookclub_members (clubid, userid) VALUES (258, 270);
INSERT INTO bookclub_members (clubid, userid) VALUES (258, 433);
INSERT INTO bookclub_members (clubid, userid) VALUES (258, 212);
INSERT INTO bookclub_members (clubid, userid) VALUES (258, 437);
INSERT INTO bookclub_members (clubid, userid) VALUES (258, 57);
INSERT INTO bookclub_members (clubid, userid) VALUES (258, 61);
INSERT INTO bookclub_reads (clubid, bookid, start_date, end_date, is_current) VALUES (258, 848, '2025-06-11', '2025-08-02', TRUE);
INSERT INTO bookclub_reads (clubid, bookid, start_date, end_date, is_current) VALUES (258, 80, '2025-04-13', '2025-05-13', FALSE);
INSERT INTO bookclub_reads (clubid, bookid, start_date, end_date, is_current) VALUES (258, 475, '2024-12-31', '2025-01-30', FALSE);
INSERT INTO bookclub_reads (clubid, bookid, start_date, end_date, is_current) VALUES (258, 931, '2025-04-18', '2025-05-18', FALSE);
INSERT INTO bookclub_reads (clubid, bookid, start_date, end_date, is_current) VALUES (258, 207, '2025-03-24', '2025-04-23', FALSE);
INSERT INTO bookclub_reads (clubid, bookid, start_date, end_date, is_current) VALUES (258, 109, '2025-02-08', '2025-03-10', FALSE);
INSERT INTO bookclub_reads (clubid, bookid, start_date, end_date, is_current) VALUES (258, 466, '2024-12-20', '2025-01-19', FALSE);
INSERT INTO bookclub_reads (clubid, bookid, start_date, end_date, is_current) VALUES (258, 534, '2025-05-30', '2025-06-29', FALSE);
INSERT INTO bookclub_reads (clubid, bookid, start_date, end_date, is_current) VALUES (258, 539, '2025-01-12', '2025-02-11', FALSE);
INSERT INTO bookclub_reads (clubid, bookid, start_date, end_date, is_current) VALUES (258, 86, '2025-05-15', '2025-06-14', FALSE);
INSERT INTO bookclub_reads (clubid, bookid, start_date, end_date, is_current) VALUES (258, 668, '2024-12-13', '2025-01-12', FALSE);
INSERT INTO bookclub_reads (clubid, bookid, start_date, end_date, is_current) VALUES (258, 67, '2025-02-03', '2025-03-05', FALSE);
INSERT INTO bookclub_reads (clubid, bookid, start_date, end_date, is_current) VALUES (258, 90, '2025-04-27', '2025-05-27', FALSE);
INSERT INTO bookclub_reads (clubid, bookid, start_date, end_date, is_current) VALUES (258, 456, '2025-05-18', '2025-06-17', FALSE);
INSERT INTO bookclub_reads (clubid, bookid, start_date, end_date, is_current) VALUES (258, 93, '2025-02-10', '2025-03-12', FALSE);
INSERT INTO bookclub_reads (clubid, bookid, start_date, end_date, is_current) VALUES (258, 250, '2025-04-08', '2025-05-08', FALSE);

INSERT INTO bookclubs (clubid, name, description) VALUES (259, 'Book Club 9', 'This is the description for Book Club 9.');
INSERT INTO bookclub_creators (clubid, userid) VALUES (259, 232);
INSERT INTO bookclub_members (clubid, userid) VALUES (259, 320);
INSERT INTO bookclub_members (clubid, userid) VALUES (259, 326);
INSERT INTO bookclub_members (clubid, userid) VALUES (259, 359);
INSERT INTO bookclub_members (clubid, userid) VALUES (259, 232);
INSERT INTO bookclub_members (clubid, userid) VALUES (259, 73);
INSERT INTO bookclub_members (clubid, userid) VALUES (259, 331);
INSERT INTO bookclub_members (clubid, userid) VALUES (259, 142);
INSERT INTO bookclub_members (clubid, userid) VALUES (259, 79);
INSERT INTO bookclub_members (clubid, userid) VALUES (259, 14);
INSERT INTO bookclub_members (clubid, userid) VALUES (259, 434);
INSERT INTO bookclub_members (clubid, userid) VALUES (259, 20);
INSERT INTO bookclub_members (clubid, userid) VALUES (259, 248);
INSERT INTO bookclub_members (clubid, userid) VALUES (259, 252);
INSERT INTO bookclub_members (clubid, userid) VALUES (259, 62);
INSERT INTO bookclub_reads (clubid, bookid, start_date, end_date, is_current) VALUES (259, 216, '2025-06-29', '2025-08-06', TRUE);
INSERT INTO bookclub_reads (clubid, bookid, start_date, end_date, is_current) VALUES (259, 475, '2025-02-18', '2025-03-20', FALSE);
INSERT INTO bookclub_reads (clubid, bookid, start_date, end_date, is_current) VALUES (259, 477, '2025-02-14', '2025-03-16', FALSE);
INSERT INTO bookclub_reads (clubid, bookid, start_date, end_date, is_current) VALUES (259, 515, '2025-03-13', '2025-04-12', FALSE);
INSERT INTO bookclub_reads (clubid, bookid, start_date, end_date, is_current) VALUES (259, 68, '2025-05-08', '2025-06-07', FALSE);
INSERT INTO bookclub_reads (clubid, bookid, start_date, end_date, is_current) VALUES (259, 119, '2025-05-09', '2025-06-08', FALSE);
INSERT INTO bookclub_reads (clubid, bookid, start_date, end_date, is_current) VALUES (259, 902, '2025-03-21', '2025-04-20', FALSE);
INSERT INTO bookclub_reads (clubid, bookid, start_date, end_date, is_current) VALUES (259, 824, '2025-05-02', '2025-06-01', FALSE);
INSERT INTO bookclub_reads (clubid, bookid, start_date, end_date, is_current) VALUES (259, 386, '2025-03-09', '2025-04-08', FALSE);
INSERT INTO bookclub_reads (clubid, bookid, start_date, end_date, is_current) VALUES (259, 207, '2024-12-20', '2025-01-19', FALSE);
INSERT INTO bookclub_reads (clubid, bookid, start_date, end_date, is_current) VALUES (259, 407, '2025-03-29', '2025-04-28', FALSE);
INSERT INTO bookclub_reads (clubid, bookid, start_date, end_date, is_current) VALUES (259, 106, '2025-05-25', '2025-06-24', FALSE);
INSERT INTO bookclub_reads (clubid, bookid, start_date, end_date, is_current) VALUES (259, 765, '2025-01-08', '2025-02-07', FALSE);
INSERT INTO bookclub_reads (clubid, bookid, start_date, end_date, is_current) VALUES (259, 534, '2025-02-10', '2025-03-12', FALSE);
INSERT INTO bookclub_reads (clubid, bookid, start_date, end_date, is_current) VALUES (259, 639, '2025-05-13', '2025-06-12', FALSE);

INSERT INTO bookclubs (clubid, name, description) VALUES (260, 'Book Club 10', 'This is the description for Book Club 10.');
INSERT INTO bookclub_creators (clubid, userid) VALUES (260, 279);
INSERT INTO bookclub_members (clubid, userid) VALUES (260, 256);
INSERT INTO bookclub_members (clubid, userid) VALUES (260, 387);
INSERT INTO bookclub_members (clubid, userid) VALUES (260, 146);
INSERT INTO bookclub_members (clubid, userid) VALUES (260, 279);
INSERT INTO bookclub_members (clubid, userid) VALUES (260, 414);
INSERT INTO bookclub_members (clubid, userid) VALUES (260, 30);
INSERT INTO bookclub_members (clubid, userid) VALUES (260, 291);
INSERT INTO bookclub_members (clubid, userid) VALUES (260, 419);
INSERT INTO bookclub_members (clubid, userid) VALUES (260, 297);
INSERT INTO bookclub_members (clubid, userid) VALUES (260, 429);
INSERT INTO bookclub_members (clubid, userid) VALUES (260, 46);
INSERT INTO bookclub_members (clubid, userid) VALUES (260, 180);
INSERT INTO bookclub_members (clubid, userid) VALUES (260, 53);
INSERT INTO bookclub_members (clubid, userid) VALUES (260, 439);
INSERT INTO bookclub_members (clubid, userid) VALUES (260, 217);
INSERT INTO bookclub_members (clubid, userid) VALUES (260, 100);
INSERT INTO bookclub_members (clubid, userid) VALUES (260, 112);
INSERT INTO bookclub_members (clubid, userid) VALUES (260, 118);
INSERT INTO bookclub_members (clubid, userid) VALUES (260, 375);
INSERT INTO bookclub_reads (clubid, bookid, start_date, end_date, is_current) VALUES (260, 288, '2025-07-02', '2025-08-18', TRUE);
INSERT INTO bookclub_reads (clubid, bookid, start_date, end_date, is_current) VALUES (260, 493, '2025-06-11', '2025-08-01', TRUE);
INSERT INTO bookclub_reads (clubid, bookid, start_date, end_date, is_current) VALUES (260, 1067, '2025-05-06', '2025-06-05', FALSE);
INSERT INTO bookclub_reads (clubid, bookid, start_date, end_date, is_current) VALUES (260, 902, '2025-02-13', '2025-03-15', FALSE);
INSERT INTO bookclub_reads (clubid, bookid, start_date, end_date, is_current) VALUES (260, 394, '2024-12-15', '2025-01-14', FALSE);
INSERT INTO bookclub_reads (clubid, bookid, start_date, end_date, is_current) VALUES (260, 669, '2025-02-14', '2025-03-16', FALSE);
INSERT INTO bookclub_reads (clubid, bookid, start_date, end_date, is_current) VALUES (260, 357, '2025-01-23', '2025-02-22', FALSE);
INSERT INTO bookclub_reads (clubid, bookid, start_date, end_date, is_current) VALUES (260, 665, '2025-01-30', '2025-03-01', FALSE);
INSERT INTO bookclub_reads (clubid, bookid, start_date, end_date, is_current) VALUES (260, 83, '2025-01-30', '2025-03-01', FALSE);
INSERT INTO bookclub_reads (clubid, bookid, start_date, end_date, is_current) VALUES (260, 523, '2025-03-09', '2025-04-08', FALSE);
INSERT INTO bookclub_reads (clubid, bookid, start_date, end_date, is_current) VALUES (260, 456, '2025-06-01', '2025-07-01', FALSE);
INSERT INTO bookclub_reads (clubid, bookid, start_date, end_date, is_current) VALUES (260, 454, '2024-12-25', '2025-01-24', FALSE);
INSERT INTO bookclub_reads (clubid, bookid, start_date, end_date, is_current) VALUES (260, 28, '2025-05-07', '2025-06-06', FALSE);
INSERT INTO bookclub_reads (clubid, bookid, start_date, end_date, is_current) VALUES (260, 16, '2025-01-12', '2025-02-11', FALSE);
INSERT INTO bookclub_reads (clubid, bookid, start_date, end_date, is_current) VALUES (260, 406, '2025-03-27', '2025-04-26', FALSE);
INSERT INTO bookclub_reads (clubid, bookid, start_date, end_date, is_current) VALUES (260, 245, '2025-05-04', '2025-06-03', FALSE);

INSERT INTO bookclubs (clubid, name, description) VALUES (261, 'Book Club 11', 'This is the description for Book Club 11.');
INSERT INTO bookclub_creators (clubid, userid) VALUES (261, 349);
INSERT INTO bookclub_members (clubid, userid) VALUES (261, 344);
INSERT INTO bookclub_members (clubid, userid) VALUES (261, 166);
INSERT INTO bookclub_members (clubid, userid) VALUES (261, 85);
INSERT INTO bookclub_members (clubid, userid) VALUES (261, 88);
INSERT INTO bookclub_members (clubid, userid) VALUES (261, 349);
INSERT INTO bookclub_members (clubid, userid) VALUES (261, 255);
INSERT INTO bookclub_reads (clubid, bookid, start_date, end_date, is_current) VALUES (261, 599, '2025-06-11', '2025-07-30', TRUE);
INSERT INTO bookclub_reads (clubid, bookid, start_date, end_date, is_current) VALUES (261, 67, '2025-06-30', '2025-07-26', TRUE);
INSERT INTO bookclub_reads (clubid, bookid, start_date, end_date, is_current) VALUES (261, 244, '2025-06-24', '2025-07-26', TRUE);
INSERT INTO bookclub_reads (clubid, bookid, start_date, end_date, is_current) VALUES (261, 444, '2025-04-06', '2025-05-06', FALSE);
INSERT INTO bookclub_reads (clubid, bookid, start_date, end_date, is_current) VALUES (261, 409, '2025-01-10', '2025-02-09', FALSE);
INSERT INTO bookclub_reads (clubid, bookid, start_date, end_date, is_current) VALUES (261, 290, '2025-03-29', '2025-04-28', FALSE);
INSERT INTO bookclub_reads (clubid, bookid, start_date, end_date, is_current) VALUES (261, 969, '2024-12-13', '2025-01-12', FALSE);
INSERT INTO bookclub_reads (clubid, bookid, start_date, end_date, is_current) VALUES (261, 703, '2025-03-08', '2025-04-07', FALSE);
INSERT INTO bookclub_reads (clubid, bookid, start_date, end_date, is_current) VALUES (261, 998, '2024-12-23', '2025-01-22', FALSE);
INSERT INTO bookclub_reads (clubid, bookid, start_date, end_date, is_current) VALUES (261, 131, '2025-02-12', '2025-03-14', FALSE);
INSERT INTO bookclub_reads (clubid, bookid, start_date, end_date, is_current) VALUES (261, 299, '2025-02-25', '2025-03-27', FALSE);
INSERT INTO bookclub_reads (clubid, bookid, start_date, end_date, is_current) VALUES (261, 252, '2025-06-02', '2025-07-02', FALSE);
INSERT INTO bookclub_reads (clubid, bookid, start_date, end_date, is_current) VALUES (261, 277, '2025-01-30', '2025-03-01', FALSE);
INSERT INTO bookclub_reads (clubid, bookid, start_date, end_date, is_current) VALUES (261, 685, '2025-04-27', '2025-05-27', FALSE);
INSERT INTO bookclub_reads (clubid, bookid, start_date, end_date, is_current) VALUES (261, 296, '2025-05-10', '2025-06-09', FALSE);
INSERT INTO bookclub_reads (clubid, bookid, start_date, end_date, is_current) VALUES (261, 515, '2024-12-17', '2025-01-16', FALSE);
INSERT INTO bookclub_reads (clubid, bookid, start_date, end_date, is_current) VALUES (261, 297, '2025-03-18', '2025-04-17', FALSE);
INSERT INTO bookclub_reads (clubid, bookid, start_date, end_date, is_current) VALUES (261, 1032, '2025-02-01', '2025-03-03', FALSE);

INSERT INTO bookclubs (clubid, name, description) VALUES (262, 'Book Club 12', 'This is the description for Book Club 12.');
INSERT INTO bookclub_creators (clubid, userid) VALUES (262, 279);
INSERT INTO bookclub_members (clubid, userid) VALUES (262, 161);
INSERT INTO bookclub_members (clubid, userid) VALUES (262, 130);
INSERT INTO bookclub_members (clubid, userid) VALUES (262, 356);
INSERT INTO bookclub_members (clubid, userid) VALUES (262, 325);
INSERT INTO bookclub_members (clubid, userid) VALUES (262, 38);
INSERT INTO bookclub_members (clubid, userid) VALUES (262, 102);
INSERT INTO bookclub_members (clubid, userid) VALUES (262, 236);
INSERT INTO bookclub_members (clubid, userid) VALUES (262, 109);
INSERT INTO bookclub_members (clubid, userid) VALUES (262, 346);
INSERT INTO bookclub_members (clubid, userid) VALUES (262, 17);
INSERT INTO bookclub_members (clubid, userid) VALUES (262, 436);
INSERT INTO bookclub_members (clubid, userid) VALUES (262, 55);
INSERT INTO bookclub_members (clubid, userid) VALUES (262, 311);
INSERT INTO bookclub_members (clubid, userid) VALUES (262, 120);
INSERT INTO bookclub_members (clubid, userid) VALUES (262, 378);
INSERT INTO bookclub_members (clubid, userid) VALUES (262, 279);
INSERT INTO bookclub_reads (clubid, bookid, start_date, end_date, is_current) VALUES (262, 828, '2025-06-09', '2025-07-28', TRUE);
INSERT INTO bookclub_reads (clubid, bookid, start_date, end_date, is_current) VALUES (262, 1014, '2025-01-01', '2025-01-31', FALSE);
INSERT INTO bookclub_reads (clubid, bookid, start_date, end_date, is_current) VALUES (262, 152, '2025-03-06', '2025-04-05', FALSE);
INSERT INTO bookclub_reads (clubid, bookid, start_date, end_date, is_current) VALUES (262, 842, '2025-05-04', '2025-06-03', FALSE);
INSERT INTO bookclub_reads (clubid, bookid, start_date, end_date, is_current) VALUES (262, 539, '2025-02-12', '2025-03-14', FALSE);
INSERT INTO bookclub_reads (clubid, bookid, start_date, end_date, is_current) VALUES (262, 168, '2025-03-02', '2025-04-01', FALSE);
INSERT INTO bookclub_reads (clubid, bookid, start_date, end_date, is_current) VALUES (262, 291, '2025-02-24', '2025-03-26', FALSE);
INSERT INTO bookclub_reads (clubid, bookid, start_date, end_date, is_current) VALUES (262, 36, '2025-05-07', '2025-06-06', FALSE);

INSERT INTO bookclubs (clubid, name, description) VALUES (263, 'Book Club 13', 'This is the description for Book Club 13.');
INSERT INTO bookclub_creators (clubid, userid) VALUES (263, 218);
INSERT INTO bookclub_members (clubid, userid) VALUES (263, 288);
INSERT INTO bookclub_members (clubid, userid) VALUES (263, 163);
INSERT INTO bookclub_members (clubid, userid) VALUES (263, 131);
INSERT INTO bookclub_members (clubid, userid) VALUES (263, 99);
INSERT INTO bookclub_members (clubid, userid) VALUES (263, 326);
INSERT INTO bookclub_members (clubid, userid) VALUES (263, 359);
INSERT INTO bookclub_members (clubid, userid) VALUES (263, 170);
INSERT INTO bookclub_members (clubid, userid) VALUES (263, 141);
INSERT INTO bookclub_members (clubid, userid) VALUES (263, 178);
INSERT INTO bookclub_members (clubid, userid) VALUES (263, 275);
INSERT INTO bookclub_members (clubid, userid) VALUES (263, 276);
INSERT INTO bookclub_members (clubid, userid) VALUES (263, 343);
INSERT INTO bookclub_members (clubid, userid) VALUES (263, 217);
INSERT INTO bookclub_members (clubid, userid) VALUES (263, 218);
INSERT INTO bookclub_members (clubid, userid) VALUES (263, 219);
INSERT INTO bookclub_members (clubid, userid) VALUES (263, 279);
INSERT INTO bookclub_members (clubid, userid) VALUES (263, 93);
INSERT INTO bookclub_members (clubid, userid) VALUES (263, 413);
INSERT INTO bookclub_reads (clubid, bookid, start_date, end_date, is_current) VALUES (263, 26, '2025-06-29', '2025-08-17', TRUE);
INSERT INTO bookclub_reads (clubid, bookid, start_date, end_date, is_current) VALUES (263, 129, '2025-06-12', '2025-08-09', TRUE);
INSERT INTO bookclub_reads (clubid, bookid, start_date, end_date, is_current) VALUES (263, 152, '2025-04-09', '2025-05-09', FALSE);
INSERT INTO bookclub_reads (clubid, bookid, start_date, end_date, is_current) VALUES (263, 456, '2025-01-10', '2025-02-09', FALSE);
INSERT INTO bookclub_reads (clubid, bookid, start_date, end_date, is_current) VALUES (263, 117, '2025-01-14', '2025-02-13', FALSE);
INSERT INTO bookclub_reads (clubid, bookid, start_date, end_date, is_current) VALUES (263, 629, '2025-01-01', '2025-01-31', FALSE);
INSERT INTO bookclub_reads (clubid, bookid, start_date, end_date, is_current) VALUES (263, 245, '2025-02-13', '2025-03-15', FALSE);
INSERT INTO bookclub_reads (clubid, bookid, start_date, end_date, is_current) VALUES (263, 866, '2025-05-29', '2025-06-28', FALSE);
INSERT INTO bookclub_reads (clubid, bookid, start_date, end_date, is_current) VALUES (263, 80, '2025-03-18', '2025-04-17', FALSE);

INSERT INTO bookclubs (clubid, name, description) VALUES (264, 'Book Club 14', 'This is the description for Book Club 14.');
INSERT INTO bookclub_creators (clubid, userid) VALUES (264, 337);
INSERT INTO bookclub_members (clubid, userid) VALUES (264, 384);
INSERT INTO bookclub_members (clubid, userid) VALUES (264, 134);
INSERT INTO bookclub_members (clubid, userid) VALUES (264, 367);
INSERT INTO bookclub_members (clubid, userid) VALUES (264, 241);
INSERT INTO bookclub_members (clubid, userid) VALUES (264, 337);
INSERT INTO bookclub_reads (clubid, bookid, start_date, end_date, is_current) VALUES (264, 133, '2025-06-12', '2025-08-14', TRUE);
INSERT INTO bookclub_reads (clubid, bookid, start_date, end_date, is_current) VALUES (264, 930, '2025-07-06', '2025-08-11', TRUE);
INSERT INTO bookclub_reads (clubid, bookid, start_date, end_date, is_current) VALUES (264, 12, '2024-12-24', '2025-01-23', FALSE);
INSERT INTO bookclub_reads (clubid, bookid, start_date, end_date, is_current) VALUES (264, 9, '2025-01-02', '2025-02-01', FALSE);
INSERT INTO bookclub_reads (clubid, bookid, start_date, end_date, is_current) VALUES (264, 332, '2025-04-10', '2025-05-10', FALSE);
INSERT INTO bookclub_reads (clubid, bookid, start_date, end_date, is_current) VALUES (264, 826, '2025-05-06', '2025-06-05', FALSE);
INSERT INTO bookclub_reads (clubid, bookid, start_date, end_date, is_current) VALUES (264, 1052, '2025-05-22', '2025-06-21', FALSE);
INSERT INTO bookclub_reads (clubid, bookid, start_date, end_date, is_current) VALUES (264, 55, '2025-04-13', '2025-05-13', FALSE);
INSERT INTO bookclub_reads (clubid, bookid, start_date, end_date, is_current) VALUES (264, 670, '2025-03-02', '2025-04-01', FALSE);
INSERT INTO bookclub_reads (clubid, bookid, start_date, end_date, is_current) VALUES (264, 105, '2025-05-15', '2025-06-14', FALSE);
INSERT INTO bookclub_reads (clubid, bookid, start_date, end_date, is_current) VALUES (264, 466, '2025-05-14', '2025-06-13', FALSE);

INSERT INTO bookclubs (clubid, name, description) VALUES (265, 'Book Club 15', 'This is the description for Book Club 15.');
INSERT INTO bookclub_creators (clubid, userid) VALUES (265, 336);
INSERT INTO bookclub_members (clubid, userid) VALUES (265, 96);
INSERT INTO bookclub_members (clubid, userid) VALUES (265, 328);
INSERT INTO bookclub_members (clubid, userid) VALUES (265, 173);
INSERT INTO bookclub_members (clubid, userid) VALUES (265, 366);
INSERT INTO bookclub_members (clubid, userid) VALUES (265, 336);
INSERT INTO bookclub_members (clubid, userid) VALUES (265, 88);
INSERT INTO bookclub_reads (clubid, bookid, start_date, end_date, is_current) VALUES (265, 865, '2025-06-13', '2025-08-10', TRUE);
INSERT INTO bookclub_reads (clubid, bookid, start_date, end_date, is_current) VALUES (265, 162, '2025-06-14', '2025-08-16', TRUE);
INSERT INTO bookclub_reads (clubid, bookid, start_date, end_date, is_current) VALUES (265, 841, '2025-06-10', '2025-07-28', TRUE);
INSERT INTO bookclub_reads (clubid, bookid, start_date, end_date, is_current) VALUES (265, 171, '2025-05-27', '2025-06-26', FALSE);
INSERT INTO bookclub_reads (clubid, bookid, start_date, end_date, is_current) VALUES (265, 840, '2025-01-27', '2025-02-26', FALSE);
INSERT INTO bookclub_reads (clubid, bookid, start_date, end_date, is_current) VALUES (265, 1005, '2025-06-05', '2025-07-05', FALSE);
INSERT INTO bookclub_reads (clubid, bookid, start_date, end_date, is_current) VALUES (265, 69, '2025-06-02', '2025-07-02', FALSE);
INSERT INTO bookclub_reads (clubid, bookid, start_date, end_date, is_current) VALUES (265, 412, '2025-05-19', '2025-06-18', FALSE);
INSERT INTO bookclub_reads (clubid, bookid, start_date, end_date, is_current) VALUES (265, 880, '2025-01-03', '2025-02-02', FALSE);
INSERT INTO bookclub_reads (clubid, bookid, start_date, end_date, is_current) VALUES (265, 816, '2025-04-02', '2025-05-02', FALSE);
INSERT INTO bookclub_reads (clubid, bookid, start_date, end_date, is_current) VALUES (265, 456, '2025-02-03', '2025-03-05', FALSE);

INSERT INTO bookclubs (clubid, name, description) VALUES (266, 'Book Club 16', 'This is the description for Book Club 16.');
INSERT INTO bookclub_creators (clubid, userid) VALUES (266, 86);
INSERT INTO bookclub_members (clubid, userid) VALUES (266, 352);
INSERT INTO bookclub_members (clubid, userid) VALUES (266, 389);
INSERT INTO bookclub_members (clubid, userid) VALUES (266, 230);
INSERT INTO bookclub_members (clubid, userid) VALUES (266, 267);
INSERT INTO bookclub_members (clubid, userid) VALUES (266, 367);
INSERT INTO bookclub_members (clubid, userid) VALUES (266, 80);
INSERT INTO bookclub_members (clubid, userid) VALUES (266, 17);
INSERT INTO bookclub_members (clubid, userid) VALUES (266, 210);
INSERT INTO bookclub_members (clubid, userid) VALUES (266, 113);
INSERT INTO bookclub_members (clubid, userid) VALUES (266, 310);
INSERT INTO bookclub_members (clubid, userid) VALUES (266, 86);
INSERT INTO bookclub_members (clubid, userid) VALUES (266, 216);
INSERT INTO bookclub_members (clubid, userid) VALUES (266, 185);
INSERT INTO bookclub_reads (clubid, bookid, start_date, end_date, is_current) VALUES (266, 24, '2025-07-01', '2025-07-25', TRUE);
INSERT INTO bookclub_reads (clubid, bookid, start_date, end_date, is_current) VALUES (266, 406, '2025-07-06', '2025-08-01', TRUE);
INSERT INTO bookclub_reads (clubid, bookid, start_date, end_date, is_current) VALUES (266, 79, '2025-03-02', '2025-04-01', FALSE);
INSERT INTO bookclub_reads (clubid, bookid, start_date, end_date, is_current) VALUES (266, 119, '2025-01-15', '2025-02-14', FALSE);
INSERT INTO bookclub_reads (clubid, bookid, start_date, end_date, is_current) VALUES (266, 665, '2025-01-04', '2025-02-03', FALSE);
INSERT INTO bookclub_reads (clubid, bookid, start_date, end_date, is_current) VALUES (266, 903, '2025-06-04', '2025-07-04', FALSE);
INSERT INTO bookclub_reads (clubid, bookid, start_date, end_date, is_current) VALUES (266, 900, '2025-02-07', '2025-03-09', FALSE);

INSERT INTO bookclubs (clubid, name, description) VALUES (267, 'Book Club 17', 'This is the description for Book Club 17.');
INSERT INTO bookclub_creators (clubid, userid) VALUES (267, 303);
INSERT INTO bookclub_members (clubid, userid) VALUES (267, 1);
INSERT INTO bookclub_members (clubid, userid) VALUES (267, 261);
INSERT INTO bookclub_members (clubid, userid) VALUES (267, 428);
INSERT INTO bookclub_members (clubid, userid) VALUES (267, 79);
INSERT INTO bookclub_members (clubid, userid) VALUES (267, 303);
INSERT INTO bookclub_members (clubid, userid) VALUES (267, 17);
INSERT INTO bookclub_members (clubid, userid) VALUES (267, 23);
INSERT INTO bookclub_members (clubid, userid) VALUES (267, 54);
INSERT INTO bookclub_members (clubid, userid) VALUES (267, 407);
INSERT INTO bookclub_members (clubid, userid) VALUES (267, 442);
INSERT INTO bookclub_members (clubid, userid) VALUES (267, 158);
INSERT INTO bookclub_reads (clubid, bookid, start_date, end_date, is_current) VALUES (267, 930, '2025-07-04', '2025-07-26', TRUE);
INSERT INTO bookclub_reads (clubid, bookid, start_date, end_date, is_current) VALUES (267, 431, '2025-07-08', '2025-07-26', TRUE);
INSERT INTO bookclub_reads (clubid, bookid, start_date, end_date, is_current) VALUES (267, 377, '2025-02-14', '2025-03-16', FALSE);
INSERT INTO bookclub_reads (clubid, bookid, start_date, end_date, is_current) VALUES (267, 827, '2024-12-29', '2025-01-28', FALSE);
INSERT INTO bookclub_reads (clubid, bookid, start_date, end_date, is_current) VALUES (267, 828, '2025-03-25', '2025-04-24', FALSE);
INSERT INTO bookclub_reads (clubid, bookid, start_date, end_date, is_current) VALUES (267, 413, '2025-04-24', '2025-05-24', FALSE);
INSERT INTO bookclub_reads (clubid, bookid, start_date, end_date, is_current) VALUES (267, 700, '2025-04-08', '2025-05-08', FALSE);
INSERT INTO bookclub_reads (clubid, bookid, start_date, end_date, is_current) VALUES (267, 639, '2025-03-05', '2025-04-04', FALSE);
INSERT INTO bookclub_reads (clubid, bookid, start_date, end_date, is_current) VALUES (267, 18, '2025-03-23', '2025-04-22', FALSE);
INSERT INTO bookclub_reads (clubid, bookid, start_date, end_date, is_current) VALUES (267, 57, '2025-02-03', '2025-03-05', FALSE);

INSERT INTO bookclubs (clubid, name, description) VALUES (268, 'Book Club 18', 'This is the description for Book Club 18.');
INSERT INTO bookclub_creators (clubid, userid) VALUES (268, 444);
INSERT INTO bookclub_members (clubid, userid) VALUES (268, 64);
INSERT INTO bookclub_members (clubid, userid) VALUES (268, 318);
INSERT INTO bookclub_members (clubid, userid) VALUES (268, 323);
INSERT INTO bookclub_members (clubid, userid) VALUES (268, 356);
INSERT INTO bookclub_members (clubid, userid) VALUES (268, 345);
INSERT INTO bookclub_members (clubid, userid) VALUES (268, 428);
INSERT INTO bookclub_members (clubid, userid) VALUES (268, 174);
INSERT INTO bookclub_members (clubid, userid) VALUES (268, 209);
INSERT INTO bookclub_members (clubid, userid) VALUES (268, 210);
INSERT INTO bookclub_members (clubid, userid) VALUES (268, 145);
INSERT INTO bookclub_members (clubid, userid) VALUES (268, 275);
INSERT INTO bookclub_members (clubid, userid) VALUES (268, 405);
INSERT INTO bookclub_members (clubid, userid) VALUES (268, 438);
INSERT INTO bookclub_members (clubid, userid) VALUES (268, 146);
INSERT INTO bookclub_members (clubid, userid) VALUES (268, 119);
INSERT INTO bookclub_members (clubid, userid) VALUES (268, 25);
INSERT INTO bookclub_members (clubid, userid) VALUES (268, 444);
INSERT INTO bookclub_members (clubid, userid) VALUES (268, 414);
INSERT INTO bookclub_reads (clubid, bookid, start_date, end_date, is_current) VALUES (268, 842, '2025-06-20', '2025-07-30', TRUE);
INSERT INTO bookclub_reads (clubid, bookid, start_date, end_date, is_current) VALUES (268, 955, '2025-06-23', '2025-08-15', TRUE);
INSERT INTO bookclub_reads (clubid, bookid, start_date, end_date, is_current) VALUES (268, 411, '2025-06-13', '2025-08-17', TRUE);
INSERT INTO bookclub_reads (clubid, bookid, start_date, end_date, is_current) VALUES (268, 333, '2025-02-25', '2025-03-27', FALSE);
INSERT INTO bookclub_reads (clubid, bookid, start_date, end_date, is_current) VALUES (268, 872, '2024-12-25', '2025-01-24', FALSE);
INSERT INTO bookclub_reads (clubid, bookid, start_date, end_date, is_current) VALUES (268, 538, '2025-02-15', '2025-03-17', FALSE);
INSERT INTO bookclub_reads (clubid, bookid, start_date, end_date, is_current) VALUES (268, 932, '2025-03-17', '2025-04-16', FALSE);
INSERT INTO bookclub_reads (clubid, bookid, start_date, end_date, is_current) VALUES (268, 425, '2025-01-23', '2025-02-22', FALSE);
INSERT INTO bookclub_reads (clubid, bookid, start_date, end_date, is_current) VALUES (268, 245, '2024-12-15', '2025-01-14', FALSE);
INSERT INTO bookclub_reads (clubid, bookid, start_date, end_date, is_current) VALUES (268, 1014, '2025-02-12', '2025-03-14', FALSE);
INSERT INTO bookclub_reads (clubid, bookid, start_date, end_date, is_current) VALUES (268, 8, '2024-12-15', '2025-01-14', FALSE);
INSERT INTO bookclub_reads (clubid, bookid, start_date, end_date, is_current) VALUES (268, 413, '2025-02-04', '2025-03-06', FALSE);
INSERT INTO bookclub_reads (clubid, bookid, start_date, end_date, is_current) VALUES (268, 828, '2025-04-20', '2025-05-20', FALSE);

INSERT INTO bookclubs (clubid, name, description) VALUES (269, 'Book Club 19', 'This is the description for Book Club 19.');
INSERT INTO bookclub_creators (clubid, userid) VALUES (269, 291);
INSERT INTO bookclub_members (clubid, userid) VALUES (269, 224);
INSERT INTO bookclub_members (clubid, userid) VALUES (269, 290);
INSERT INTO bookclub_members (clubid, userid) VALUES (269, 285);
INSERT INTO bookclub_members (clubid, userid) VALUES (269, 260);
INSERT INTO bookclub_members (clubid, userid) VALUES (269, 291);
INSERT INTO bookclub_members (clubid, userid) VALUES (269, 102);
INSERT INTO bookclub_members (clubid, userid) VALUES (269, 234);
INSERT INTO bookclub_members (clubid, userid) VALUES (269, 75);
INSERT INTO bookclub_members (clubid, userid) VALUES (269, 76);
INSERT INTO bookclub_members (clubid, userid) VALUES (269, 333);
INSERT INTO bookclub_members (clubid, userid) VALUES (269, 399);
INSERT INTO bookclub_members (clubid, userid) VALUES (269, 401);
INSERT INTO bookclub_members (clubid, userid) VALUES (269, 86);
INSERT INTO bookclub_members (clubid, userid) VALUES (269, 119);
INSERT INTO bookclub_members (clubid, userid) VALUES (269, 248);
INSERT INTO bookclub_members (clubid, userid) VALUES (269, 442);
INSERT INTO bookclub_members (clubid, userid) VALUES (269, 317);
INSERT INTO bookclub_reads (clubid, bookid, start_date, end_date, is_current) VALUES (269, 253, '2025-06-11', '2025-08-16', TRUE);
INSERT INTO bookclub_reads (clubid, bookid, start_date, end_date, is_current) VALUES (269, 386, '2025-06-26', '2025-08-11', TRUE);
INSERT INTO bookclub_reads (clubid, bookid, start_date, end_date, is_current) VALUES (269, 249, '2025-02-28', '2025-03-30', FALSE);
INSERT INTO bookclub_reads (clubid, bookid, start_date, end_date, is_current) VALUES (269, 131, '2025-02-01', '2025-03-03', FALSE);
INSERT INTO bookclub_reads (clubid, bookid, start_date, end_date, is_current) VALUES (269, 277, '2025-03-08', '2025-04-07', FALSE);
INSERT INTO bookclub_reads (clubid, bookid, start_date, end_date, is_current) VALUES (269, 76, '2025-03-25', '2025-04-24', FALSE);
INSERT INTO bookclub_reads (clubid, bookid, start_date, end_date, is_current) VALUES (269, 435, '2025-04-23', '2025-05-23', FALSE);
INSERT INTO bookclub_reads (clubid, bookid, start_date, end_date, is_current) VALUES (269, 397, '2025-03-31', '2025-04-30', FALSE);
INSERT INTO bookclub_reads (clubid, bookid, start_date, end_date, is_current) VALUES (269, 164, '2025-03-05', '2025-04-04', FALSE);
INSERT INTO bookclub_reads (clubid, bookid, start_date, end_date, is_current) VALUES (269, 841, '2025-03-21', '2025-04-20', FALSE);

INSERT INTO bookclubs (clubid, name, description) VALUES (270, 'Book Club 20', 'This is the description for Book Club 20.');
INSERT INTO bookclub_creators (clubid, userid) VALUES (270, 114);
INSERT INTO bookclub_members (clubid, userid) VALUES (270, 323);
INSERT INTO bookclub_members (clubid, userid) VALUES (270, 70);
INSERT INTO bookclub_members (clubid, userid) VALUES (270, 114);
INSERT INTO bookclub_members (clubid, userid) VALUES (270, 20);
INSERT INTO bookclub_members (clubid, userid) VALUES (270, 437);
INSERT INTO bookclub_members (clubid, userid) VALUES (270, 345);
INSERT INTO bookclub_reads (clubid, bookid, start_date, end_date, is_current) VALUES (270, 21, '2025-07-03', '2025-08-03', TRUE);
INSERT INTO bookclub_reads (clubid, bookid, start_date, end_date, is_current) VALUES (270, 416, '2025-07-01', '2025-08-11', TRUE);
INSERT INTO bookclub_reads (clubid, bookid, start_date, end_date, is_current) VALUES (270, 207, '2025-07-04', '2025-07-29', TRUE);
INSERT INTO bookclub_reads (clubid, bookid, start_date, end_date, is_current) VALUES (270, 771, '2025-02-06', '2025-03-08', FALSE);
INSERT INTO bookclub_reads (clubid, bookid, start_date, end_date, is_current) VALUES (270, 399, '2025-03-05', '2025-04-04', FALSE);
INSERT INTO bookclub_reads (clubid, bookid, start_date, end_date, is_current) VALUES (270, 277, '2024-12-15', '2025-01-14', FALSE);
INSERT INTO bookclub_reads (clubid, bookid, start_date, end_date, is_current) VALUES (270, 26, '2025-01-14', '2025-02-13', FALSE);
INSERT INTO bookclub_reads (clubid, bookid, start_date, end_date, is_current) VALUES (270, 826, '2025-01-19', '2025-02-18', FALSE);
INSERT INTO bookclub_reads (clubid, bookid, start_date, end_date, is_current) VALUES (270, 663, '2025-05-16', '2025-06-15', FALSE);
INSERT INTO bookclub_reads (clubid, bookid, start_date, end_date, is_current) VALUES (270, 289, '2025-03-21', '2025-04-20', FALSE);
INSERT INTO bookclub_reads (clubid, bookid, start_date, end_date, is_current) VALUES (270, 868, '2025-03-15', '2025-04-14', FALSE);
INSERT INTO bookclub_reads (clubid, bookid, start_date, end_date, is_current) VALUES (270, 821, '2024-12-14', '2025-01-13', FALSE);
INSERT INTO bookclub_reads (clubid, bookid, start_date, end_date, is_current) VALUES (270, 764, '2025-04-08', '2025-05-08', FALSE);
INSERT INTO bookclub_reads (clubid, bookid, start_date, end_date, is_current) VALUES (270, 129, '2025-01-21', '2025-02-20', FALSE);
INSERT INTO bookclub_reads (clubid, bookid, start_date, end_date, is_current) VALUES (270, 110, '2025-03-28', '2025-04-27', FALSE);

INSERT INTO bookclubs (clubid, name, description) VALUES (271, 'Book Club 21', 'This is the description for Book Club 21.');
INSERT INTO bookclub_creators (clubid, userid) VALUES (271, 291);
INSERT INTO bookclub_members (clubid, userid) VALUES (271, 193);
INSERT INTO bookclub_members (clubid, userid) VALUES (271, 354);
INSERT INTO bookclub_members (clubid, userid) VALUES (271, 291);
INSERT INTO bookclub_members (clubid, userid) VALUES (271, 265);
INSERT INTO bookclub_members (clubid, userid) VALUES (271, 140);
INSERT INTO bookclub_members (clubid, userid) VALUES (271, 333);
INSERT INTO bookclub_members (clubid, userid) VALUES (271, 302);
INSERT INTO bookclub_members (clubid, userid) VALUES (271, 26);
INSERT INTO bookclub_members (clubid, userid) VALUES (271, 443);
INSERT INTO bookclub_reads (clubid, bookid, start_date, end_date, is_current) VALUES (271, 643, '2025-06-20', '2025-08-11', TRUE);
INSERT INTO bookclub_reads (clubid, bookid, start_date, end_date, is_current) VALUES (271, 412, '2025-04-22', '2025-05-22', FALSE);
INSERT INTO bookclub_reads (clubid, bookid, start_date, end_date, is_current) VALUES (271, 446, '2025-03-02', '2025-04-01', FALSE);
INSERT INTO bookclub_reads (clubid, bookid, start_date, end_date, is_current) VALUES (271, 296, '2025-01-10', '2025-02-09', FALSE);
INSERT INTO bookclub_reads (clubid, bookid, start_date, end_date, is_current) VALUES (271, 31, '2025-01-19', '2025-02-18', FALSE);
INSERT INTO bookclub_reads (clubid, bookid, start_date, end_date, is_current) VALUES (271, 83, '2025-03-28', '2025-04-27', FALSE);
INSERT INTO bookclub_reads (clubid, bookid, start_date, end_date, is_current) VALUES (271, 57, '2024-12-15', '2025-01-14', FALSE);
INSERT INTO bookclub_reads (clubid, bookid, start_date, end_date, is_current) VALUES (271, 793, '2025-04-17', '2025-05-17', FALSE);
INSERT INTO bookclub_reads (clubid, bookid, start_date, end_date, is_current) VALUES (271, 103, '2025-03-08', '2025-04-07', FALSE);
INSERT INTO bookclub_reads (clubid, bookid, start_date, end_date, is_current) VALUES (271, 313, '2024-12-16', '2025-01-15', FALSE);
INSERT INTO bookclub_reads (clubid, bookid, start_date, end_date, is_current) VALUES (271, 168, '2024-12-25', '2025-01-24', FALSE);
INSERT INTO bookclub_reads (clubid, bookid, start_date, end_date, is_current) VALUES (271, 477, '2025-01-31', '2025-03-02', FALSE);
INSERT INTO bookclub_reads (clubid, bookid, start_date, end_date, is_current) VALUES (271, 787, '2025-02-20', '2025-03-22', FALSE);
INSERT INTO bookclub_reads (clubid, bookid, start_date, end_date, is_current) VALUES (271, 1053, '2025-01-29', '2025-02-28', FALSE);

INSERT INTO bookclubs (clubid, name, description) VALUES (272, 'Book Club 22', 'This is the description for Book Club 22.');
INSERT INTO bookclub_creators (clubid, userid) VALUES (272, 269);
INSERT INTO bookclub_members (clubid, userid) VALUES (272, 352);
INSERT INTO bookclub_members (clubid, userid) VALUES (272, 129);
INSERT INTO bookclub_members (clubid, userid) VALUES (272, 35);
INSERT INTO bookclub_members (clubid, userid) VALUES (272, 228);
INSERT INTO bookclub_members (clubid, userid) VALUES (272, 167);
INSERT INTO bookclub_members (clubid, userid) VALUES (272, 383);
INSERT INTO bookclub_members (clubid, userid) VALUES (272, 173);
INSERT INTO bookclub_members (clubid, userid) VALUES (272, 269);
INSERT INTO bookclub_members (clubid, userid) VALUES (272, 48);
INSERT INTO bookclub_members (clubid, userid) VALUES (272, 210);
INSERT INTO bookclub_members (clubid, userid) VALUES (272, 406);
INSERT INTO bookclub_members (clubid, userid) VALUES (272, 217);
INSERT INTO bookclub_members (clubid, userid) VALUES (272, 191);
INSERT INTO bookclub_reads (clubid, bookid, start_date, end_date, is_current) VALUES (272, 205, '2025-07-07', '2025-08-11', TRUE);
INSERT INTO bookclub_reads (clubid, bookid, start_date, end_date, is_current) VALUES (272, 147, '2025-06-21', '2025-08-20', TRUE);
INSERT INTO bookclub_reads (clubid, bookid, start_date, end_date, is_current) VALUES (272, 109, '2025-02-08', '2025-03-10', FALSE);
INSERT INTO bookclub_reads (clubid, bookid, start_date, end_date, is_current) VALUES (272, 137, '2025-02-08', '2025-03-10', FALSE);
INSERT INTO bookclub_reads (clubid, bookid, start_date, end_date, is_current) VALUES (272, 766, '2025-01-11', '2025-02-10', FALSE);
INSERT INTO bookclub_reads (clubid, bookid, start_date, end_date, is_current) VALUES (272, 119, '2025-04-22', '2025-05-22', FALSE);
INSERT INTO bookclub_reads (clubid, bookid, start_date, end_date, is_current) VALUES (272, 133, '2025-01-09', '2025-02-08', FALSE);
INSERT INTO bookclub_reads (clubid, bookid, start_date, end_date, is_current) VALUES (272, 410, '2025-06-07', '2025-07-07', FALSE);
INSERT INTO bookclub_reads (clubid, bookid, start_date, end_date, is_current) VALUES (272, 629, '2025-01-12', '2025-02-11', FALSE);
INSERT INTO bookclub_reads (clubid, bookid, start_date, end_date, is_current) VALUES (272, 675, '2024-12-21', '2025-01-20', FALSE);
INSERT INTO bookclub_reads (clubid, bookid, start_date, end_date, is_current) VALUES (272, 534, '2025-04-04', '2025-05-04', FALSE);
INSERT INTO bookclub_reads (clubid, bookid, start_date, end_date, is_current) VALUES (272, 98, '2025-04-29', '2025-05-29', FALSE);
INSERT INTO bookclub_reads (clubid, bookid, start_date, end_date, is_current) VALUES (272, 296, '2025-02-01', '2025-03-03', FALSE);
INSERT INTO bookclub_reads (clubid, bookid, start_date, end_date, is_current) VALUES (272, 16, '2025-05-26', '2025-06-25', FALSE);

INSERT INTO bookclubs (clubid, name, description) VALUES (273, 'Book Club 23', 'This is the description for Book Club 23.');
INSERT INTO bookclub_creators (clubid, userid) VALUES (273, 102);
INSERT INTO bookclub_members (clubid, userid) VALUES (273, 225);
INSERT INTO bookclub_members (clubid, userid) VALUES (273, 417);
INSERT INTO bookclub_members (clubid, userid) VALUES (273, 164);
INSERT INTO bookclub_members (clubid, userid) VALUES (273, 102);
INSERT INTO bookclub_members (clubid, userid) VALUES (273, 305);
INSERT INTO bookclub_members (clubid, userid) VALUES (273, 339);
INSERT INTO bookclub_members (clubid, userid) VALUES (273, 276);
INSERT INTO bookclub_members (clubid, userid) VALUES (273, 148);
INSERT INTO bookclub_members (clubid, userid) VALUES (273, 247);
INSERT INTO bookclub_members (clubid, userid) VALUES (273, 89);
INSERT INTO bookclub_members (clubid, userid) VALUES (273, 126);
INSERT INTO bookclub_reads (clubid, bookid, start_date, end_date, is_current) VALUES (273, 22, '2025-06-23', '2025-07-26', TRUE);
INSERT INTO bookclub_reads (clubid, bookid, start_date, end_date, is_current) VALUES (273, 1097, '2025-01-03', '2025-02-02', FALSE);
INSERT INTO bookclub_reads (clubid, bookid, start_date, end_date, is_current) VALUES (273, 159, '2025-03-04', '2025-04-03', FALSE);
INSERT INTO bookclub_reads (clubid, bookid, start_date, end_date, is_current) VALUES (273, 453, '2025-01-08', '2025-02-07', FALSE);
INSERT INTO bookclub_reads (clubid, bookid, start_date, end_date, is_current) VALUES (273, 28, '2025-01-04', '2025-02-03', FALSE);
INSERT INTO bookclub_reads (clubid, bookid, start_date, end_date, is_current) VALUES (273, 72, '2025-05-28', '2025-06-27', FALSE);
INSERT INTO bookclub_reads (clubid, bookid, start_date, end_date, is_current) VALUES (273, 74, '2025-01-15', '2025-02-14', FALSE);
INSERT INTO bookclub_reads (clubid, bookid, start_date, end_date, is_current) VALUES (273, 250, '2025-04-02', '2025-05-02', FALSE);
INSERT INTO bookclub_reads (clubid, bookid, start_date, end_date, is_current) VALUES (273, 278, '2024-12-17', '2025-01-16', FALSE);
INSERT INTO bookclub_reads (clubid, bookid, start_date, end_date, is_current) VALUES (273, 83, '2025-05-09', '2025-06-08', FALSE);
INSERT INTO bookclub_reads (clubid, bookid, start_date, end_date, is_current) VALUES (273, 446, '2025-02-03', '2025-03-05', FALSE);
INSERT INTO bookclub_reads (clubid, bookid, start_date, end_date, is_current) VALUES (273, 106, '2025-05-13', '2025-06-12', FALSE);
INSERT INTO bookclub_reads (clubid, bookid, start_date, end_date, is_current) VALUES (273, 523, '2025-05-01', '2025-05-31', FALSE);
INSERT INTO bookclub_reads (clubid, bookid, start_date, end_date, is_current) VALUES (273, 144, '2025-01-28', '2025-02-27', FALSE);
INSERT INTO bookclub_reads (clubid, bookid, start_date, end_date, is_current) VALUES (273, 1052, '2025-04-11', '2025-05-11', FALSE);
INSERT INTO bookclub_reads (clubid, bookid, start_date, end_date, is_current) VALUES (273, 138, '2025-02-09', '2025-03-11', FALSE);

INSERT INTO bookclubs (clubid, name, description) VALUES (274, 'Book Club 24', 'This is the description for Book Club 24.');
INSERT INTO bookclub_creators (clubid, userid) VALUES (274, 223);
INSERT INTO bookclub_members (clubid, userid) VALUES (274, 224);
INSERT INTO bookclub_members (clubid, userid) VALUES (274, 162);
INSERT INTO bookclub_members (clubid, userid) VALUES (274, 357);
INSERT INTO bookclub_members (clubid, userid) VALUES (274, 428);
INSERT INTO bookclub_members (clubid, userid) VALUES (274, 109);
INSERT INTO bookclub_members (clubid, userid) VALUES (274, 173);
INSERT INTO bookclub_members (clubid, userid) VALUES (274, 211);
INSERT INTO bookclub_members (clubid, userid) VALUES (274, 53);
INSERT INTO bookclub_members (clubid, userid) VALUES (274, 442);
INSERT INTO bookclub_members (clubid, userid) VALUES (274, 223);
INSERT INTO bookclub_reads (clubid, bookid, start_date, end_date, is_current) VALUES (274, 408, '2025-06-15', '2025-08-03', TRUE);
INSERT INTO bookclub_reads (clubid, bookid, start_date, end_date, is_current) VALUES (274, 416, '2025-02-14', '2025-03-16', FALSE);
INSERT INTO bookclub_reads (clubid, bookid, start_date, end_date, is_current) VALUES (274, 1099, '2025-03-28', '2025-04-27', FALSE);
INSERT INTO bookclub_reads (clubid, bookid, start_date, end_date, is_current) VALUES (274, 59, '2025-02-11', '2025-03-13', FALSE);
INSERT INTO bookclub_reads (clubid, bookid, start_date, end_date, is_current) VALUES (274, 435, '2025-05-06', '2025-06-05', FALSE);
INSERT INTO bookclub_reads (clubid, bookid, start_date, end_date, is_current) VALUES (274, 829, '2025-01-06', '2025-02-05', FALSE);
INSERT INTO bookclub_reads (clubid, bookid, start_date, end_date, is_current) VALUES (274, 139, '2025-03-07', '2025-04-06', FALSE);
INSERT INTO bookclub_reads (clubid, bookid, start_date, end_date, is_current) VALUES (274, 35, '2025-02-27', '2025-03-29', FALSE);
INSERT INTO bookclub_reads (clubid, bookid, start_date, end_date, is_current) VALUES (274, 89, '2024-12-17', '2025-01-16', FALSE);
INSERT INTO bookclub_reads (clubid, bookid, start_date, end_date, is_current) VALUES (274, 354, '2025-02-06', '2025-03-08', FALSE);

INSERT INTO bookclubs (clubid, name, description) VALUES (275, 'Book Club 25', 'This is the description for Book Club 25.');
INSERT INTO bookclub_creators (clubid, userid) VALUES (275, 378);
INSERT INTO bookclub_members (clubid, userid) VALUES (275, 16);
INSERT INTO bookclub_members (clubid, userid) VALUES (275, 20);
INSERT INTO bookclub_members (clubid, userid) VALUES (275, 148);
INSERT INTO bookclub_members (clubid, userid) VALUES (275, 412);
INSERT INTO bookclub_members (clubid, userid) VALUES (275, 32);
INSERT INTO bookclub_members (clubid, userid) VALUES (275, 420);
INSERT INTO bookclub_members (clubid, userid) VALUES (275, 294);
INSERT INTO bookclub_members (clubid, userid) VALUES (275, 296);
INSERT INTO bookclub_members (clubid, userid) VALUES (275, 44);
INSERT INTO bookclub_members (clubid, userid) VALUES (275, 55);
INSERT INTO bookclub_members (clubid, userid) VALUES (275, 312);
INSERT INTO bookclub_members (clubid, userid) VALUES (275, 319);
INSERT INTO bookclub_members (clubid, userid) VALUES (275, 322);
INSERT INTO bookclub_members (clubid, userid) VALUES (275, 327);
INSERT INTO bookclub_members (clubid, userid) VALUES (275, 203);
INSERT INTO bookclub_members (clubid, userid) VALUES (275, 372);
INSERT INTO bookclub_members (clubid, userid) VALUES (275, 246);
INSERT INTO bookclub_members (clubid, userid) VALUES (275, 119);
INSERT INTO bookclub_members (clubid, userid) VALUES (275, 378);
INSERT INTO bookclub_reads (clubid, bookid, start_date, end_date, is_current) VALUES (275, 619, '2025-06-19', '2025-08-02', TRUE);
INSERT INTO bookclub_reads (clubid, bookid, start_date, end_date, is_current) VALUES (275, 78, '2025-01-09', '2025-02-08', FALSE);
INSERT INTO bookclub_reads (clubid, bookid, start_date, end_date, is_current) VALUES (275, 18, '2025-05-05', '2025-06-04', FALSE);
INSERT INTO bookclub_reads (clubid, bookid, start_date, end_date, is_current) VALUES (275, 681, '2025-02-19', '2025-03-21', FALSE);
INSERT INTO bookclub_reads (clubid, bookid, start_date, end_date, is_current) VALUES (275, 28, '2025-06-02', '2025-07-02', FALSE);
INSERT INTO bookclub_reads (clubid, bookid, start_date, end_date, is_current) VALUES (275, 902, '2024-12-26', '2025-01-25', FALSE);
INSERT INTO bookclub_reads (clubid, bookid, start_date, end_date, is_current) VALUES (275, 297, '2025-03-18', '2025-04-17', FALSE);
INSERT INTO bookclub_reads (clubid, bookid, start_date, end_date, is_current) VALUES (275, 399, '2025-01-12', '2025-02-11', FALSE);
INSERT INTO bookclub_reads (clubid, bookid, start_date, end_date, is_current) VALUES (275, 133, '2025-02-17', '2025-03-19', FALSE);
INSERT INTO bookclub_reads (clubid, bookid, start_date, end_date, is_current) VALUES (275, 1022, '2025-05-04', '2025-06-03', FALSE);

INSERT INTO bookclubs (clubid, name, description) VALUES (276, 'Book Club 26', 'This is the description for Book Club 26.');
INSERT INTO bookclub_creators (clubid, userid) VALUES (276, 52);
INSERT INTO bookclub_members (clubid, userid) VALUES (276, 324);
INSERT INTO bookclub_members (clubid, userid) VALUES (276, 37);
INSERT INTO bookclub_members (clubid, userid) VALUES (276, 294);
INSERT INTO bookclub_members (clubid, userid) VALUES (276, 171);
INSERT INTO bookclub_members (clubid, userid) VALUES (276, 240);
INSERT INTO bookclub_members (clubid, userid) VALUES (276, 305);
INSERT INTO bookclub_members (clubid, userid) VALUES (276, 304);
INSERT INTO bookclub_members (clubid, userid) VALUES (276, 52);
INSERT INTO bookclub_members (clubid, userid) VALUES (276, 95);
INSERT INTO bookclub_members (clubid, userid) VALUES (276, 152);
INSERT INTO bookclub_members (clubid, userid) VALUES (276, 92);
INSERT INTO bookclub_members (clubid, userid) VALUES (276, 382);
INSERT INTO bookclub_members (clubid, userid) VALUES (276, 191);
INSERT INTO bookclub_reads (clubid, bookid, start_date, end_date, is_current) VALUES (276, 59, '2025-07-08', '2025-07-30', TRUE);
INSERT INTO bookclub_reads (clubid, bookid, start_date, end_date, is_current) VALUES (276, 207, '2025-03-15', '2025-04-14', FALSE);
INSERT INTO bookclub_reads (clubid, bookid, start_date, end_date, is_current) VALUES (276, 26, '2025-03-24', '2025-04-23', FALSE);
INSERT INTO bookclub_reads (clubid, bookid, start_date, end_date, is_current) VALUES (276, 404, '2025-05-12', '2025-06-11', FALSE);
INSERT INTO bookclub_reads (clubid, bookid, start_date, end_date, is_current) VALUES (276, 511, '2024-12-15', '2025-01-14', FALSE);
INSERT INTO bookclub_reads (clubid, bookid, start_date, end_date, is_current) VALUES (276, 416, '2025-01-01', '2025-01-31', FALSE);
INSERT INTO bookclub_reads (clubid, bookid, start_date, end_date, is_current) VALUES (276, 1068, '2025-02-14', '2025-03-16', FALSE);
INSERT INTO bookclub_reads (clubid, bookid, start_date, end_date, is_current) VALUES (276, 960, '2025-02-21', '2025-03-23', FALSE);
INSERT INTO bookclub_reads (clubid, bookid, start_date, end_date, is_current) VALUES (276, 177, '2025-03-12', '2025-04-11', FALSE);
INSERT INTO bookclub_reads (clubid, bookid, start_date, end_date, is_current) VALUES (276, 251, '2024-12-25', '2025-01-24', FALSE);
INSERT INTO bookclub_reads (clubid, bookid, start_date, end_date, is_current) VALUES (276, 1032, '2025-02-24', '2025-03-26', FALSE);
INSERT INTO bookclub_reads (clubid, bookid, start_date, end_date, is_current) VALUES (276, 444, '2025-03-26', '2025-04-25', FALSE);
INSERT INTO bookclub_reads (clubid, bookid, start_date, end_date, is_current) VALUES (276, 138, '2025-03-08', '2025-04-07', FALSE);
INSERT INTO bookclub_reads (clubid, bookid, start_date, end_date, is_current) VALUES (276, 106, '2025-01-15', '2025-02-14', FALSE);
INSERT INTO bookclub_reads (clubid, bookid, start_date, end_date, is_current) VALUES (276, 90, '2025-06-07', '2025-07-07', FALSE);
INSERT INTO bookclub_reads (clubid, bookid, start_date, end_date, is_current) VALUES (276, 1052, '2025-01-25', '2025-02-24', FALSE);

INSERT INTO bookclubs (clubid, name, description) VALUES (277, 'Book Club 27', 'This is the description for Book Club 27.');
INSERT INTO bookclub_creators (clubid, userid) VALUES (277, 236);
INSERT INTO bookclub_members (clubid, userid) VALUES (277, 136);
INSERT INTO bookclub_members (clubid, userid) VALUES (277, 392);
INSERT INTO bookclub_members (clubid, userid) VALUES (277, 292);
INSERT INTO bookclub_members (clubid, userid) VALUES (277, 420);
INSERT INTO bookclub_members (clubid, userid) VALUES (277, 38);
INSERT INTO bookclub_members (clubid, userid) VALUES (277, 168);
INSERT INTO bookclub_members (clubid, userid) VALUES (277, 41);
INSERT INTO bookclub_members (clubid, userid) VALUES (277, 179);
INSERT INTO bookclub_members (clubid, userid) VALUES (277, 310);
INSERT INTO bookclub_members (clubid, userid) VALUES (277, 60);
INSERT INTO bookclub_members (clubid, userid) VALUES (277, 188);
INSERT INTO bookclub_members (clubid, userid) VALUES (277, 189);
INSERT INTO bookclub_members (clubid, userid) VALUES (277, 320);
INSERT INTO bookclub_members (clubid, userid) VALUES (277, 78);
INSERT INTO bookclub_members (clubid, userid) VALUES (277, 211);
INSERT INTO bookclub_members (clubid, userid) VALUES (277, 87);
INSERT INTO bookclub_members (clubid, userid) VALUES (277, 236);
INSERT INTO bookclub_members (clubid, userid) VALUES (277, 110);
INSERT INTO bookclub_members (clubid, userid) VALUES (277, 374);
INSERT INTO bookclub_members (clubid, userid) VALUES (277, 252);
INSERT INTO bookclub_reads (clubid, bookid, start_date, end_date, is_current) VALUES (277, 359, '2025-06-09', '2025-07-30', TRUE);
INSERT INTO bookclub_reads (clubid, bookid, start_date, end_date, is_current) VALUES (277, 823, '2025-07-03', '2025-07-23', TRUE);
INSERT INTO bookclub_reads (clubid, bookid, start_date, end_date, is_current) VALUES (277, 22, '2025-01-05', '2025-02-04', FALSE);
INSERT INTO bookclub_reads (clubid, bookid, start_date, end_date, is_current) VALUES (277, 425, '2025-03-31', '2025-04-30', FALSE);
INSERT INTO bookclub_reads (clubid, bookid, start_date, end_date, is_current) VALUES (277, 668, '2024-12-27', '2025-01-26', FALSE);
INSERT INTO bookclub_reads (clubid, bookid, start_date, end_date, is_current) VALUES (277, 297, '2025-01-21', '2025-02-20', FALSE);
INSERT INTO bookclub_reads (clubid, bookid, start_date, end_date, is_current) VALUES (277, 599, '2025-01-25', '2025-02-24', FALSE);

INSERT INTO bookclubs (clubid, name, description) VALUES (278, 'Book Club 28', 'This is the description for Book Club 28.');
INSERT INTO bookclub_creators (clubid, userid) VALUES (278, 351);
INSERT INTO bookclub_members (clubid, userid) VALUES (278, 385);
INSERT INTO bookclub_members (clubid, userid) VALUES (278, 257);
INSERT INTO bookclub_members (clubid, userid) VALUES (278, 392);
INSERT INTO bookclub_members (clubid, userid) VALUES (278, 278);
INSERT INTO bookclub_members (clubid, userid) VALUES (278, 415);
INSERT INTO bookclub_members (clubid, userid) VALUES (278, 289);
INSERT INTO bookclub_members (clubid, userid) VALUES (278, 293);
INSERT INTO bookclub_members (clubid, userid) VALUES (278, 428);
INSERT INTO bookclub_members (clubid, userid) VALUES (278, 175);
INSERT INTO bookclub_members (clubid, userid) VALUES (278, 74);
INSERT INTO bookclub_members (clubid, userid) VALUES (278, 81);
INSERT INTO bookclub_members (clubid, userid) VALUES (278, 345);
INSERT INTO bookclub_members (clubid, userid) VALUES (278, 346);
INSERT INTO bookclub_members (clubid, userid) VALUES (278, 92);
INSERT INTO bookclub_members (clubid, userid) VALUES (278, 351);
INSERT INTO bookclub_members (clubid, userid) VALUES (278, 98);
INSERT INTO bookclub_members (clubid, userid) VALUES (278, 107);
INSERT INTO bookclub_members (clubid, userid) VALUES (278, 370);
INSERT INTO bookclub_members (clubid, userid) VALUES (278, 120);
INSERT INTO bookclub_members (clubid, userid) VALUES (278, 255);
INSERT INTO bookclub_reads (clubid, bookid, start_date, end_date, is_current) VALUES (278, 799, '2025-06-16', '2025-08-16', TRUE);
INSERT INTO bookclub_reads (clubid, bookid, start_date, end_date, is_current) VALUES (278, 68, '2025-06-28', '2025-08-12', TRUE);
INSERT INTO bookclub_reads (clubid, bookid, start_date, end_date, is_current) VALUES (278, 822, '2025-06-20', '2025-08-08', TRUE);
INSERT INTO bookclub_reads (clubid, bookid, start_date, end_date, is_current) VALUES (278, 1014, '2024-12-21', '2025-01-20', FALSE);
INSERT INTO bookclub_reads (clubid, bookid, start_date, end_date, is_current) VALUES (278, 670, '2024-12-13', '2025-01-12', FALSE);
INSERT INTO bookclub_reads (clubid, bookid, start_date, end_date, is_current) VALUES (278, 565, '2024-12-18', '2025-01-17', FALSE);
INSERT INTO bookclub_reads (clubid, bookid, start_date, end_date, is_current) VALUES (278, 524, '2025-05-17', '2025-06-16', FALSE);
INSERT INTO bookclub_reads (clubid, bookid, start_date, end_date, is_current) VALUES (278, 775, '2025-01-14', '2025-02-13', FALSE);
INSERT INTO bookclub_reads (clubid, bookid, start_date, end_date, is_current) VALUES (278, 793, '2025-05-18', '2025-06-17', FALSE);
INSERT INTO bookclub_reads (clubid, bookid, start_date, end_date, is_current) VALUES (278, 423, '2025-01-12', '2025-02-11', FALSE);
INSERT INTO bookclub_reads (clubid, bookid, start_date, end_date, is_current) VALUES (278, 292, '2025-04-11', '2025-05-11', FALSE);

INSERT INTO bookclubs (clubid, name, description) VALUES (279, 'Book Club 29', 'This is the description for Book Club 29.');
INSERT INTO bookclub_creators (clubid, userid) VALUES (279, 37);
INSERT INTO bookclub_members (clubid, userid) VALUES (279, 257);
INSERT INTO bookclub_members (clubid, userid) VALUES (279, 389);
INSERT INTO bookclub_members (clubid, userid) VALUES (279, 395);
INSERT INTO bookclub_members (clubid, userid) VALUES (279, 16);
INSERT INTO bookclub_members (clubid, userid) VALUES (279, 20);
INSERT INTO bookclub_members (clubid, userid) VALUES (279, 37);
INSERT INTO bookclub_members (clubid, userid) VALUES (279, 167);
INSERT INTO bookclub_members (clubid, userid) VALUES (279, 40);
INSERT INTO bookclub_members (clubid, userid) VALUES (279, 307);
INSERT INTO bookclub_members (clubid, userid) VALUES (279, 53);
INSERT INTO bookclub_members (clubid, userid) VALUES (279, 439);
INSERT INTO bookclub_members (clubid, userid) VALUES (279, 312);
INSERT INTO bookclub_members (clubid, userid) VALUES (279, 311);
INSERT INTO bookclub_members (clubid, userid) VALUES (279, 323);
INSERT INTO bookclub_members (clubid, userid) VALUES (279, 347);
INSERT INTO bookclub_members (clubid, userid) VALUES (279, 102);
INSERT INTO bookclub_members (clubid, userid) VALUES (279, 231);
INSERT INTO bookclub_members (clubid, userid) VALUES (279, 105);
INSERT INTO bookclub_members (clubid, userid) VALUES (279, 373);
INSERT INTO bookclub_reads (clubid, bookid, start_date, end_date, is_current) VALUES (279, 498, '2025-06-11', '2025-08-04', TRUE);
INSERT INTO bookclub_reads (clubid, bookid, start_date, end_date, is_current) VALUES (279, 1073, '2025-06-08', '2025-07-31', TRUE);
INSERT INTO bookclub_reads (clubid, bookid, start_date, end_date, is_current) VALUES (279, 435, '2025-01-22', '2025-02-21', FALSE);
INSERT INTO bookclub_reads (clubid, bookid, start_date, end_date, is_current) VALUES (279, 955, '2025-03-19', '2025-04-18', FALSE);
INSERT INTO bookclub_reads (clubid, bookid, start_date, end_date, is_current) VALUES (279, 864, '2025-02-14', '2025-03-16', FALSE);
INSERT INTO bookclub_reads (clubid, bookid, start_date, end_date, is_current) VALUES (279, 27, '2024-12-23', '2025-01-22', FALSE);
INSERT INTO bookclub_reads (clubid, bookid, start_date, end_date, is_current) VALUES (279, 664, '2025-01-25', '2025-02-24', FALSE);
INSERT INTO bookclub_reads (clubid, bookid, start_date, end_date, is_current) VALUES (279, 404, '2024-12-19', '2025-01-18', FALSE);
INSERT INTO bookclub_reads (clubid, bookid, start_date, end_date, is_current) VALUES (279, 250, '2025-03-13', '2025-04-12', FALSE);
INSERT INTO bookclub_reads (clubid, bookid, start_date, end_date, is_current) VALUES (279, 1022, '2025-01-26', '2025-02-25', FALSE);

INSERT INTO bookclubs (clubid, name, description) VALUES (280, 'Book Club 30', 'This is the description for Book Club 30.');
INSERT INTO bookclub_creators (clubid, userid) VALUES (280, 338);
INSERT INTO bookclub_members (clubid, userid) VALUES (280, 259);
INSERT INTO bookclub_members (clubid, userid) VALUES (280, 4);
INSERT INTO bookclub_members (clubid, userid) VALUES (280, 133);
INSERT INTO bookclub_members (clubid, userid) VALUES (280, 277);
INSERT INTO bookclub_members (clubid, userid) VALUES (280, 405);
INSERT INTO bookclub_members (clubid, userid) VALUES (280, 279);
INSERT INTO bookclub_members (clubid, userid) VALUES (280, 282);
INSERT INTO bookclub_members (clubid, userid) VALUES (280, 31);
INSERT INTO bookclub_members (clubid, userid) VALUES (280, 423);
INSERT INTO bookclub_members (clubid, userid) VALUES (280, 174);
INSERT INTO bookclub_members (clubid, userid) VALUES (280, 433);
INSERT INTO bookclub_members (clubid, userid) VALUES (280, 437);
INSERT INTO bookclub_members (clubid, userid) VALUES (280, 310);
INSERT INTO bookclub_members (clubid, userid) VALUES (280, 189);
INSERT INTO bookclub_members (clubid, userid) VALUES (280, 336);
INSERT INTO bookclub_members (clubid, userid) VALUES (280, 338);
INSERT INTO bookclub_members (clubid, userid) VALUES (280, 356);
INSERT INTO bookclub_members (clubid, userid) VALUES (280, 109);
INSERT INTO bookclub_members (clubid, userid) VALUES (280, 113);
INSERT INTO bookclub_reads (clubid, bookid, start_date, end_date, is_current) VALUES (280, 941, '2025-06-10', '2025-08-07', TRUE);
INSERT INTO bookclub_reads (clubid, bookid, start_date, end_date, is_current) VALUES (280, 446, '2025-02-20', '2025-03-22', FALSE);
INSERT INTO bookclub_reads (clubid, bookid, start_date, end_date, is_current) VALUES (280, 1053, '2024-12-23', '2025-01-22', FALSE);
INSERT INTO bookclub_reads (clubid, bookid, start_date, end_date, is_current) VALUES (280, 250, '2025-05-09', '2025-06-08', FALSE);
INSERT INTO bookclub_reads (clubid, bookid, start_date, end_date, is_current) VALUES (280, 157, '2025-04-27', '2025-05-27', FALSE);
INSERT INTO bookclub_reads (clubid, bookid, start_date, end_date, is_current) VALUES (280, 324, '2025-01-19', '2025-02-18', FALSE);
INSERT INTO bookclub_reads (clubid, bookid, start_date, end_date, is_current) VALUES (280, 83, '2025-05-27', '2025-06-26', FALSE);
INSERT INTO bookclub_reads (clubid, bookid, start_date, end_date, is_current) VALUES (280, 16, '2025-03-31', '2025-04-30', FALSE);
INSERT INTO bookclub_reads (clubid, bookid, start_date, end_date, is_current) VALUES (280, 432, '2025-03-24', '2025-04-23', FALSE);
INSERT INTO bookclub_reads (clubid, bookid, start_date, end_date, is_current) VALUES (280, 297, '2025-02-03', '2025-03-05', FALSE);
INSERT INTO bookclub_reads (clubid, bookid, start_date, end_date, is_current) VALUES (280, 629, '2025-04-06', '2025-05-06', FALSE);
INSERT INTO bookclub_reads (clubid, bookid, start_date, end_date, is_current) VALUES (280, 164, '2025-04-06', '2025-05-06', FALSE);
INSERT INTO bookclub_reads (clubid, bookid, start_date, end_date, is_current) VALUES (280, 667, '2025-01-29', '2025-02-28', FALSE);
INSERT INTO bookclub_reads (clubid, bookid, start_date, end_date, is_current) VALUES (280, 8, '2025-04-07', '2025-05-07', FALSE);

INSERT INTO bookclubs (clubid, name, description) VALUES (281, 'Book Club 31', 'This is the description for Book Club 31.');
INSERT INTO bookclub_creators (clubid, userid) VALUES (281, 267);
INSERT INTO bookclub_members (clubid, userid) VALUES (281, 128);
INSERT INTO bookclub_members (clubid, userid) VALUES (281, 223);
INSERT INTO bookclub_members (clubid, userid) VALUES (281, 227);
INSERT INTO bookclub_members (clubid, userid) VALUES (281, 197);
INSERT INTO bookclub_members (clubid, userid) VALUES (281, 7);
INSERT INTO bookclub_members (clubid, userid) VALUES (281, 330);
INSERT INTO bookclub_members (clubid, userid) VALUES (281, 267);
INSERT INTO bookclub_members (clubid, userid) VALUES (281, 365);
INSERT INTO bookclub_members (clubid, userid) VALUES (281, 14);
INSERT INTO bookclub_members (clubid, userid) VALUES (281, 112);
INSERT INTO bookclub_members (clubid, userid) VALUES (281, 22);
INSERT INTO bookclub_members (clubid, userid) VALUES (281, 374);
INSERT INTO bookclub_members (clubid, userid) VALUES (281, 278);
INSERT INTO bookclub_members (clubid, userid) VALUES (281, 383);
INSERT INTO bookclub_reads (clubid, bookid, start_date, end_date, is_current) VALUES (281, 386, '2025-06-30', '2025-08-09', TRUE);
INSERT INTO bookclub_reads (clubid, bookid, start_date, end_date, is_current) VALUES (281, 110, '2025-06-13', '2025-08-18', TRUE);
INSERT INTO bookclub_reads (clubid, bookid, start_date, end_date, is_current) VALUES (281, 96, '2025-01-15', '2025-02-14', FALSE);
INSERT INTO bookclub_reads (clubid, bookid, start_date, end_date, is_current) VALUES (281, 25, '2025-04-14', '2025-05-14', FALSE);
INSERT INTO bookclub_reads (clubid, bookid, start_date, end_date, is_current) VALUES (281, 26, '2025-04-06', '2025-05-06', FALSE);
INSERT INTO bookclub_reads (clubid, bookid, start_date, end_date, is_current) VALUES (281, 828, '2025-05-15', '2025-06-14', FALSE);
INSERT INTO bookclub_reads (clubid, bookid, start_date, end_date, is_current) VALUES (281, 975, '2024-12-14', '2025-01-13', FALSE);
INSERT INTO bookclub_reads (clubid, bookid, start_date, end_date, is_current) VALUES (281, 356, '2024-12-17', '2025-01-16', FALSE);
INSERT INTO bookclub_reads (clubid, bookid, start_date, end_date, is_current) VALUES (281, 1007, '2025-04-16', '2025-05-16', FALSE);

INSERT INTO bookclubs (clubid, name, description) VALUES (282, 'Book Club 32', 'This is the description for Book Club 32.');
INSERT INTO bookclub_creators (clubid, userid) VALUES (282, 409);
INSERT INTO bookclub_members (clubid, userid) VALUES (282, 225);
INSERT INTO bookclub_members (clubid, userid) VALUES (282, 355);
INSERT INTO bookclub_members (clubid, userid) VALUES (282, 228);
INSERT INTO bookclub_members (clubid, userid) VALUES (282, 229);
INSERT INTO bookclub_members (clubid, userid) VALUES (282, 423);
INSERT INTO bookclub_members (clubid, userid) VALUES (282, 368);
INSERT INTO bookclub_members (clubid, userid) VALUES (282, 307);
INSERT INTO bookclub_members (clubid, userid) VALUES (282, 409);
INSERT INTO bookclub_members (clubid, userid) VALUES (282, 283);
INSERT INTO bookclub_reads (clubid, bookid, start_date, end_date, is_current) VALUES (282, 156, '2025-06-28', '2025-07-31', TRUE);
INSERT INTO bookclub_reads (clubid, bookid, start_date, end_date, is_current) VALUES (282, 213, '2025-07-04', '2025-08-02', TRUE);
INSERT INTO bookclub_reads (clubid, bookid, start_date, end_date, is_current) VALUES (282, 872, '2025-06-03', '2025-07-03', FALSE);
INSERT INTO bookclub_reads (clubid, bookid, start_date, end_date, is_current) VALUES (282, 667, '2025-05-11', '2025-06-10', FALSE);
INSERT INTO bookclub_reads (clubid, bookid, start_date, end_date, is_current) VALUES (282, 160, '2025-01-19', '2025-02-18', FALSE);
INSERT INTO bookclub_reads (clubid, bookid, start_date, end_date, is_current) VALUES (282, 252, '2024-12-21', '2025-01-20', FALSE);
INSERT INTO bookclub_reads (clubid, bookid, start_date, end_date, is_current) VALUES (282, 707, '2025-02-23', '2025-03-25', FALSE);
INSERT INTO bookclub_reads (clubid, bookid, start_date, end_date, is_current) VALUES (282, 107, '2025-05-13', '2025-06-12', FALSE);
INSERT INTO bookclub_reads (clubid, bookid, start_date, end_date, is_current) VALUES (282, 153, '2024-12-10', '2025-01-09', FALSE);
INSERT INTO bookclub_reads (clubid, bookid, start_date, end_date, is_current) VALUES (282, 29, '2025-03-23', '2025-04-22', FALSE);
INSERT INTO bookclub_reads (clubid, bookid, start_date, end_date, is_current) VALUES (282, 890, '2025-05-05', '2025-06-04', FALSE);
INSERT INTO bookclub_reads (clubid, bookid, start_date, end_date, is_current) VALUES (282, 663, '2025-02-14', '2025-03-16', FALSE);
INSERT INTO bookclub_reads (clubid, bookid, start_date, end_date, is_current) VALUES (282, 1, '2025-03-01', '2025-03-31', FALSE);
INSERT INTO bookclub_reads (clubid, bookid, start_date, end_date, is_current) VALUES (282, 58, '2025-05-14', '2025-06-13', FALSE);
INSERT INTO bookclub_reads (clubid, bookid, start_date, end_date, is_current) VALUES (282, 250, '2025-05-26', '2025-06-25', FALSE);

INSERT INTO bookclubs (clubid, name, description) VALUES (283, 'Book Club 33', 'This is the description for Book Club 33.');
INSERT INTO bookclub_creators (clubid, userid) VALUES (283, 152);
INSERT INTO bookclub_members (clubid, userid) VALUES (283, 256);
INSERT INTO bookclub_members (clubid, userid) VALUES (283, 386);
INSERT INTO bookclub_members (clubid, userid) VALUES (283, 165);
INSERT INTO bookclub_members (clubid, userid) VALUES (283, 39);
INSERT INTO bookclub_members (clubid, userid) VALUES (283, 431);
INSERT INTO bookclub_members (clubid, userid) VALUES (283, 342);
INSERT INTO bookclub_members (clubid, userid) VALUES (283, 152);
INSERT INTO bookclub_members (clubid, userid) VALUES (283, 188);
INSERT INTO bookclub_members (clubid, userid) VALUES (283, 287);
INSERT INTO bookclub_reads (clubid, bookid, start_date, end_date, is_current) VALUES (283, 828, '2025-06-28', '2025-08-13', TRUE);
INSERT INTO bookclub_reads (clubid, bookid, start_date, end_date, is_current) VALUES (283, 762, '2025-07-04', '2025-08-22', TRUE);
INSERT INTO bookclub_reads (clubid, bookid, start_date, end_date, is_current) VALUES (283, 413, '2025-06-16', '2025-08-06', TRUE);
INSERT INTO bookclub_reads (clubid, bookid, start_date, end_date, is_current) VALUES (283, 515, '2025-02-07', '2025-03-09', FALSE);
INSERT INTO bookclub_reads (clubid, bookid, start_date, end_date, is_current) VALUES (283, 291, '2025-04-12', '2025-05-12', FALSE);
INSERT INTO bookclub_reads (clubid, bookid, start_date, end_date, is_current) VALUES (283, 477, '2025-04-28', '2025-05-28', FALSE);
INSERT INTO bookclub_reads (clubid, bookid, start_date, end_date, is_current) VALUES (283, 89, '2024-12-31', '2025-01-30', FALSE);
INSERT INTO bookclub_reads (clubid, bookid, start_date, end_date, is_current) VALUES (283, 407, '2025-03-07', '2025-04-06', FALSE);
INSERT INTO bookclub_reads (clubid, bookid, start_date, end_date, is_current) VALUES (283, 565, '2025-03-07', '2025-04-06', FALSE);
INSERT INTO bookclub_reads (clubid, bookid, start_date, end_date, is_current) VALUES (283, 107, '2025-02-24', '2025-03-26', FALSE);
INSERT INTO bookclub_reads (clubid, bookid, start_date, end_date, is_current) VALUES (283, 2, '2025-06-01', '2025-07-01', FALSE);
INSERT INTO bookclub_reads (clubid, bookid, start_date, end_date, is_current) VALUES (283, 27, '2025-05-27', '2025-06-26', FALSE);
INSERT INTO bookclub_reads (clubid, bookid, start_date, end_date, is_current) VALUES (283, 932, '2024-12-21', '2025-01-20', FALSE);
INSERT INTO bookclub_reads (clubid, bookid, start_date, end_date, is_current) VALUES (283, 109, '2025-05-11', '2025-06-10', FALSE);
INSERT INTO bookclub_reads (clubid, bookid, start_date, end_date, is_current) VALUES (283, 431, '2025-04-19', '2025-05-19', FALSE);
INSERT INTO bookclub_reads (clubid, bookid, start_date, end_date, is_current) VALUES (283, 830, '2025-02-26', '2025-03-28', FALSE);
INSERT INTO bookclub_reads (clubid, bookid, start_date, end_date, is_current) VALUES (283, 296, '2025-04-11', '2025-05-11', FALSE);
INSERT INTO bookclub_reads (clubid, bookid, start_date, end_date, is_current) VALUES (283, 332, '2025-06-06', '2025-07-06', FALSE);

INSERT INTO bookclubs (clubid, name, description) VALUES (284, 'Book Club 34', 'This is the description for Book Club 34.');
INSERT INTO bookclub_creators (clubid, userid) VALUES (284, 300);
INSERT INTO bookclub_members (clubid, userid) VALUES (284, 288);
INSERT INTO bookclub_members (clubid, userid) VALUES (284, 227);
INSERT INTO bookclub_members (clubid, userid) VALUES (284, 260);
INSERT INTO bookclub_members (clubid, userid) VALUES (284, 199);
INSERT INTO bookclub_members (clubid, userid) VALUES (284, 9);
INSERT INTO bookclub_members (clubid, userid) VALUES (284, 300);
INSERT INTO bookclub_members (clubid, userid) VALUES (284, 365);
INSERT INTO bookclub_members (clubid, userid) VALUES (284, 181);
INSERT INTO bookclub_members (clubid, userid) VALUES (284, 57);
INSERT INTO bookclub_members (clubid, userid) VALUES (284, 123);
INSERT INTO bookclub_members (clubid, userid) VALUES (284, 29);
INSERT INTO bookclub_members (clubid, userid) VALUES (284, 191);
INSERT INTO bookclub_reads (clubid, bookid, start_date, end_date, is_current) VALUES (284, 475, '2025-07-07', '2025-08-10', TRUE);
INSERT INTO bookclub_reads (clubid, bookid, start_date, end_date, is_current) VALUES (284, 359, '2025-06-27', '2025-08-10', TRUE);
INSERT INTO bookclub_reads (clubid, bookid, start_date, end_date, is_current) VALUES (284, 866, '2025-06-30', '2025-08-19', TRUE);
INSERT INTO bookclub_reads (clubid, bookid, start_date, end_date, is_current) VALUES (284, 291, '2025-01-06', '2025-02-05', FALSE);
INSERT INTO bookclub_reads (clubid, bookid, start_date, end_date, is_current) VALUES (284, 765, '2025-04-23', '2025-05-23', FALSE);
INSERT INTO bookclub_reads (clubid, bookid, start_date, end_date, is_current) VALUES (284, 139, '2025-02-26', '2025-03-28', FALSE);
INSERT INTO bookclub_reads (clubid, bookid, start_date, end_date, is_current) VALUES (284, 531, '2025-06-06', '2025-07-06', FALSE);
INSERT INTO bookclub_reads (clubid, bookid, start_date, end_date, is_current) VALUES (284, 685, '2025-06-07', '2025-07-07', FALSE);
INSERT INTO bookclub_reads (clubid, bookid, start_date, end_date, is_current) VALUES (284, 658, '2025-01-11', '2025-02-10', FALSE);
INSERT INTO bookclub_reads (clubid, bookid, start_date, end_date, is_current) VALUES (284, 409, '2025-02-28', '2025-03-30', FALSE);
INSERT INTO bookclub_reads (clubid, bookid, start_date, end_date, is_current) VALUES (284, 123, '2025-05-06', '2025-06-05', FALSE);
INSERT INTO bookclub_reads (clubid, bookid, start_date, end_date, is_current) VALUES (284, 977, '2025-06-03', '2025-07-03', FALSE);
INSERT INTO bookclub_reads (clubid, bookid, start_date, end_date, is_current) VALUES (284, 413, '2025-05-05', '2025-06-04', FALSE);
INSERT INTO bookclub_reads (clubid, bookid, start_date, end_date, is_current) VALUES (284, 177, '2025-06-04', '2025-07-04', FALSE);

INSERT INTO bookclubs (clubid, name, description) VALUES (285, 'Book Club 35', 'This is the description for Book Club 35.');
INSERT INTO bookclub_creators (clubid, userid) VALUES (285, 396);
INSERT INTO bookclub_members (clubid, userid) VALUES (285, 352);
INSERT INTO bookclub_members (clubid, userid) VALUES (285, 224);
INSERT INTO bookclub_members (clubid, userid) VALUES (285, 418);
INSERT INTO bookclub_members (clubid, userid) VALUES (285, 130);
INSERT INTO bookclub_members (clubid, userid) VALUES (285, 69);
INSERT INTO bookclub_members (clubid, userid) VALUES (285, 70);
INSERT INTO bookclub_members (clubid, userid) VALUES (285, 232);
INSERT INTO bookclub_members (clubid, userid) VALUES (285, 396);
INSERT INTO bookclub_members (clubid, userid) VALUES (285, 50);
INSERT INTO bookclub_members (clubid, userid) VALUES (285, 146);
INSERT INTO bookclub_members (clubid, userid) VALUES (285, 52);
INSERT INTO bookclub_members (clubid, userid) VALUES (285, 21);
INSERT INTO bookclub_members (clubid, userid) VALUES (285, 309);
INSERT INTO bookclub_members (clubid, userid) VALUES (285, 312);
INSERT INTO bookclub_members (clubid, userid) VALUES (285, 314);
INSERT INTO bookclub_members (clubid, userid) VALUES (285, 319);
INSERT INTO bookclub_reads (clubid, bookid, start_date, end_date, is_current) VALUES (285, 668, '2025-06-27', '2025-07-30', TRUE);
INSERT INTO bookclub_reads (clubid, bookid, start_date, end_date, is_current) VALUES (285, 205, '2025-07-05', '2025-07-30', TRUE);
INSERT INTO bookclub_reads (clubid, bookid, start_date, end_date, is_current) VALUES (285, 385, '2025-06-23', '2025-08-15', TRUE);
INSERT INTO bookclub_reads (clubid, bookid, start_date, end_date, is_current) VALUES (285, 141, '2025-06-04', '2025-07-04', FALSE);
INSERT INTO bookclub_reads (clubid, bookid, start_date, end_date, is_current) VALUES (285, 707, '2025-03-06', '2025-04-05', FALSE);
INSERT INTO bookclub_reads (clubid, bookid, start_date, end_date, is_current) VALUES (285, 324, '2024-12-17', '2025-01-16', FALSE);
INSERT INTO bookclub_reads (clubid, bookid, start_date, end_date, is_current) VALUES (285, 4, '2025-03-12', '2025-04-11', FALSE);
INSERT INTO bookclub_reads (clubid, bookid, start_date, end_date, is_current) VALUES (285, 412, '2025-01-04', '2025-02-03', FALSE);
INSERT INTO bookclub_reads (clubid, bookid, start_date, end_date, is_current) VALUES (285, 144, '2025-01-18', '2025-02-17', FALSE);

INSERT INTO bookclubs (clubid, name, description) VALUES (286, 'Book Club 36', 'This is the description for Book Club 36.');
INSERT INTO bookclub_creators (clubid, userid) VALUES (286, 287);
INSERT INTO bookclub_members (clubid, userid) VALUES (286, 130);
INSERT INTO bookclub_members (clubid, userid) VALUES (286, 262);
INSERT INTO bookclub_members (clubid, userid) VALUES (286, 12);
INSERT INTO bookclub_members (clubid, userid) VALUES (286, 273);
INSERT INTO bookclub_members (clubid, userid) VALUES (286, 152);
INSERT INTO bookclub_members (clubid, userid) VALUES (286, 287);
INSERT INTO bookclub_members (clubid, userid) VALUES (286, 294);
INSERT INTO bookclub_members (clubid, userid) VALUES (286, 309);
INSERT INTO bookclub_members (clubid, userid) VALUES (286, 316);
INSERT INTO bookclub_members (clubid, userid) VALUES (286, 64);
INSERT INTO bookclub_members (clubid, userid) VALUES (286, 194);
INSERT INTO bookclub_members (clubid, userid) VALUES (286, 207);
INSERT INTO bookclub_members (clubid, userid) VALUES (286, 336);
INSERT INTO bookclub_members (clubid, userid) VALUES (286, 340);
INSERT INTO bookclub_members (clubid, userid) VALUES (286, 90);
INSERT INTO bookclub_members (clubid, userid) VALUES (286, 356);
INSERT INTO bookclub_members (clubid, userid) VALUES (286, 358);
INSERT INTO bookclub_members (clubid, userid) VALUES (286, 120);
INSERT INTO bookclub_members (clubid, userid) VALUES (286, 124);
INSERT INTO bookclub_reads (clubid, bookid, start_date, end_date, is_current) VALUES (286, 404, '2025-06-13', '2025-08-20', TRUE);
INSERT INTO bookclub_reads (clubid, bookid, start_date, end_date, is_current) VALUES (286, 155, '2025-06-30', '2025-08-09', TRUE);
INSERT INTO bookclub_reads (clubid, bookid, start_date, end_date, is_current) VALUES (286, 425, '2025-07-04', '2025-07-26', TRUE);
INSERT INTO bookclub_reads (clubid, bookid, start_date, end_date, is_current) VALUES (286, 251, '2025-01-09', '2025-02-08', FALSE);
INSERT INTO bookclub_reads (clubid, bookid, start_date, end_date, is_current) VALUES (286, 214, '2024-12-10', '2025-01-09', FALSE);
INSERT INTO bookclub_reads (clubid, bookid, start_date, end_date, is_current) VALUES (286, 75, '2025-02-02', '2025-03-04', FALSE);
INSERT INTO bookclub_reads (clubid, bookid, start_date, end_date, is_current) VALUES (286, 965, '2025-04-21', '2025-05-21', FALSE);
INSERT INTO bookclub_reads (clubid, bookid, start_date, end_date, is_current) VALUES (286, 269, '2025-06-05', '2025-07-05', FALSE);
INSERT INTO bookclub_reads (clubid, bookid, start_date, end_date, is_current) VALUES (286, 672, '2025-04-20', '2025-05-20', FALSE);

INSERT INTO bookclubs (clubid, name, description) VALUES (287, 'Book Club 37', 'This is the description for Book Club 37.');
INSERT INTO bookclub_creators (clubid, userid) VALUES (287, 443);
INSERT INTO bookclub_members (clubid, userid) VALUES (287, 133);
INSERT INTO bookclub_members (clubid, userid) VALUES (287, 391);
INSERT INTO bookclub_members (clubid, userid) VALUES (287, 235);
INSERT INTO bookclub_members (clubid, userid) VALUES (287, 397);
INSERT INTO bookclub_members (clubid, userid) VALUES (287, 312);
INSERT INTO bookclub_members (clubid, userid) VALUES (287, 443);
INSERT INTO bookclub_reads (clubid, bookid, start_date, end_date, is_current) VALUES (287, 129, '2025-06-17', '2025-08-22', TRUE);
INSERT INTO bookclub_reads (clubid, bookid, start_date, end_date, is_current) VALUES (287, 681, '2025-05-10', '2025-06-09', FALSE);
INSERT INTO bookclub_reads (clubid, bookid, start_date, end_date, is_current) VALUES (287, 826, '2025-01-09', '2025-02-08', FALSE);
INSERT INTO bookclub_reads (clubid, bookid, start_date, end_date, is_current) VALUES (287, 357, '2024-12-30', '2025-01-29', FALSE);
INSERT INTO bookclub_reads (clubid, bookid, start_date, end_date, is_current) VALUES (287, 570, '2025-06-04', '2025-07-04', FALSE);
INSERT INTO bookclub_reads (clubid, bookid, start_date, end_date, is_current) VALUES (287, 291, '2025-05-08', '2025-06-07', FALSE);
INSERT INTO bookclub_reads (clubid, bookid, start_date, end_date, is_current) VALUES (287, 955, '2024-12-18', '2025-01-17', FALSE);
INSERT INTO bookclub_reads (clubid, bookid, start_date, end_date, is_current) VALUES (287, 424, '2025-04-09', '2025-05-09', FALSE);
INSERT INTO bookclub_reads (clubid, bookid, start_date, end_date, is_current) VALUES (287, 399, '2024-12-21', '2025-01-20', FALSE);

INSERT INTO bookclubs (clubid, name, description) VALUES (288, 'Book Club 38', 'This is the description for Book Club 38.');
INSERT INTO bookclub_creators (clubid, userid) VALUES (288, 351);
INSERT INTO bookclub_members (clubid, userid) VALUES (288, 224);
INSERT INTO bookclub_members (clubid, userid) VALUES (288, 71);
INSERT INTO bookclub_members (clubid, userid) VALUES (288, 433);
INSERT INTO bookclub_members (clubid, userid) VALUES (288, 243);
INSERT INTO bookclub_members (clubid, userid) VALUES (288, 339);
INSERT INTO bookclub_members (clubid, userid) VALUES (288, 217);
INSERT INTO bookclub_members (clubid, userid) VALUES (288, 444);
INSERT INTO bookclub_members (clubid, userid) VALUES (288, 94);
INSERT INTO bookclub_members (clubid, userid) VALUES (288, 351);
INSERT INTO bookclub_reads (clubid, bookid, start_date, end_date, is_current) VALUES (288, 249, '2025-06-12', '2025-08-18', TRUE);
INSERT INTO bookclub_reads (clubid, bookid, start_date, end_date, is_current) VALUES (288, 61, '2025-03-03', '2025-04-02', FALSE);
INSERT INTO bookclub_reads (clubid, bookid, start_date, end_date, is_current) VALUES (288, 821, '2025-02-09', '2025-03-11', FALSE);
INSERT INTO bookclub_reads (clubid, bookid, start_date, end_date, is_current) VALUES (288, 207, '2025-04-08', '2025-05-08', FALSE);
INSERT INTO bookclub_reads (clubid, bookid, start_date, end_date, is_current) VALUES (288, 902, '2025-03-05', '2025-04-04', FALSE);
INSERT INTO bookclub_reads (clubid, bookid, start_date, end_date, is_current) VALUES (288, 237, '2025-02-16', '2025-03-18', FALSE);
INSERT INTO bookclub_reads (clubid, bookid, start_date, end_date, is_current) VALUES (288, 29, '2025-04-20', '2025-05-20', FALSE);
INSERT INTO bookclub_reads (clubid, bookid, start_date, end_date, is_current) VALUES (288, 685, '2025-05-21', '2025-06-20', FALSE);
INSERT INTO bookclub_reads (clubid, bookid, start_date, end_date, is_current) VALUES (288, 12, '2024-12-29', '2025-01-28', FALSE);
INSERT INTO bookclub_reads (clubid, bookid, start_date, end_date, is_current) VALUES (288, 397, '2025-02-11', '2025-03-13', FALSE);
INSERT INTO bookclub_reads (clubid, bookid, start_date, end_date, is_current) VALUES (288, 285, '2025-05-23', '2025-06-22', FALSE);
INSERT INTO bookclub_reads (clubid, bookid, start_date, end_date, is_current) VALUES (288, 159, '2025-04-06', '2025-05-06', FALSE);
INSERT INTO bookclub_reads (clubid, bookid, start_date, end_date, is_current) VALUES (288, 929, '2025-05-31', '2025-06-30', FALSE);
INSERT INTO bookclub_reads (clubid, bookid, start_date, end_date, is_current) VALUES (288, 1099, '2025-04-28', '2025-05-28', FALSE);

INSERT INTO bookclubs (clubid, name, description) VALUES (289, 'Book Club 39', 'This is the description for Book Club 39.');
INSERT INTO bookclub_creators (clubid, userid) VALUES (289, 277);
INSERT INTO bookclub_members (clubid, userid) VALUES (289, 139);
INSERT INTO bookclub_members (clubid, userid) VALUES (289, 13);
INSERT INTO bookclub_members (clubid, userid) VALUES (289, 143);
INSERT INTO bookclub_members (clubid, userid) VALUES (289, 400);
INSERT INTO bookclub_members (clubid, userid) VALUES (289, 18);
INSERT INTO bookclub_members (clubid, userid) VALUES (289, 277);
INSERT INTO bookclub_members (clubid, userid) VALUES (289, 153);
INSERT INTO bookclub_members (clubid, userid) VALUES (289, 290);
INSERT INTO bookclub_members (clubid, userid) VALUES (289, 291);
INSERT INTO bookclub_members (clubid, userid) VALUES (289, 166);
INSERT INTO bookclub_members (clubid, userid) VALUES (289, 425);
INSERT INTO bookclub_members (clubid, userid) VALUES (289, 299);
INSERT INTO bookclub_members (clubid, userid) VALUES (289, 303);
INSERT INTO bookclub_members (clubid, userid) VALUES (289, 180);
INSERT INTO bookclub_members (clubid, userid) VALUES (289, 184);
INSERT INTO bookclub_members (clubid, userid) VALUES (289, 443);
INSERT INTO bookclub_members (clubid, userid) VALUES (289, 327);
INSERT INTO bookclub_members (clubid, userid) VALUES (289, 210);
INSERT INTO bookclub_members (clubid, userid) VALUES (289, 346);
INSERT INTO bookclub_reads (clubid, bookid, start_date, end_date, is_current) VALUES (289, 12, '2025-06-24', '2025-07-24', TRUE);
INSERT INTO bookclub_reads (clubid, bookid, start_date, end_date, is_current) VALUES (289, 94, '2025-06-13', '2025-07-30', TRUE);
INSERT INTO bookclub_reads (clubid, bookid, start_date, end_date, is_current) VALUES (289, 655, '2025-07-04', '2025-08-10', TRUE);
INSERT INTO bookclub_reads (clubid, bookid, start_date, end_date, is_current) VALUES (289, 106, '2025-02-27', '2025-03-29', FALSE);
INSERT INTO bookclub_reads (clubid, bookid, start_date, end_date, is_current) VALUES (289, 298, '2025-05-08', '2025-06-07', FALSE);
INSERT INTO bookclub_reads (clubid, bookid, start_date, end_date, is_current) VALUES (289, 665, '2025-04-20', '2025-05-20', FALSE);
INSERT INTO bookclub_reads (clubid, bookid, start_date, end_date, is_current) VALUES (289, 53, '2025-01-16', '2025-02-15', FALSE);
INSERT INTO bookclub_reads (clubid, bookid, start_date, end_date, is_current) VALUES (289, 291, '2025-04-15', '2025-05-15', FALSE);
INSERT INTO bookclub_reads (clubid, bookid, start_date, end_date, is_current) VALUES (289, 484, '2025-02-12', '2025-03-14', FALSE);
INSERT INTO bookclub_reads (clubid, bookid, start_date, end_date, is_current) VALUES (289, 1022, '2025-03-02', '2025-04-01', FALSE);
INSERT INTO bookclub_reads (clubid, bookid, start_date, end_date, is_current) VALUES (289, 1097, '2025-02-12', '2025-03-14', FALSE);
INSERT INTO bookclub_reads (clubid, bookid, start_date, end_date, is_current) VALUES (289, 1099, '2025-05-18', '2025-06-17', FALSE);
INSERT INTO bookclub_reads (clubid, bookid, start_date, end_date, is_current) VALUES (289, 1073, '2025-04-11', '2025-05-11', FALSE);

INSERT INTO bookclubs (clubid, name, description) VALUES (290, 'Book Club 40', 'This is the description for Book Club 40.');
INSERT INTO bookclub_creators (clubid, userid) VALUES (290, 398);
INSERT INTO bookclub_members (clubid, userid) VALUES (290, 407);
INSERT INTO bookclub_members (clubid, userid) VALUES (290, 3);
INSERT INTO bookclub_members (clubid, userid) VALUES (290, 196);
INSERT INTO bookclub_members (clubid, userid) VALUES (290, 294);
INSERT INTO bookclub_members (clubid, userid) VALUES (290, 105);
INSERT INTO bookclub_members (clubid, userid) VALUES (290, 266);
INSERT INTO bookclub_members (clubid, userid) VALUES (290, 11);
INSERT INTO bookclub_members (clubid, userid) VALUES (290, 60);
INSERT INTO bookclub_members (clubid, userid) VALUES (290, 398);
INSERT INTO bookclub_members (clubid, userid) VALUES (290, 213);
INSERT INTO bookclub_members (clubid, userid) VALUES (290, 279);
INSERT INTO bookclub_members (clubid, userid) VALUES (290, 184);
INSERT INTO bookclub_members (clubid, userid) VALUES (290, 316);
INSERT INTO bookclub_members (clubid, userid) VALUES (290, 286);
INSERT INTO bookclub_reads (clubid, bookid, start_date, end_date, is_current) VALUES (290, 249, '2025-06-16', '2025-08-18', TRUE);
INSERT INTO bookclub_reads (clubid, bookid, start_date, end_date, is_current) VALUES (290, 298, '2025-06-30', '2025-08-05', TRUE);
INSERT INTO bookclub_reads (clubid, bookid, start_date, end_date, is_current) VALUES (290, 91, '2025-04-03', '2025-05-03', FALSE);
INSERT INTO bookclub_reads (clubid, bookid, start_date, end_date, is_current) VALUES (290, 484, '2025-02-15', '2025-03-17', FALSE);
INSERT INTO bookclub_reads (clubid, bookid, start_date, end_date, is_current) VALUES (290, 129, '2025-04-08', '2025-05-08', FALSE);
INSERT INTO bookclub_reads (clubid, bookid, start_date, end_date, is_current) VALUES (290, 144, '2025-04-19', '2025-05-19', FALSE);
INSERT INTO bookclub_reads (clubid, bookid, start_date, end_date, is_current) VALUES (290, 428, '2025-02-08', '2025-03-10', FALSE);
INSERT INTO bookclub_reads (clubid, bookid, start_date, end_date, is_current) VALUES (290, 348, '2025-04-15', '2025-05-15', FALSE);
INSERT INTO bookclub_reads (clubid, bookid, start_date, end_date, is_current) VALUES (290, 966, '2025-05-31', '2025-06-30', FALSE);
INSERT INTO bookclub_reads (clubid, bookid, start_date, end_date, is_current) VALUES (290, 476, '2025-02-02', '2025-03-04', FALSE);
INSERT INTO bookclub_reads (clubid, bookid, start_date, end_date, is_current) VALUES (290, 302, '2025-02-27', '2025-03-29', FALSE);
INSERT INTO bookclub_reads (clubid, bookid, start_date, end_date, is_current) VALUES (290, 31, '2025-04-19', '2025-05-19', FALSE);

INSERT INTO bookclubs (clubid, name, description) VALUES (291, 'Book Club 41', 'This is the description for Book Club 41.');
INSERT INTO bookclub_creators (clubid, userid) VALUES (291, 274);
INSERT INTO bookclub_members (clubid, userid) VALUES (291, 32);
INSERT INTO bookclub_members (clubid, userid) VALUES (291, 2);
INSERT INTO bookclub_members (clubid, userid) VALUES (291, 255);
INSERT INTO bookclub_members (clubid, userid) VALUES (291, 323);
INSERT INTO bookclub_members (clubid, userid) VALUES (291, 134);
INSERT INTO bookclub_members (clubid, userid) VALUES (291, 168);
INSERT INTO bookclub_members (clubid, userid) VALUES (291, 41);
INSERT INTO bookclub_members (clubid, userid) VALUES (291, 362);
INSERT INTO bookclub_members (clubid, userid) VALUES (291, 251);
INSERT INTO bookclub_members (clubid, userid) VALUES (291, 112);
INSERT INTO bookclub_members (clubid, userid) VALUES (291, 113);
INSERT INTO bookclub_members (clubid, userid) VALUES (291, 369);
INSERT INTO bookclub_members (clubid, userid) VALUES (291, 274);
INSERT INTO bookclub_members (clubid, userid) VALUES (291, 374);
INSERT INTO bookclub_members (clubid, userid) VALUES (291, 23);
INSERT INTO bookclub_members (clubid, userid) VALUES (291, 123);
INSERT INTO bookclub_members (clubid, userid) VALUES (291, 124);
INSERT INTO bookclub_members (clubid, userid) VALUES (291, 319);
INSERT INTO bookclub_reads (clubid, bookid, start_date, end_date, is_current) VALUES (291, 434, '2025-06-22', '2025-08-07', TRUE);
INSERT INTO bookclub_reads (clubid, bookid, start_date, end_date, is_current) VALUES (291, 664, '2025-03-27', '2025-04-26', FALSE);
INSERT INTO bookclub_reads (clubid, bookid, start_date, end_date, is_current) VALUES (291, 675, '2025-05-10', '2025-06-09', FALSE);
INSERT INTO bookclub_reads (clubid, bookid, start_date, end_date, is_current) VALUES (291, 930, '2025-03-03', '2025-04-02', FALSE);
INSERT INTO bookclub_reads (clubid, bookid, start_date, end_date, is_current) VALUES (291, 902, '2025-03-20', '2025-04-19', FALSE);
INSERT INTO bookclub_reads (clubid, bookid, start_date, end_date, is_current) VALUES (291, 597, '2025-05-07', '2025-06-06', FALSE);
INSERT INTO bookclub_reads (clubid, bookid, start_date, end_date, is_current) VALUES (291, 171, '2025-01-09', '2025-02-08', FALSE);
INSERT INTO bookclub_reads (clubid, bookid, start_date, end_date, is_current) VALUES (291, 138, '2025-02-20', '2025-03-22', FALSE);
INSERT INTO bookclub_reads (clubid, bookid, start_date, end_date, is_current) VALUES (291, 972, '2025-03-03', '2025-04-02', FALSE);

INSERT INTO bookclubs (clubid, name, description) VALUES (292, 'Book Club 42', 'This is the description for Book Club 42.');
INSERT INTO bookclub_creators (clubid, userid) VALUES (292, 323);
INSERT INTO bookclub_members (clubid, userid) VALUES (292, 129);
INSERT INTO bookclub_members (clubid, userid) VALUES (292, 323);
INSERT INTO bookclub_members (clubid, userid) VALUES (292, 199);
INSERT INTO bookclub_members (clubid, userid) VALUES (292, 391);
INSERT INTO bookclub_members (clubid, userid) VALUES (292, 435);
INSERT INTO bookclub_members (clubid, userid) VALUES (292, 382);
INSERT INTO bookclub_reads (clubid, bookid, start_date, end_date, is_current) VALUES (292, 830, '2025-07-05', '2025-08-20', TRUE);
INSERT INTO bookclub_reads (clubid, bookid, start_date, end_date, is_current) VALUES (292, 54, '2025-06-26', '2025-08-01', TRUE);
INSERT INTO bookclub_reads (clubid, bookid, start_date, end_date, is_current) VALUES (292, 181, '2025-06-23', '2025-07-28', TRUE);
INSERT INTO bookclub_reads (clubid, bookid, start_date, end_date, is_current) VALUES (292, 27, '2025-04-11', '2025-05-11', FALSE);
INSERT INTO bookclub_reads (clubid, bookid, start_date, end_date, is_current) VALUES (292, 656, '2025-01-01', '2025-01-31', FALSE);
INSERT INTO bookclub_reads (clubid, bookid, start_date, end_date, is_current) VALUES (292, 277, '2025-06-07', '2025-07-07', FALSE);
INSERT INTO bookclub_reads (clubid, bookid, start_date, end_date, is_current) VALUES (292, 1053, '2025-05-12', '2025-06-11', FALSE);
INSERT INTO bookclub_reads (clubid, bookid, start_date, end_date, is_current) VALUES (292, 400, '2025-02-28', '2025-03-30', FALSE);
INSERT INTO bookclub_reads (clubid, bookid, start_date, end_date, is_current) VALUES (292, 494, '2025-03-18', '2025-04-17', FALSE);
INSERT INTO bookclub_reads (clubid, bookid, start_date, end_date, is_current) VALUES (292, 828, '2025-01-22', '2025-02-21', FALSE);
INSERT INTO bookclub_reads (clubid, bookid, start_date, end_date, is_current) VALUES (292, 416, '2025-03-05', '2025-04-04', FALSE);
INSERT INTO bookclub_reads (clubid, bookid, start_date, end_date, is_current) VALUES (292, 966, '2025-01-29', '2025-02-28', FALSE);
INSERT INTO bookclub_reads (clubid, bookid, start_date, end_date, is_current) VALUES (292, 36, '2025-02-01', '2025-03-03', FALSE);
INSERT INTO bookclub_reads (clubid, bookid, start_date, end_date, is_current) VALUES (292, 8, '2025-05-11', '2025-06-10', FALSE);
INSERT INTO bookclub_reads (clubid, bookid, start_date, end_date, is_current) VALUES (292, 359, '2025-01-18', '2025-02-17', FALSE);
INSERT INTO bookclub_reads (clubid, bookid, start_date, end_date, is_current) VALUES (292, 24, '2025-04-19', '2025-05-19', FALSE);
INSERT INTO bookclub_reads (clubid, bookid, start_date, end_date, is_current) VALUES (292, 152, '2025-01-15', '2025-02-14', FALSE);

INSERT INTO bookclubs (clubid, name, description) VALUES (293, 'Book Club 43', 'This is the description for Book Club 43.');
INSERT INTO bookclub_creators (clubid, userid) VALUES (293, 95);
INSERT INTO bookclub_members (clubid, userid) VALUES (293, 393);
INSERT INTO bookclub_members (clubid, userid) VALUES (293, 138);
INSERT INTO bookclub_members (clubid, userid) VALUES (293, 379);
INSERT INTO bookclub_members (clubid, userid) VALUES (293, 27);
INSERT INTO bookclub_members (clubid, userid) VALUES (293, 381);
INSERT INTO bookclub_members (clubid, userid) VALUES (293, 95);
INSERT INTO bookclub_members (clubid, userid) VALUES (293, 63);
INSERT INTO bookclub_reads (clubid, bookid, start_date, end_date, is_current) VALUES (293, 154, '2025-06-16', '2025-07-29', TRUE);
INSERT INTO bookclub_reads (clubid, bookid, start_date, end_date, is_current) VALUES (293, 1090, '2025-05-04', '2025-06-03', FALSE);
INSERT INTO bookclub_reads (clubid, bookid, start_date, end_date, is_current) VALUES (293, 356, '2025-02-20', '2025-03-22', FALSE);
INSERT INTO bookclub_reads (clubid, bookid, start_date, end_date, is_current) VALUES (293, 665, '2025-02-21', '2025-03-23', FALSE);
INSERT INTO bookclub_reads (clubid, bookid, start_date, end_date, is_current) VALUES (293, 106, '2025-03-20', '2025-04-19', FALSE);
INSERT INTO bookclub_reads (clubid, bookid, start_date, end_date, is_current) VALUES (293, 698, '2025-05-11', '2025-06-10', FALSE);
INSERT INTO bookclub_reads (clubid, bookid, start_date, end_date, is_current) VALUES (293, 30, '2025-03-18', '2025-04-17', FALSE);
INSERT INTO bookclub_reads (clubid, bookid, start_date, end_date, is_current) VALUES (293, 137, '2025-05-20', '2025-06-19', FALSE);
INSERT INTO bookclub_reads (clubid, bookid, start_date, end_date, is_current) VALUES (293, 362, '2025-05-16', '2025-06-15', FALSE);
INSERT INTO bookclub_reads (clubid, bookid, start_date, end_date, is_current) VALUES (293, 2, '2025-02-09', '2025-03-11', FALSE);
INSERT INTO bookclub_reads (clubid, bookid, start_date, end_date, is_current) VALUES (293, 55, '2025-01-21', '2025-02-20', FALSE);
INSERT INTO bookclub_reads (clubid, bookid, start_date, end_date, is_current) VALUES (293, 702, '2025-02-05', '2025-03-07', FALSE);
INSERT INTO bookclub_reads (clubid, bookid, start_date, end_date, is_current) VALUES (293, 147, '2025-05-28', '2025-06-27', FALSE);
INSERT INTO bookclub_reads (clubid, bookid, start_date, end_date, is_current) VALUES (293, 385, '2025-04-17', '2025-05-17', FALSE);
INSERT INTO bookclub_reads (clubid, bookid, start_date, end_date, is_current) VALUES (293, 119, '2025-02-14', '2025-03-16', FALSE);

INSERT INTO bookclubs (clubid, name, description) VALUES (294, 'Book Club 44', 'This is the description for Book Club 44.');
INSERT INTO bookclub_creators (clubid, userid) VALUES (294, 414);
INSERT INTO bookclub_members (clubid, userid) VALUES (294, 137);
INSERT INTO bookclub_members (clubid, userid) VALUES (294, 426);
INSERT INTO bookclub_members (clubid, userid) VALUES (294, 15);
INSERT INTO bookclub_members (clubid, userid) VALUES (294, 272);
INSERT INTO bookclub_members (clubid, userid) VALUES (294, 144);
INSERT INTO bookclub_members (clubid, userid) VALUES (294, 182);
INSERT INTO bookclub_members (clubid, userid) VALUES (294, 346);
INSERT INTO bookclub_members (clubid, userid) VALUES (294, 414);
INSERT INTO bookclub_reads (clubid, bookid, start_date, end_date, is_current) VALUES (294, 57, '2025-06-21', '2025-08-03', TRUE);
INSERT INTO bookclub_reads (clubid, bookid, start_date, end_date, is_current) VALUES (294, 416, '2025-07-02', '2025-07-27', TRUE);
INSERT INTO bookclub_reads (clubid, bookid, start_date, end_date, is_current) VALUES (294, 824, '2024-12-16', '2025-01-15', FALSE);
INSERT INTO bookclub_reads (clubid, bookid, start_date, end_date, is_current) VALUES (294, 80, '2025-05-23', '2025-06-22', FALSE);
INSERT INTO bookclub_reads (clubid, bookid, start_date, end_date, is_current) VALUES (294, 415, '2025-02-14', '2025-03-16', FALSE);
INSERT INTO bookclub_reads (clubid, bookid, start_date, end_date, is_current) VALUES (294, 669, '2025-05-22', '2025-06-21', FALSE);
INSERT INTO bookclub_reads (clubid, bookid, start_date, end_date, is_current) VALUES (294, 864, '2025-03-07', '2025-04-06', FALSE);
INSERT INTO bookclub_reads (clubid, bookid, start_date, end_date, is_current) VALUES (294, 28, '2025-04-12', '2025-05-12', FALSE);
INSERT INTO bookclub_reads (clubid, bookid, start_date, end_date, is_current) VALUES (294, 944, '2025-03-30', '2025-04-29', FALSE);
INSERT INTO bookclub_reads (clubid, bookid, start_date, end_date, is_current) VALUES (294, 123, '2025-05-28', '2025-06-27', FALSE);
INSERT INTO bookclub_reads (clubid, bookid, start_date, end_date, is_current) VALUES (294, 498, '2024-12-17', '2025-01-16', FALSE);
INSERT INTO bookclub_reads (clubid, bookid, start_date, end_date, is_current) VALUES (294, 289, '2025-01-26', '2025-02-25', FALSE);
INSERT INTO bookclub_reads (clubid, bookid, start_date, end_date, is_current) VALUES (294, 269, '2025-04-16', '2025-05-16', FALSE);
INSERT INTO bookclub_reads (clubid, bookid, start_date, end_date, is_current) VALUES (294, 1097, '2025-02-04', '2025-03-06', FALSE);

INSERT INTO bookclubs (clubid, name, description) VALUES (295, 'Book Club 45', 'This is the description for Book Club 45.');
INSERT INTO bookclub_creators (clubid, userid) VALUES (295, 63);
INSERT INTO bookclub_members (clubid, userid) VALUES (295, 1);
INSERT INTO bookclub_members (clubid, userid) VALUES (295, 258);
INSERT INTO bookclub_members (clubid, userid) VALUES (295, 391);
INSERT INTO bookclub_members (clubid, userid) VALUES (295, 264);
INSERT INTO bookclub_members (clubid, userid) VALUES (295, 20);
INSERT INTO bookclub_members (clubid, userid) VALUES (295, 148);
INSERT INTO bookclub_members (clubid, userid) VALUES (295, 149);
INSERT INTO bookclub_members (clubid, userid) VALUES (295, 431);
INSERT INTO bookclub_members (clubid, userid) VALUES (295, 445);
INSERT INTO bookclub_members (clubid, userid) VALUES (295, 63);
INSERT INTO bookclub_members (clubid, userid) VALUES (295, 74);
INSERT INTO bookclub_members (clubid, userid) VALUES (295, 331);
INSERT INTO bookclub_members (clubid, userid) VALUES (295, 206);
INSERT INTO bookclub_members (clubid, userid) VALUES (295, 228);
INSERT INTO bookclub_members (clubid, userid) VALUES (295, 105);
INSERT INTO bookclub_members (clubid, userid) VALUES (295, 234);
INSERT INTO bookclub_members (clubid, userid) VALUES (295, 236);
INSERT INTO bookclub_members (clubid, userid) VALUES (295, 244);
INSERT INTO bookclub_members (clubid, userid) VALUES (295, 379);
INSERT INTO bookclub_reads (clubid, bookid, start_date, end_date, is_current) VALUES (295, 252, '2025-06-14', '2025-08-17', TRUE);
INSERT INTO bookclub_reads (clubid, bookid, start_date, end_date, is_current) VALUES (295, 629, '2025-01-16', '2025-02-15', FALSE);
INSERT INTO bookclub_reads (clubid, bookid, start_date, end_date, is_current) VALUES (295, 278, '2025-01-10', '2025-02-09', FALSE);
INSERT INTO bookclub_reads (clubid, bookid, start_date, end_date, is_current) VALUES (295, 162, '2025-04-26', '2025-05-26', FALSE);
INSERT INTO bookclub_reads (clubid, bookid, start_date, end_date, is_current) VALUES (295, 842, '2025-02-11', '2025-03-13', FALSE);
INSERT INTO bookclub_reads (clubid, bookid, start_date, end_date, is_current) VALUES (295, 93, '2025-01-11', '2025-02-10', FALSE);
INSERT INTO bookclub_reads (clubid, bookid, start_date, end_date, is_current) VALUES (295, 903, '2025-02-21', '2025-03-23', FALSE);
INSERT INTO bookclub_reads (clubid, bookid, start_date, end_date, is_current) VALUES (295, 132, '2025-05-29', '2025-06-28', FALSE);
INSERT INTO bookclub_reads (clubid, bookid, start_date, end_date, is_current) VALUES (295, 155, '2025-03-27', '2025-04-26', FALSE);
INSERT INTO bookclub_reads (clubid, bookid, start_date, end_date, is_current) VALUES (295, 231, '2025-06-02', '2025-07-02', FALSE);
INSERT INTO bookclub_reads (clubid, bookid, start_date, end_date, is_current) VALUES (295, 98, '2025-01-22', '2025-02-21', FALSE);
INSERT INTO bookclub_reads (clubid, bookid, start_date, end_date, is_current) VALUES (295, 129, '2025-05-02', '2025-06-01', FALSE);
INSERT INTO bookclub_reads (clubid, bookid, start_date, end_date, is_current) VALUES (295, 291, '2025-05-22', '2025-06-21', FALSE);
INSERT INTO bookclub_reads (clubid, bookid, start_date, end_date, is_current) VALUES (295, 130, '2025-02-02', '2025-03-04', FALSE);

INSERT INTO bookclubs (clubid, name, description) VALUES (296, 'Book Club 46', 'This is the description for Book Club 46.');
INSERT INTO bookclub_creators (clubid, userid) VALUES (296, 312);
INSERT INTO bookclub_members (clubid, userid) VALUES (296, 68);
INSERT INTO bookclub_members (clubid, userid) VALUES (296, 228);
INSERT INTO bookclub_members (clubid, userid) VALUES (296, 70);
INSERT INTO bookclub_members (clubid, userid) VALUES (296, 359);
INSERT INTO bookclub_members (clubid, userid) VALUES (296, 168);
INSERT INTO bookclub_members (clubid, userid) VALUES (296, 296);
INSERT INTO bookclub_members (clubid, userid) VALUES (296, 362);
INSERT INTO bookclub_members (clubid, userid) VALUES (296, 395);
INSERT INTO bookclub_members (clubid, userid) VALUES (296, 107);
INSERT INTO bookclub_members (clubid, userid) VALUES (296, 304);
INSERT INTO bookclub_members (clubid, userid) VALUES (296, 337);
INSERT INTO bookclub_members (clubid, userid) VALUES (296, 279);
INSERT INTO bookclub_members (clubid, userid) VALUES (296, 312);
INSERT INTO bookclub_members (clubid, userid) VALUES (296, 378);
INSERT INTO bookclub_members (clubid, userid) VALUES (296, 253);
INSERT INTO bookclub_members (clubid, userid) VALUES (296, 351);
INSERT INTO bookclub_reads (clubid, bookid, start_date, end_date, is_current) VALUES (296, 66, '2025-06-19', '2025-07-24', TRUE);
INSERT INTO bookclub_reads (clubid, bookid, start_date, end_date, is_current) VALUES (296, 866, '2025-06-23', '2025-08-15', TRUE);
INSERT INTO bookclub_reads (clubid, bookid, start_date, end_date, is_current) VALUES (296, 629, '2024-12-29', '2025-01-28', FALSE);
INSERT INTO bookclub_reads (clubid, bookid, start_date, end_date, is_current) VALUES (296, 675, '2025-04-25', '2025-05-25', FALSE);
INSERT INTO bookclub_reads (clubid, bookid, start_date, end_date, is_current) VALUES (296, 72, '2025-02-05', '2025-03-07', FALSE);
INSERT INTO bookclub_reads (clubid, bookid, start_date, end_date, is_current) VALUES (296, 880, '2025-05-04', '2025-06-03', FALSE);
INSERT INTO bookclub_reads (clubid, bookid, start_date, end_date, is_current) VALUES (296, 348, '2025-05-29', '2025-06-28', FALSE);
INSERT INTO bookclub_reads (clubid, bookid, start_date, end_date, is_current) VALUES (296, 446, '2025-01-03', '2025-02-02', FALSE);
INSERT INTO bookclub_reads (clubid, bookid, start_date, end_date, is_current) VALUES (296, 498, '2025-04-27', '2025-05-27', FALSE);
INSERT INTO bookclub_reads (clubid, bookid, start_date, end_date, is_current) VALUES (296, 139, '2024-12-24', '2025-01-23', FALSE);
INSERT INTO bookclub_reads (clubid, bookid, start_date, end_date, is_current) VALUES (296, 476, '2025-06-05', '2025-07-05', FALSE);
INSERT INTO bookclub_reads (clubid, bookid, start_date, end_date, is_current) VALUES (296, 848, '2025-02-04', '2025-03-06', FALSE);
INSERT INTO bookclub_reads (clubid, bookid, start_date, end_date, is_current) VALUES (296, 834, '2025-01-01', '2025-01-31', FALSE);
INSERT INTO bookclub_reads (clubid, bookid, start_date, end_date, is_current) VALUES (296, 23, '2025-04-20', '2025-05-20', FALSE);
INSERT INTO bookclub_reads (clubid, bookid, start_date, end_date, is_current) VALUES (296, 797, '2025-01-07', '2025-02-06', FALSE);
INSERT INTO bookclub_reads (clubid, bookid, start_date, end_date, is_current) VALUES (296, 397, '2025-04-19', '2025-05-19', FALSE);

INSERT INTO bookclubs (clubid, name, description) VALUES (297, 'Book Club 47', 'This is the description for Book Club 47.');
INSERT INTO bookclub_creators (clubid, userid) VALUES (297, 185);
INSERT INTO bookclub_members (clubid, userid) VALUES (297, 132);
INSERT INTO bookclub_members (clubid, userid) VALUES (297, 391);
INSERT INTO bookclub_members (clubid, userid) VALUES (297, 301);
INSERT INTO bookclub_members (clubid, userid) VALUES (297, 18);
INSERT INTO bookclub_members (clubid, userid) VALUES (297, 344);
INSERT INTO bookclub_members (clubid, userid) VALUES (297, 185);
INSERT INTO bookclub_members (clubid, userid) VALUES (297, 61);
INSERT INTO bookclub_reads (clubid, bookid, start_date, end_date, is_current) VALUES (297, 94, '2025-06-28', '2025-07-28', TRUE);
INSERT INTO bookclub_reads (clubid, bookid, start_date, end_date, is_current) VALUES (297, 827, '2025-06-24', '2025-08-21', TRUE);
INSERT INTO bookclub_reads (clubid, bookid, start_date, end_date, is_current) VALUES (297, 880, '2025-02-10', '2025-03-12', FALSE);
INSERT INTO bookclub_reads (clubid, bookid, start_date, end_date, is_current) VALUES (297, 493, '2025-03-20', '2025-04-19', FALSE);
INSERT INTO bookclub_reads (clubid, bookid, start_date, end_date, is_current) VALUES (297, 182, '2025-03-13', '2025-04-12', FALSE);
INSERT INTO bookclub_reads (clubid, bookid, start_date, end_date, is_current) VALUES (297, 403, '2025-01-21', '2025-02-20', FALSE);
INSERT INTO bookclub_reads (clubid, bookid, start_date, end_date, is_current) VALUES (297, 890, '2025-04-26', '2025-05-26', FALSE);
INSERT INTO bookclub_reads (clubid, bookid, start_date, end_date, is_current) VALUES (297, 416, '2025-05-23', '2025-06-22', FALSE);
INSERT INTO bookclub_reads (clubid, bookid, start_date, end_date, is_current) VALUES (297, 100, '2025-04-14', '2025-05-14', FALSE);

INSERT INTO bookclubs (clubid, name, description) VALUES (298, 'Book Club 48', 'This is the description for Book Club 48.');
INSERT INTO bookclub_creators (clubid, userid) VALUES (298, 199);
INSERT INTO bookclub_members (clubid, userid) VALUES (298, 129);
INSERT INTO bookclub_members (clubid, userid) VALUES (298, 261);
INSERT INTO bookclub_members (clubid, userid) VALUES (298, 398);
INSERT INTO bookclub_members (clubid, userid) VALUES (298, 15);
INSERT INTO bookclub_members (clubid, userid) VALUES (298, 286);
INSERT INTO bookclub_members (clubid, userid) VALUES (298, 417);
INSERT INTO bookclub_members (clubid, userid) VALUES (298, 34);
INSERT INTO bookclub_members (clubid, userid) VALUES (298, 172);
INSERT INTO bookclub_members (clubid, userid) VALUES (298, 432);
INSERT INTO bookclub_members (clubid, userid) VALUES (298, 304);
INSERT INTO bookclub_members (clubid, userid) VALUES (298, 191);
INSERT INTO bookclub_members (clubid, userid) VALUES (298, 320);
INSERT INTO bookclub_members (clubid, userid) VALUES (298, 199);
INSERT INTO bookclub_members (clubid, userid) VALUES (298, 202);
INSERT INTO bookclub_members (clubid, userid) VALUES (298, 207);
INSERT INTO bookclub_members (clubid, userid) VALUES (298, 346);
INSERT INTO bookclub_members (clubid, userid) VALUES (298, 99);
INSERT INTO bookclub_members (clubid, userid) VALUES (298, 363);
INSERT INTO bookclub_members (clubid, userid) VALUES (298, 370);
INSERT INTO bookclub_members (clubid, userid) VALUES (298, 117);
INSERT INTO bookclub_reads (clubid, bookid, start_date, end_date, is_current) VALUES (298, 681, '2025-06-29', '2025-07-30', TRUE);
INSERT INTO bookclub_reads (clubid, bookid, start_date, end_date, is_current) VALUES (298, 1005, '2025-03-18', '2025-04-17', FALSE);
INSERT INTO bookclub_reads (clubid, bookid, start_date, end_date, is_current) VALUES (298, 355, '2025-04-20', '2025-05-20', FALSE);
INSERT INTO bookclub_reads (clubid, bookid, start_date, end_date, is_current) VALUES (298, 663, '2025-01-12', '2025-02-11', FALSE);
INSERT INTO bookclub_reads (clubid, bookid, start_date, end_date, is_current) VALUES (298, 434, '2024-12-23', '2025-01-22', FALSE);
INSERT INTO bookclub_reads (clubid, bookid, start_date, end_date, is_current) VALUES (298, 570, '2024-12-15', '2025-01-14', FALSE);
INSERT INTO bookclub_reads (clubid, bookid, start_date, end_date, is_current) VALUES (298, 63, '2024-12-22', '2025-01-21', FALSE);
INSERT INTO bookclub_reads (clubid, bookid, start_date, end_date, is_current) VALUES (298, 965, '2025-01-05', '2025-02-04', FALSE);
INSERT INTO bookclub_reads (clubid, bookid, start_date, end_date, is_current) VALUES (298, 872, '2024-12-22', '2025-01-21', FALSE);
INSERT INTO bookclub_reads (clubid, bookid, start_date, end_date, is_current) VALUES (298, 12, '2025-01-09', '2025-02-08', FALSE);

INSERT INTO bookclubs (clubid, name, description) VALUES (299, 'Book Club 49', 'This is the description for Book Club 49.');
INSERT INTO bookclub_creators (clubid, userid) VALUES (299, 301);
INSERT INTO bookclub_members (clubid, userid) VALUES (299, 32);
INSERT INTO bookclub_members (clubid, userid) VALUES (299, 162);
INSERT INTO bookclub_members (clubid, userid) VALUES (299, 387);
INSERT INTO bookclub_members (clubid, userid) VALUES (299, 301);
INSERT INTO bookclub_members (clubid, userid) VALUES (299, 432);
INSERT INTO bookclub_members (clubid, userid) VALUES (299, 177);
INSERT INTO bookclub_members (clubid, userid) VALUES (299, 305);
INSERT INTO bookclub_members (clubid, userid) VALUES (299, 212);
INSERT INTO bookclub_members (clubid, userid) VALUES (299, 55);
INSERT INTO bookclub_members (clubid, userid) VALUES (299, 216);
INSERT INTO bookclub_members (clubid, userid) VALUES (299, 218);
INSERT INTO bookclub_members (clubid, userid) VALUES (299, 159);
INSERT INTO bookclub_reads (clubid, bookid, start_date, end_date, is_current) VALUES (299, 131, '2025-07-02', '2025-08-15', TRUE);
INSERT INTO bookclub_reads (clubid, bookid, start_date, end_date, is_current) VALUES (299, 278, '2025-06-28', '2025-07-23', TRUE);
INSERT INTO bookclub_reads (clubid, bookid, start_date, end_date, is_current) VALUES (299, 10, '2025-06-08', '2025-08-21', TRUE);
INSERT INTO bookclub_reads (clubid, bookid, start_date, end_date, is_current) VALUES (299, 842, '2025-05-20', '2025-06-19', FALSE);
INSERT INTO bookclub_reads (clubid, bookid, start_date, end_date, is_current) VALUES (299, 133, '2025-06-06', '2025-07-06', FALSE);
INSERT INTO bookclub_reads (clubid, bookid, start_date, end_date, is_current) VALUES (299, 171, '2025-06-06', '2025-07-06', FALSE);
INSERT INTO bookclub_reads (clubid, bookid, start_date, end_date, is_current) VALUES (299, 998, '2025-02-22', '2025-03-24', FALSE);
INSERT INTO bookclub_reads (clubid, bookid, start_date, end_date, is_current) VALUES (299, 667, '2025-01-10', '2025-02-09', FALSE);
INSERT INTO bookclub_reads (clubid, bookid, start_date, end_date, is_current) VALUES (299, 106, '2025-05-17', '2025-06-16', FALSE);
INSERT INTO bookclub_reads (clubid, bookid, start_date, end_date, is_current) VALUES (299, 477, '2025-01-17', '2025-02-16', FALSE);
INSERT INTO bookclub_reads (clubid, bookid, start_date, end_date, is_current) VALUES (299, 22, '2025-03-18', '2025-04-17', FALSE);
INSERT INTO bookclub_reads (clubid, bookid, start_date, end_date, is_current) VALUES (299, 295, '2025-05-22', '2025-06-21', FALSE);
INSERT INTO bookclub_reads (clubid, bookid, start_date, end_date, is_current) VALUES (299, 698, '2025-03-15', '2025-04-14', FALSE);

INSERT INTO bookclubs (clubid, name, description) VALUES (300, 'Book Club 50', 'This is the description for Book Club 50.');
INSERT INTO bookclub_creators (clubid, userid) VALUES (300, 210);
INSERT INTO bookclub_members (clubid, userid) VALUES (300, 129);
INSERT INTO bookclub_members (clubid, userid) VALUES (300, 391);
INSERT INTO bookclub_members (clubid, userid) VALUES (300, 74);
INSERT INTO bookclub_members (clubid, userid) VALUES (300, 394);
INSERT INTO bookclub_members (clubid, userid) VALUES (300, 314);
INSERT INTO bookclub_members (clubid, userid) VALUES (300, 431);
INSERT INTO bookclub_members (clubid, userid) VALUES (300, 210);
INSERT INTO bookclub_members (clubid, userid) VALUES (300, 179);
INSERT INTO bookclub_members (clubid, userid) VALUES (300, 278);
INSERT INTO bookclub_members (clubid, userid) VALUES (300, 189);
INSERT INTO bookclub_members (clubid, userid) VALUES (300, 58);
INSERT INTO bookclub_members (clubid, userid) VALUES (300, 27);
INSERT INTO bookclub_members (clubid, userid) VALUES (300, 221);
INSERT INTO bookclub_members (clubid, userid) VALUES (300, 158);
INSERT INTO bookclub_reads (clubid, bookid, start_date, end_date, is_current) VALUES (300, 58, '2025-07-03', '2025-08-10', TRUE);
INSERT INTO bookclub_reads (clubid, bookid, start_date, end_date, is_current) VALUES (300, 80, '2025-03-08', '2025-04-07', FALSE);
INSERT INTO bookclub_reads (clubid, bookid, start_date, end_date, is_current) VALUES (300, 639, '2025-03-26', '2025-04-25', FALSE);
INSERT INTO bookclub_reads (clubid, bookid, start_date, end_date, is_current) VALUES (300, 292, '2025-01-17', '2025-02-16', FALSE);
INSERT INTO bookclub_reads (clubid, bookid, start_date, end_date, is_current) VALUES (300, 570, '2025-03-18', '2025-04-17', FALSE);
INSERT INTO bookclub_reads (clubid, bookid, start_date, end_date, is_current) VALUES (300, 980, '2025-03-22', '2025-04-21', FALSE);
INSERT INTO bookclub_reads (clubid, bookid, start_date, end_date, is_current) VALUES (300, 933, '2025-02-10', '2025-03-12', FALSE);
INSERT INTO bookclub_reads (clubid, bookid, start_date, end_date, is_current) VALUES (300, 77, '2025-04-20', '2025-05-20', FALSE);
INSERT INTO bookclub_reads (clubid, bookid, start_date, end_date, is_current) VALUES (300, 410, '2025-05-09', '2025-06-08', FALSE);
INSERT INTO bookclub_reads (clubid, bookid, start_date, end_date, is_current) VALUES (300, 59, '2025-02-24', '2025-03-26', FALSE);

INSERT INTO bookclubs (clubid, name, description) VALUES (301, 'Book Club 51', 'This is the description for Book Club 51.');
INSERT INTO bookclub_creators (clubid, userid) VALUES (301, 264);
INSERT INTO bookclub_members (clubid, userid) VALUES (301, 322);
INSERT INTO bookclub_members (clubid, userid) VALUES (301, 39);
INSERT INTO bookclub_members (clubid, userid) VALUES (301, 264);
INSERT INTO bookclub_members (clubid, userid) VALUES (301, 265);
INSERT INTO bookclub_members (clubid, userid) VALUES (301, 170);
INSERT INTO bookclub_members (clubid, userid) VALUES (301, 9);
INSERT INTO bookclub_members (clubid, userid) VALUES (301, 144);
INSERT INTO bookclub_members (clubid, userid) VALUES (301, 307);
INSERT INTO bookclub_members (clubid, userid) VALUES (301, 179);
INSERT INTO bookclub_members (clubid, userid) VALUES (301, 182);
INSERT INTO bookclub_members (clubid, userid) VALUES (301, 27);
INSERT INTO bookclub_members (clubid, userid) VALUES (301, 62);
INSERT INTO bookclub_reads (clubid, bookid, start_date, end_date, is_current) VALUES (301, 1078, '2025-06-18', '2025-08-14', TRUE);
INSERT INTO bookclub_reads (clubid, bookid, start_date, end_date, is_current) VALUES (301, 66, '2025-03-30', '2025-04-29', FALSE);
INSERT INTO bookclub_reads (clubid, bookid, start_date, end_date, is_current) VALUES (301, 138, '2025-04-15', '2025-05-15', FALSE);
INSERT INTO bookclub_reads (clubid, bookid, start_date, end_date, is_current) VALUES (301, 92, '2025-04-19', '2025-05-19', FALSE);
INSERT INTO bookclub_reads (clubid, bookid, start_date, end_date, is_current) VALUES (301, 249, '2025-01-16', '2025-02-15', FALSE);
INSERT INTO bookclub_reads (clubid, bookid, start_date, end_date, is_current) VALUES (301, 871, '2025-01-23', '2025-02-22', FALSE);
INSERT INTO bookclub_reads (clubid, bookid, start_date, end_date, is_current) VALUES (301, 51, '2025-05-19', '2025-06-18', FALSE);
INSERT INTO bookclub_reads (clubid, bookid, start_date, end_date, is_current) VALUES (301, 670, '2025-04-22', '2025-05-22', FALSE);

INSERT INTO bookclubs (clubid, name, description) VALUES (302, 'Book Club 52', 'This is the description for Book Club 52.');
INSERT INTO bookclub_creators (clubid, userid) VALUES (302, 1);
INSERT INTO bookclub_members (clubid, userid) VALUES (302, 1);
INSERT INTO bookclub_members (clubid, userid) VALUES (302, 294);
INSERT INTO bookclub_members (clubid, userid) VALUES (302, 48);
INSERT INTO bookclub_members (clubid, userid) VALUES (302, 272);
INSERT INTO bookclub_members (clubid, userid) VALUES (302, 16);
INSERT INTO bookclub_members (clubid, userid) VALUES (302, 117);
INSERT INTO bookclub_members (clubid, userid) VALUES (302, 120);
INSERT INTO bookclub_members (clubid, userid) VALUES (302, 284);
INSERT INTO bookclub_reads (clubid, bookid, start_date, end_date, is_current) VALUES (302, 69, '2025-06-15', '2025-08-06', TRUE);
INSERT INTO bookclub_reads (clubid, bookid, start_date, end_date, is_current) VALUES (302, 91, '2024-12-13', '2025-01-12', FALSE);
INSERT INTO bookclub_reads (clubid, bookid, start_date, end_date, is_current) VALUES (302, 355, '2025-05-25', '2025-06-24', FALSE);
INSERT INTO bookclub_reads (clubid, bookid, start_date, end_date, is_current) VALUES (302, 868, '2025-01-08', '2025-02-07', FALSE);
INSERT INTO bookclub_reads (clubid, bookid, start_date, end_date, is_current) VALUES (302, 900, '2024-12-16', '2025-01-15', FALSE);
INSERT INTO bookclub_reads (clubid, bookid, start_date, end_date, is_current) VALUES (302, 171, '2025-02-12', '2025-03-14', FALSE);
INSERT INTO bookclub_reads (clubid, bookid, start_date, end_date, is_current) VALUES (302, 130, '2025-05-16', '2025-06-15', FALSE);
INSERT INTO bookclub_reads (clubid, bookid, start_date, end_date, is_current) VALUES (302, 413, '2025-05-05', '2025-06-04', FALSE);
INSERT INTO bookclub_reads (clubid, bookid, start_date, end_date, is_current) VALUES (302, 1053, '2025-04-01', '2025-05-01', FALSE);
INSERT INTO bookclub_reads (clubid, bookid, start_date, end_date, is_current) VALUES (302, 147, '2025-01-27', '2025-02-26', FALSE);
INSERT INTO bookclub_reads (clubid, bookid, start_date, end_date, is_current) VALUES (302, 98, '2025-02-28', '2025-03-30', FALSE);
INSERT INTO bookclub_reads (clubid, bookid, start_date, end_date, is_current) VALUES (302, 656, '2025-04-11', '2025-05-11', FALSE);
INSERT INTO bookclub_reads (clubid, bookid, start_date, end_date, is_current) VALUES (302, 481, '2025-03-31', '2025-04-30', FALSE);
INSERT INTO bookclub_reads (clubid, bookid, start_date, end_date, is_current) VALUES (302, 829, '2025-05-24', '2025-06-23', FALSE);
INSERT INTO bookclub_reads (clubid, bookid, start_date, end_date, is_current) VALUES (302, 676, '2024-12-28', '2025-01-27', FALSE);

INSERT INTO bookclubs (clubid, name, description) VALUES (303, 'Book Club 53', 'This is the description for Book Club 53.');
INSERT INTO bookclub_creators (clubid, userid) VALUES (303, 437);
INSERT INTO bookclub_members (clubid, userid) VALUES (303, 421);
INSERT INTO bookclub_members (clubid, userid) VALUES (303, 426);
INSERT INTO bookclub_members (clubid, userid) VALUES (303, 330);
INSERT INTO bookclub_members (clubid, userid) VALUES (303, 303);
INSERT INTO bookclub_members (clubid, userid) VALUES (303, 307);
INSERT INTO bookclub_members (clubid, userid) VALUES (303, 437);
INSERT INTO bookclub_members (clubid, userid) VALUES (303, 444);
INSERT INTO bookclub_reads (clubid, bookid, start_date, end_date, is_current) VALUES (303, 10, '2025-06-27', '2025-08-16', TRUE);
INSERT INTO bookclub_reads (clubid, bookid, start_date, end_date, is_current) VALUES (303, 698, '2025-07-07', '2025-07-30', TRUE);
INSERT INTO bookclub_reads (clubid, bookid, start_date, end_date, is_current) VALUES (303, 66, '2025-06-19', '2025-08-08', TRUE);
INSERT INTO bookclub_reads (clubid, bookid, start_date, end_date, is_current) VALUES (303, 829, '2024-12-16', '2025-01-15', FALSE);
INSERT INTO bookclub_reads (clubid, bookid, start_date, end_date, is_current) VALUES (303, 382, '2025-03-03', '2025-04-02', FALSE);
INSERT INTO bookclub_reads (clubid, bookid, start_date, end_date, is_current) VALUES (303, 250, '2025-02-07', '2025-03-09', FALSE);
INSERT INTO bookclub_reads (clubid, bookid, start_date, end_date, is_current) VALUES (303, 478, '2025-05-04', '2025-06-03', FALSE);
INSERT INTO bookclub_reads (clubid, bookid, start_date, end_date, is_current) VALUES (303, 177, '2025-05-26', '2025-06-25', FALSE);
INSERT INTO bookclub_reads (clubid, bookid, start_date, end_date, is_current) VALUES (303, 253, '2025-05-17', '2025-06-16', FALSE);

INSERT INTO bookclubs (clubid, name, description) VALUES (304, 'Book Club 54', 'This is the description for Book Club 54.');
INSERT INTO bookclub_creators (clubid, userid) VALUES (304, 224);
INSERT INTO bookclub_members (clubid, userid) VALUES (304, 224);
INSERT INTO bookclub_members (clubid, userid) VALUES (304, 418);
INSERT INTO bookclub_members (clubid, userid) VALUES (304, 300);
INSERT INTO bookclub_members (clubid, userid) VALUES (304, 147);
INSERT INTO bookclub_members (clubid, userid) VALUES (304, 213);
INSERT INTO bookclub_members (clubid, userid) VALUES (304, 117);
INSERT INTO bookclub_members (clubid, userid) VALUES (304, 91);
INSERT INTO bookclub_members (clubid, userid) VALUES (304, 412);
INSERT INTO bookclub_reads (clubid, bookid, start_date, end_date, is_current) VALUES (304, 58, '2025-07-03', '2025-08-18', TRUE);
INSERT INTO bookclub_reads (clubid, bookid, start_date, end_date, is_current) VALUES (304, 13, '2025-06-18', '2025-08-06', TRUE);
INSERT INTO bookclub_reads (clubid, bookid, start_date, end_date, is_current) VALUES (304, 132, '2025-01-16', '2025-02-15', FALSE);
INSERT INTO bookclub_reads (clubid, bookid, start_date, end_date, is_current) VALUES (304, 493, '2025-02-14', '2025-03-16', FALSE);
INSERT INTO bookclub_reads (clubid, bookid, start_date, end_date, is_current) VALUES (304, 27, '2025-04-01', '2025-05-01', FALSE);
INSERT INTO bookclub_reads (clubid, bookid, start_date, end_date, is_current) VALUES (304, 872, '2025-03-02', '2025-04-01', FALSE);
INSERT INTO bookclub_reads (clubid, bookid, start_date, end_date, is_current) VALUES (304, 24, '2025-02-19', '2025-03-21', FALSE);

INSERT INTO bookclubs (clubid, name, description) VALUES (305, 'Book Club 55', 'This is the description for Book Club 55.');
INSERT INTO bookclub_creators (clubid, userid) VALUES (305, 40);
INSERT INTO bookclub_members (clubid, userid) VALUES (305, 65);
INSERT INTO bookclub_members (clubid, userid) VALUES (305, 388);
INSERT INTO bookclub_members (clubid, userid) VALUES (305, 133);
INSERT INTO bookclub_members (clubid, userid) VALUES (305, 72);
INSERT INTO bookclub_members (clubid, userid) VALUES (305, 40);
INSERT INTO bookclub_members (clubid, userid) VALUES (305, 207);
INSERT INTO bookclub_members (clubid, userid) VALUES (305, 400);
INSERT INTO bookclub_members (clubid, userid) VALUES (305, 241);
INSERT INTO bookclub_members (clubid, userid) VALUES (305, 402);
INSERT INTO bookclub_members (clubid, userid) VALUES (305, 271);
INSERT INTO bookclub_members (clubid, userid) VALUES (305, 186);
INSERT INTO bookclub_reads (clubid, bookid, start_date, end_date, is_current) VALUES (305, 21, '2025-06-11', '2025-08-06', TRUE);
INSERT INTO bookclub_reads (clubid, bookid, start_date, end_date, is_current) VALUES (305, 672, '2025-03-28', '2025-04-27', FALSE);
INSERT INTO bookclub_reads (clubid, bookid, start_date, end_date, is_current) VALUES (305, 498, '2025-04-11', '2025-05-11', FALSE);
INSERT INTO bookclub_reads (clubid, bookid, start_date, end_date, is_current) VALUES (305, 944, '2025-05-01', '2025-05-31', FALSE);
INSERT INTO bookclub_reads (clubid, bookid, start_date, end_date, is_current) VALUES (305, 299, '2024-12-13', '2025-01-12', FALSE);
INSERT INTO bookclub_reads (clubid, bookid, start_date, end_date, is_current) VALUES (305, 280, '2025-01-12', '2025-02-11', FALSE);
INSERT INTO bookclub_reads (clubid, bookid, start_date, end_date, is_current) VALUES (305, 76, '2025-01-10', '2025-02-09', FALSE);
INSERT INTO bookclub_reads (clubid, bookid, start_date, end_date, is_current) VALUES (305, 478, '2025-04-22', '2025-05-22', FALSE);
INSERT INTO bookclub_reads (clubid, bookid, start_date, end_date, is_current) VALUES (305, 434, '2025-02-05', '2025-03-07', FALSE);
INSERT INTO bookclub_reads (clubid, bookid, start_date, end_date, is_current) VALUES (305, 960, '2024-12-30', '2025-01-29', FALSE);
INSERT INTO bookclub_reads (clubid, bookid, start_date, end_date, is_current) VALUES (305, 166, '2025-02-18', '2025-03-20', FALSE);
INSERT INTO bookclub_reads (clubid, bookid, start_date, end_date, is_current) VALUES (305, 171, '2025-03-06', '2025-04-05', FALSE);
INSERT INTO bookclub_reads (clubid, bookid, start_date, end_date, is_current) VALUES (305, 119, '2025-01-14', '2025-02-13', FALSE);
INSERT INTO bookclub_reads (clubid, bookid, start_date, end_date, is_current) VALUES (305, 707, '2024-12-23', '2025-01-22', FALSE);
INSERT INTO bookclub_reads (clubid, bookid, start_date, end_date, is_current) VALUES (305, 397, '2025-05-23', '2025-06-22', FALSE);
INSERT INTO bookclub_reads (clubid, bookid, start_date, end_date, is_current) VALUES (305, 703, '2025-04-08', '2025-05-08', FALSE);

INSERT INTO bookclubs (clubid, name, description) VALUES (306, 'Book Club 56', 'This is the description for Book Club 56.');
INSERT INTO bookclub_creators (clubid, userid) VALUES (306, 51);
INSERT INTO bookclub_members (clubid, userid) VALUES (306, 99);
INSERT INTO bookclub_members (clubid, userid) VALUES (306, 264);
INSERT INTO bookclub_members (clubid, userid) VALUES (306, 138);
INSERT INTO bookclub_members (clubid, userid) VALUES (306, 302);
INSERT INTO bookclub_members (clubid, userid) VALUES (306, 402);
INSERT INTO bookclub_members (clubid, userid) VALUES (306, 211);
INSERT INTO bookclub_members (clubid, userid) VALUES (306, 436);
INSERT INTO bookclub_members (clubid, userid) VALUES (306, 213);
INSERT INTO bookclub_members (clubid, userid) VALUES (306, 51);
INSERT INTO bookclub_members (clubid, userid) VALUES (306, 153);
INSERT INTO bookclub_members (clubid, userid) VALUES (306, 411);
INSERT INTO bookclub_members (clubid, userid) VALUES (306, 29);
INSERT INTO bookclub_members (clubid, userid) VALUES (306, 414);
INSERT INTO bookclub_members (clubid, userid) VALUES (306, 57);
INSERT INTO bookclub_reads (clubid, bookid, start_date, end_date, is_current) VALUES (306, 466, '2025-06-08', '2025-08-15', TRUE);
INSERT INTO bookclub_reads (clubid, bookid, start_date, end_date, is_current) VALUES (306, 86, '2025-01-18', '2025-02-17', FALSE);
INSERT INTO bookclub_reads (clubid, bookid, start_date, end_date, is_current) VALUES (306, 54, '2025-01-15', '2025-02-14', FALSE);
INSERT INTO bookclub_reads (clubid, bookid, start_date, end_date, is_current) VALUES (306, 498, '2025-03-08', '2025-04-07', FALSE);
INSERT INTO bookclub_reads (clubid, bookid, start_date, end_date, is_current) VALUES (306, 941, '2025-02-02', '2025-03-04', FALSE);
INSERT INTO bookclub_reads (clubid, bookid, start_date, end_date, is_current) VALUES (306, 138, '2025-02-24', '2025-03-26', FALSE);
INSERT INTO bookclub_reads (clubid, bookid, start_date, end_date, is_current) VALUES (306, 435, '2025-02-17', '2025-03-19', FALSE);
INSERT INTO bookclub_reads (clubid, bookid, start_date, end_date, is_current) VALUES (306, 422, '2025-03-09', '2025-04-08', FALSE);
INSERT INTO bookclub_reads (clubid, bookid, start_date, end_date, is_current) VALUES (306, 848, '2025-04-15', '2025-05-15', FALSE);

INSERT INTO bookclubs (clubid, name, description) VALUES (307, 'Book Club 57', 'This is the description for Book Club 57.');
INSERT INTO bookclub_creators (clubid, userid) VALUES (307, 308);
INSERT INTO bookclub_members (clubid, userid) VALUES (307, 39);
INSERT INTO bookclub_members (clubid, userid) VALUES (307, 264);
INSERT INTO bookclub_members (clubid, userid) VALUES (307, 73);
INSERT INTO bookclub_members (clubid, userid) VALUES (307, 403);
INSERT INTO bookclub_members (clubid, userid) VALUES (307, 308);
INSERT INTO bookclub_members (clubid, userid) VALUES (307, 86);
INSERT INTO bookclub_reads (clubid, bookid, start_date, end_date, is_current) VALUES (307, 431, '2025-06-25', '2025-07-27', TRUE);
INSERT INTO bookclub_reads (clubid, bookid, start_date, end_date, is_current) VALUES (307, 16, '2025-07-01', '2025-08-13', TRUE);
INSERT INTO bookclub_reads (clubid, bookid, start_date, end_date, is_current) VALUES (307, 698, '2025-05-10', '2025-06-09', FALSE);
INSERT INTO bookclub_reads (clubid, bookid, start_date, end_date, is_current) VALUES (307, 86, '2025-02-05', '2025-03-07', FALSE);
INSERT INTO bookclub_reads (clubid, bookid, start_date, end_date, is_current) VALUES (307, 960, '2025-03-06', '2025-04-05', FALSE);
INSERT INTO bookclub_reads (clubid, bookid, start_date, end_date, is_current) VALUES (307, 356, '2025-05-19', '2025-06-18', FALSE);
INSERT INTO bookclub_reads (clubid, bookid, start_date, end_date, is_current) VALUES (307, 354, '2025-03-07', '2025-04-06', FALSE);
INSERT INTO bookclub_reads (clubid, bookid, start_date, end_date, is_current) VALUES (307, 935, '2025-01-16', '2025-02-15', FALSE);
INSERT INTO bookclub_reads (clubid, bookid, start_date, end_date, is_current) VALUES (307, 359, '2025-03-17', '2025-04-16', FALSE);
INSERT INTO bookclub_reads (clubid, bookid, start_date, end_date, is_current) VALUES (307, 903, '2025-06-07', '2025-07-07', FALSE);
INSERT INTO bookclub_reads (clubid, bookid, start_date, end_date, is_current) VALUES (307, 834, '2025-01-02', '2025-02-01', FALSE);
INSERT INTO bookclub_reads (clubid, bookid, start_date, end_date, is_current) VALUES (307, 771, '2025-04-14', '2025-05-14', FALSE);
INSERT INTO bookclub_reads (clubid, bookid, start_date, end_date, is_current) VALUES (307, 55, '2025-02-14', '2025-03-16', FALSE);
INSERT INTO bookclub_reads (clubid, bookid, start_date, end_date, is_current) VALUES (307, 247, '2024-12-14', '2025-01-13', FALSE);
INSERT INTO bookclub_reads (clubid, bookid, start_date, end_date, is_current) VALUES (307, 2, '2024-12-12', '2025-01-11', FALSE);
INSERT INTO bookclub_reads (clubid, bookid, start_date, end_date, is_current) VALUES (307, 827, '2025-05-01', '2025-05-31', FALSE);
INSERT INTO bookclub_reads (clubid, bookid, start_date, end_date, is_current) VALUES (307, 475, '2025-03-31', '2025-04-30', FALSE);

INSERT INTO bookclubs (clubid, name, description) VALUES (308, 'Book Club 58', 'This is the description for Book Club 58.');
INSERT INTO bookclub_creators (clubid, userid) VALUES (308, 238);
INSERT INTO bookclub_members (clubid, userid) VALUES (308, 387);
INSERT INTO bookclub_members (clubid, userid) VALUES (308, 292);
INSERT INTO bookclub_members (clubid, userid) VALUES (308, 391);
INSERT INTO bookclub_members (clubid, userid) VALUES (308, 138);
INSERT INTO bookclub_members (clubid, userid) VALUES (308, 238);
INSERT INTO bookclub_members (clubid, userid) VALUES (308, 113);
INSERT INTO bookclub_members (clubid, userid) VALUES (308, 18);
INSERT INTO bookclub_members (clubid, userid) VALUES (308, 30);
INSERT INTO bookclub_reads (clubid, bookid, start_date, end_date, is_current) VALUES (308, 85, '2025-06-11', '2025-08-15', TRUE);
INSERT INTO bookclub_reads (clubid, bookid, start_date, end_date, is_current) VALUES (308, 21, '2025-06-14', '2025-08-01', TRUE);
INSERT INTO bookclub_reads (clubid, bookid, start_date, end_date, is_current) VALUES (308, 407, '2025-03-10', '2025-04-09', FALSE);
INSERT INTO bookclub_reads (clubid, bookid, start_date, end_date, is_current) VALUES (308, 481, '2025-05-19', '2025-06-18', FALSE);
INSERT INTO bookclub_reads (clubid, bookid, start_date, end_date, is_current) VALUES (308, 968, '2024-12-28', '2025-01-27', FALSE);
INSERT INTO bookclub_reads (clubid, bookid, start_date, end_date, is_current) VALUES (308, 245, '2025-01-01', '2025-01-31', FALSE);
INSERT INTO bookclub_reads (clubid, bookid, start_date, end_date, is_current) VALUES (308, 933, '2024-12-24', '2025-01-23', FALSE);
INSERT INTO bookclub_reads (clubid, bookid, start_date, end_date, is_current) VALUES (308, 63, '2025-03-28', '2025-04-27', FALSE);
INSERT INTO bookclub_reads (clubid, bookid, start_date, end_date, is_current) VALUES (308, 977, '2025-03-03', '2025-04-02', FALSE);
INSERT INTO bookclub_reads (clubid, bookid, start_date, end_date, is_current) VALUES (308, 576, '2024-12-11', '2025-01-10', FALSE);
INSERT INTO bookclub_reads (clubid, bookid, start_date, end_date, is_current) VALUES (308, 141, '2025-03-29', '2025-04-28', FALSE);

INSERT INTO bookclubs (clubid, name, description) VALUES (309, 'Book Club 59', 'This is the description for Book Club 59.');
INSERT INTO bookclub_creators (clubid, userid) VALUES (309, 332);
INSERT INTO bookclub_members (clubid, userid) VALUES (309, 384);
INSERT INTO bookclub_members (clubid, userid) VALUES (309, 256);
INSERT INTO bookclub_members (clubid, userid) VALUES (309, 154);
INSERT INTO bookclub_members (clubid, userid) VALUES (309, 32);
INSERT INTO bookclub_members (clubid, userid) VALUES (309, 160);
INSERT INTO bookclub_members (clubid, userid) VALUES (309, 35);
INSERT INTO bookclub_members (clubid, userid) VALUES (309, 435);
INSERT INTO bookclub_members (clubid, userid) VALUES (309, 439);
INSERT INTO bookclub_members (clubid, userid) VALUES (309, 316);
INSERT INTO bookclub_members (clubid, userid) VALUES (309, 445);
INSERT INTO bookclub_members (clubid, userid) VALUES (309, 72);
INSERT INTO bookclub_members (clubid, userid) VALUES (309, 332);
INSERT INTO bookclub_members (clubid, userid) VALUES (309, 88);
INSERT INTO bookclub_members (clubid, userid) VALUES (309, 228);
INSERT INTO bookclub_members (clubid, userid) VALUES (309, 102);
INSERT INTO bookclub_members (clubid, userid) VALUES (309, 110);
INSERT INTO bookclub_members (clubid, userid) VALUES (309, 117);
INSERT INTO bookclub_members (clubid, userid) VALUES (309, 373);
INSERT INTO bookclub_members (clubid, userid) VALUES (309, 379);
INSERT INTO bookclub_reads (clubid, bookid, start_date, end_date, is_current) VALUES (309, 955, '2025-06-11', '2025-07-27', TRUE);
INSERT INTO bookclub_reads (clubid, bookid, start_date, end_date, is_current) VALUES (309, 446, '2025-06-15', '2025-08-10', TRUE);
INSERT INTO bookclub_reads (clubid, bookid, start_date, end_date, is_current) VALUES (309, 99, '2025-06-08', '2025-08-13', TRUE);
INSERT INTO bookclub_reads (clubid, bookid, start_date, end_date, is_current) VALUES (309, 132, '2025-03-18', '2025-04-17', FALSE);
INSERT INTO bookclub_reads (clubid, bookid, start_date, end_date, is_current) VALUES (309, 1097, '2025-04-30', '2025-05-30', FALSE);
INSERT INTO bookclub_reads (clubid, bookid, start_date, end_date, is_current) VALUES (309, 1007, '2025-01-08', '2025-02-07', FALSE);
INSERT INTO bookclub_reads (clubid, bookid, start_date, end_date, is_current) VALUES (309, 230, '2025-01-29', '2025-02-28', FALSE);
INSERT INTO bookclub_reads (clubid, bookid, start_date, end_date, is_current) VALUES (309, 159, '2025-01-25', '2025-02-24', FALSE);
INSERT INTO bookclub_reads (clubid, bookid, start_date, end_date, is_current) VALUES (309, 669, '2025-05-11', '2025-06-10', FALSE);
INSERT INTO bookclub_reads (clubid, bookid, start_date, end_date, is_current) VALUES (309, 55, '2025-06-06', '2025-07-06', FALSE);
INSERT INTO bookclub_reads (clubid, bookid, start_date, end_date, is_current) VALUES (309, 57, '2024-12-12', '2025-01-11', FALSE);
INSERT INTO bookclub_reads (clubid, bookid, start_date, end_date, is_current) VALUES (309, 382, '2025-01-19', '2025-02-18', FALSE);
INSERT INTO bookclub_reads (clubid, bookid, start_date, end_date, is_current) VALUES (309, 944, '2025-02-24', '2025-03-26', FALSE);
INSERT INTO bookclub_reads (clubid, bookid, start_date, end_date, is_current) VALUES (309, 264, '2025-02-20', '2025-03-22', FALSE);
INSERT INTO bookclub_reads (clubid, bookid, start_date, end_date, is_current) VALUES (309, 119, '2025-03-06', '2025-04-05', FALSE);
INSERT INTO bookclub_reads (clubid, bookid, start_date, end_date, is_current) VALUES (309, 848, '2025-04-22', '2025-05-22', FALSE);

INSERT INTO bookclubs (clubid, name, description) VALUES (310, 'Book Club 60', 'This is the description for Book Club 60.');
INSERT INTO bookclub_creators (clubid, userid) VALUES (310, 97);
INSERT INTO bookclub_members (clubid, userid) VALUES (310, 97);
INSERT INTO bookclub_members (clubid, userid) VALUES (310, 355);
INSERT INTO bookclub_members (clubid, userid) VALUES (310, 422);
INSERT INTO bookclub_members (clubid, userid) VALUES (310, 330);
INSERT INTO bookclub_members (clubid, userid) VALUES (310, 272);
INSERT INTO bookclub_members (clubid, userid) VALUES (310, 274);
INSERT INTO bookclub_members (clubid, userid) VALUES (310, 372);
INSERT INTO bookclub_members (clubid, userid) VALUES (310, 340);
INSERT INTO bookclub_members (clubid, userid) VALUES (310, 312);
INSERT INTO bookclub_members (clubid, userid) VALUES (310, 122);
INSERT INTO bookclub_members (clubid, userid) VALUES (310, 379);
INSERT INTO bookclub_members (clubid, userid) VALUES (310, 316);
INSERT INTO bookclub_members (clubid, userid) VALUES (310, 255);
INSERT INTO bookclub_reads (clubid, bookid, start_date, end_date, is_current) VALUES (310, 493, '2025-06-11', '2025-08-04', TRUE);
INSERT INTO bookclub_reads (clubid, bookid, start_date, end_date, is_current) VALUES (310, 515, '2025-06-10', '2025-07-28', TRUE);
INSERT INTO bookclub_reads (clubid, bookid, start_date, end_date, is_current) VALUES (310, 237, '2025-06-15', '2025-08-08', TRUE);
INSERT INTO bookclub_reads (clubid, bookid, start_date, end_date, is_current) VALUES (310, 403, '2025-04-15', '2025-05-15', FALSE);
INSERT INTO bookclub_reads (clubid, bookid, start_date, end_date, is_current) VALUES (310, 302, '2025-04-09', '2025-05-09', FALSE);
INSERT INTO bookclub_reads (clubid, bookid, start_date, end_date, is_current) VALUES (310, 337, '2025-04-09', '2025-05-09', FALSE);
INSERT INTO bookclub_reads (clubid, bookid, start_date, end_date, is_current) VALUES (310, 29, '2025-02-10', '2025-03-12', FALSE);
INSERT INTO bookclub_reads (clubid, bookid, start_date, end_date, is_current) VALUES (310, 297, '2025-03-24', '2025-04-23', FALSE);
INSERT INTO bookclub_reads (clubid, bookid, start_date, end_date, is_current) VALUES (310, 80, '2025-04-08', '2025-05-08', FALSE);

INSERT INTO bookclubs (clubid, name, description) VALUES (311, 'Book Club 61', 'This is the description for Book Club 61.');
INSERT INTO bookclub_creators (clubid, userid) VALUES (311, 133);
INSERT INTO bookclub_members (clubid, userid) VALUES (311, 224);
INSERT INTO bookclub_members (clubid, userid) VALUES (311, 355);
INSERT INTO bookclub_members (clubid, userid) VALUES (311, 228);
INSERT INTO bookclub_members (clubid, userid) VALUES (311, 133);
INSERT INTO bookclub_members (clubid, userid) VALUES (311, 230);
INSERT INTO bookclub_members (clubid, userid) VALUES (311, 135);
INSERT INTO bookclub_members (clubid, userid) VALUES (311, 264);
INSERT INTO bookclub_members (clubid, userid) VALUES (311, 201);
INSERT INTO bookclub_members (clubid, userid) VALUES (311, 138);
INSERT INTO bookclub_members (clubid, userid) VALUES (311, 424);
INSERT INTO bookclub_members (clubid, userid) VALUES (311, 9);
INSERT INTO bookclub_members (clubid, userid) VALUES (311, 365);
INSERT INTO bookclub_members (clubid, userid) VALUES (311, 47);
INSERT INTO bookclub_members (clubid, userid) VALUES (311, 114);
INSERT INTO bookclub_members (clubid, userid) VALUES (311, 311);
INSERT INTO bookclub_members (clubid, userid) VALUES (311, 413);
INSERT INTO bookclub_reads (clubid, bookid, start_date, end_date, is_current) VALUES (311, 377, '2025-06-15', '2025-08-03', TRUE);
INSERT INTO bookclub_reads (clubid, bookid, start_date, end_date, is_current) VALUES (311, 133, '2025-06-20', '2025-08-22', TRUE);
INSERT INTO bookclub_reads (clubid, bookid, start_date, end_date, is_current) VALUES (311, 931, '2025-07-05', '2025-08-02', TRUE);
INSERT INTO bookclub_reads (clubid, bookid, start_date, end_date, is_current) VALUES (311, 295, '2025-03-02', '2025-04-01', FALSE);
INSERT INTO bookclub_reads (clubid, bookid, start_date, end_date, is_current) VALUES (311, 968, '2025-03-04', '2025-04-03', FALSE);
INSERT INTO bookclub_reads (clubid, bookid, start_date, end_date, is_current) VALUES (311, 1052, '2025-01-04', '2025-02-03', FALSE);
INSERT INTO bookclub_reads (clubid, bookid, start_date, end_date, is_current) VALUES (311, 385, '2025-02-28', '2025-03-30', FALSE);
INSERT INTO bookclub_reads (clubid, bookid, start_date, end_date, is_current) VALUES (311, 313, '2025-05-12', '2025-06-11', FALSE);
INSERT INTO bookclub_reads (clubid, bookid, start_date, end_date, is_current) VALUES (311, 1073, '2025-06-06', '2025-07-06', FALSE);

INSERT INTO bookclubs (clubid, name, description) VALUES (312, 'Book Club 62', 'This is the description for Book Club 62.');
INSERT INTO bookclub_creators (clubid, userid) VALUES (312, 366);
INSERT INTO bookclub_members (clubid, userid) VALUES (312, 288);
INSERT INTO bookclub_members (clubid, userid) VALUES (312, 129);
INSERT INTO bookclub_members (clubid, userid) VALUES (312, 424);
INSERT INTO bookclub_members (clubid, userid) VALUES (312, 266);
INSERT INTO bookclub_members (clubid, userid) VALUES (312, 366);
INSERT INTO bookclub_members (clubid, userid) VALUES (312, 19);
INSERT INTO bookclub_members (clubid, userid) VALUES (312, 405);
INSERT INTO bookclub_members (clubid, userid) VALUES (312, 374);
INSERT INTO bookclub_members (clubid, userid) VALUES (312, 30);
INSERT INTO bookclub_members (clubid, userid) VALUES (312, 214);
INSERT INTO bookclub_members (clubid, userid) VALUES (312, 346);
INSERT INTO bookclub_members (clubid, userid) VALUES (312, 155);
INSERT INTO bookclub_members (clubid, userid) VALUES (312, 316);
INSERT INTO bookclub_members (clubid, userid) VALUES (312, 222);
INSERT INTO bookclub_members (clubid, userid) VALUES (312, 414);
INSERT INTO bookclub_members (clubid, userid) VALUES (312, 351);
INSERT INTO bookclub_reads (clubid, bookid, start_date, end_date, is_current) VALUES (312, 656, '2025-06-26', '2025-08-05', TRUE);
INSERT INTO bookclub_reads (clubid, bookid, start_date, end_date, is_current) VALUES (312, 821, '2025-03-06', '2025-04-05', FALSE);
INSERT INTO bookclub_reads (clubid, bookid, start_date, end_date, is_current) VALUES (312, 432, '2025-05-31', '2025-06-30', FALSE);
INSERT INTO bookclub_reads (clubid, bookid, start_date, end_date, is_current) VALUES (312, 793, '2025-01-16', '2025-02-15', FALSE);
INSERT INTO bookclub_reads (clubid, bookid, start_date, end_date, is_current) VALUES (312, 2, '2025-02-05', '2025-03-07', FALSE);
INSERT INTO bookclub_reads (clubid, bookid, start_date, end_date, is_current) VALUES (312, 21, '2025-03-19', '2025-04-18', FALSE);
INSERT INTO bookclub_reads (clubid, bookid, start_date, end_date, is_current) VALUES (312, 277, '2025-02-09', '2025-03-11', FALSE);
INSERT INTO bookclub_reads (clubid, bookid, start_date, end_date, is_current) VALUES (312, 230, '2025-05-06', '2025-06-05', FALSE);
INSERT INTO bookclub_reads (clubid, bookid, start_date, end_date, is_current) VALUES (312, 664, '2025-05-07', '2025-06-06', FALSE);
INSERT INTO bookclub_reads (clubid, bookid, start_date, end_date, is_current) VALUES (312, 848, '2024-12-27', '2025-01-26', FALSE);
INSERT INTO bookclub_reads (clubid, bookid, start_date, end_date, is_current) VALUES (312, 12, '2024-12-15', '2025-01-14', FALSE);
INSERT INTO bookclub_reads (clubid, bookid, start_date, end_date, is_current) VALUES (312, 1, '2025-01-12', '2025-02-11', FALSE);
INSERT INTO bookclub_reads (clubid, bookid, start_date, end_date, is_current) VALUES (312, 702, '2024-12-12', '2025-01-11', FALSE);
INSERT INTO bookclub_reads (clubid, bookid, start_date, end_date, is_current) VALUES (312, 444, '2025-01-10', '2025-02-09', FALSE);

INSERT INTO bookclubs (clubid, name, description) VALUES (313, 'Book Club 63', 'This is the description for Book Club 63.');
INSERT INTO bookclub_creators (clubid, userid) VALUES (313, 333);
INSERT INTO bookclub_members (clubid, userid) VALUES (313, 193);
INSERT INTO bookclub_members (clubid, userid) VALUES (313, 109);
INSERT INTO bookclub_members (clubid, userid) VALUES (313, 333);
INSERT INTO bookclub_members (clubid, userid) VALUES (313, 156);
INSERT INTO bookclub_members (clubid, userid) VALUES (313, 23);
INSERT INTO bookclub_members (clubid, userid) VALUES (313, 284);
INSERT INTO bookclub_members (clubid, userid) VALUES (313, 285);
INSERT INTO bookclub_reads (clubid, bookid, start_date, end_date, is_current) VALUES (313, 247, '2025-06-13', '2025-07-30', TRUE);
INSERT INTO bookclub_reads (clubid, bookid, start_date, end_date, is_current) VALUES (313, 122, '2025-06-13', '2025-07-25', TRUE);
INSERT INTO bookclub_reads (clubid, bookid, start_date, end_date, is_current) VALUES (313, 930, '2025-06-30', '2025-08-19', TRUE);
INSERT INTO bookclub_reads (clubid, bookid, start_date, end_date, is_current) VALUES (313, 74, '2025-01-31', '2025-03-02', FALSE);
INSERT INTO bookclub_reads (clubid, bookid, start_date, end_date, is_current) VALUES (313, 107, '2025-02-07', '2025-03-09', FALSE);
INSERT INTO bookclub_reads (clubid, bookid, start_date, end_date, is_current) VALUES (313, 662, '2025-05-20', '2025-06-19', FALSE);
INSERT INTO bookclub_reads (clubid, bookid, start_date, end_date, is_current) VALUES (313, 423, '2025-01-03', '2025-02-02', FALSE);
INSERT INTO bookclub_reads (clubid, bookid, start_date, end_date, is_current) VALUES (313, 537, '2024-12-29', '2025-01-28', FALSE);
INSERT INTO bookclub_reads (clubid, bookid, start_date, end_date, is_current) VALUES (313, 826, '2024-12-29', '2025-01-28', FALSE);
INSERT INTO bookclub_reads (clubid, bookid, start_date, end_date, is_current) VALUES (313, 350, '2025-03-08', '2025-04-07', FALSE);
INSERT INTO bookclub_reads (clubid, bookid, start_date, end_date, is_current) VALUES (313, 377, '2025-03-19', '2025-04-18', FALSE);
INSERT INTO bookclub_reads (clubid, bookid, start_date, end_date, is_current) VALUES (313, 109, '2025-04-01', '2025-05-01', FALSE);
INSERT INTO bookclub_reads (clubid, bookid, start_date, end_date, is_current) VALUES (313, 252, '2025-04-25', '2025-05-25', FALSE);
INSERT INTO bookclub_reads (clubid, bookid, start_date, end_date, is_current) VALUES (313, 367, '2025-01-19', '2025-02-18', FALSE);
INSERT INTO bookclub_reads (clubid, bookid, start_date, end_date, is_current) VALUES (313, 667, '2025-05-11', '2025-06-10', FALSE);
INSERT INTO bookclub_reads (clubid, bookid, start_date, end_date, is_current) VALUES (313, 31, '2025-05-23', '2025-06-22', FALSE);
INSERT INTO bookclub_reads (clubid, bookid, start_date, end_date, is_current) VALUES (313, 765, '2025-04-15', '2025-05-15', FALSE);
INSERT INTO bookclub_reads (clubid, bookid, start_date, end_date, is_current) VALUES (313, 137, '2025-03-10', '2025-04-09', FALSE);

INSERT INTO bookclubs (clubid, name, description) VALUES (314, 'Book Club 64', 'This is the description for Book Club 64.');
INSERT INTO bookclub_creators (clubid, userid) VALUES (314, 417);
INSERT INTO bookclub_members (clubid, userid) VALUES (314, 64);
INSERT INTO bookclub_members (clubid, userid) VALUES (314, 417);
INSERT INTO bookclub_members (clubid, userid) VALUES (314, 7);
INSERT INTO bookclub_members (clubid, userid) VALUES (314, 265);
INSERT INTO bookclub_members (clubid, userid) VALUES (314, 176);
INSERT INTO bookclub_members (clubid, userid) VALUES (314, 401);
INSERT INTO bookclub_members (clubid, userid) VALUES (314, 83);
INSERT INTO bookclub_members (clubid, userid) VALUES (314, 343);
INSERT INTO bookclub_members (clubid, userid) VALUES (314, 185);
INSERT INTO bookclub_members (clubid, userid) VALUES (314, 444);
INSERT INTO bookclub_members (clubid, userid) VALUES (314, 61);
INSERT INTO bookclub_members (clubid, userid) VALUES (314, 319);
INSERT INTO bookclub_reads (clubid, bookid, start_date, end_date, is_current) VALUES (314, 523, '2025-07-03', '2025-08-12', TRUE);
INSERT INTO bookclub_reads (clubid, bookid, start_date, end_date, is_current) VALUES (314, 643, '2025-07-02', '2025-08-05', TRUE);
INSERT INTO bookclub_reads (clubid, bookid, start_date, end_date, is_current) VALUES (314, 428, '2025-03-24', '2025-04-23', FALSE);
INSERT INTO bookclub_reads (clubid, bookid, start_date, end_date, is_current) VALUES (314, 864, '2024-12-12', '2025-01-11', FALSE);
INSERT INTO bookclub_reads (clubid, bookid, start_date, end_date, is_current) VALUES (314, 966, '2025-01-08', '2025-02-07', FALSE);
INSERT INTO bookclub_reads (clubid, bookid, start_date, end_date, is_current) VALUES (314, 288, '2025-05-04', '2025-06-03', FALSE);
INSERT INTO bookclub_reads (clubid, bookid, start_date, end_date, is_current) VALUES (314, 960, '2025-04-08', '2025-05-08', FALSE);
INSERT INTO bookclub_reads (clubid, bookid, start_date, end_date, is_current) VALUES (314, 103, '2024-12-25', '2025-01-24', FALSE);
INSERT INTO bookclub_reads (clubid, bookid, start_date, end_date, is_current) VALUES (314, 668, '2025-05-06', '2025-06-05', FALSE);
INSERT INTO bookclub_reads (clubid, bookid, start_date, end_date, is_current) VALUES (314, 141, '2025-02-12', '2025-03-14', FALSE);
INSERT INTO bookclub_reads (clubid, bookid, start_date, end_date, is_current) VALUES (314, 63, '2024-12-16', '2025-01-15', FALSE);
INSERT INTO bookclub_reads (clubid, bookid, start_date, end_date, is_current) VALUES (314, 23, '2025-03-03', '2025-04-02', FALSE);

INSERT INTO bookclubs (clubid, name, description) VALUES (315, 'Book Club 65', 'This is the description for Book Club 65.');
INSERT INTO bookclub_creators (clubid, userid) VALUES (315, 52);
INSERT INTO bookclub_members (clubid, userid) VALUES (315, 353);
INSERT INTO bookclub_members (clubid, userid) VALUES (315, 326);
INSERT INTO bookclub_members (clubid, userid) VALUES (315, 105);
INSERT INTO bookclub_members (clubid, userid) VALUES (315, 203);
INSERT INTO bookclub_members (clubid, userid) VALUES (315, 80);
INSERT INTO bookclub_members (clubid, userid) VALUES (315, 50);
INSERT INTO bookclub_members (clubid, userid) VALUES (315, 339);
INSERT INTO bookclub_members (clubid, userid) VALUES (315, 52);
INSERT INTO bookclub_members (clubid, userid) VALUES (315, 185);
INSERT INTO bookclub_members (clubid, userid) VALUES (315, 255);
INSERT INTO bookclub_reads (clubid, bookid, start_date, end_date, is_current) VALUES (315, 155, '2025-06-28', '2025-08-21', TRUE);
INSERT INTO bookclub_reads (clubid, bookid, start_date, end_date, is_current) VALUES (315, 969, '2025-07-06', '2025-07-26', TRUE);
INSERT INTO bookclub_reads (clubid, bookid, start_date, end_date, is_current) VALUES (315, 22, '2025-06-08', '2025-08-14', TRUE);
INSERT INTO bookclub_reads (clubid, bookid, start_date, end_date, is_current) VALUES (315, 765, '2025-05-04', '2025-06-03', FALSE);
INSERT INTO bookclub_reads (clubid, bookid, start_date, end_date, is_current) VALUES (315, 399, '2025-05-25', '2025-06-24', FALSE);
INSERT INTO bookclub_reads (clubid, bookid, start_date, end_date, is_current) VALUES (315, 1073, '2025-05-08', '2025-06-07', FALSE);
INSERT INTO bookclub_reads (clubid, bookid, start_date, end_date, is_current) VALUES (315, 26, '2024-12-11', '2025-01-10', FALSE);
INSERT INTO bookclub_reads (clubid, bookid, start_date, end_date, is_current) VALUES (315, 476, '2025-01-25', '2025-02-24', FALSE);
INSERT INTO bookclub_reads (clubid, bookid, start_date, end_date, is_current) VALUES (315, 762, '2025-02-05', '2025-03-07', FALSE);
INSERT INTO bookclub_reads (clubid, bookid, start_date, end_date, is_current) VALUES (315, 864, '2025-05-10', '2025-06-09', FALSE);
INSERT INTO bookclub_reads (clubid, bookid, start_date, end_date, is_current) VALUES (315, 824, '2025-03-20', '2025-04-19', FALSE);
INSERT INTO bookclub_reads (clubid, bookid, start_date, end_date, is_current) VALUES (315, 123, '2025-02-16', '2025-03-18', FALSE);
INSERT INTO bookclub_reads (clubid, bookid, start_date, end_date, is_current) VALUES (315, 477, '2025-04-04', '2025-05-04', FALSE);
INSERT INTO bookclub_reads (clubid, bookid, start_date, end_date, is_current) VALUES (315, 57, '2025-01-06', '2025-02-05', FALSE);
INSERT INTO bookclub_reads (clubid, bookid, start_date, end_date, is_current) VALUES (315, 249, '2025-02-15', '2025-03-17', FALSE);
INSERT INTO bookclub_reads (clubid, bookid, start_date, end_date, is_current) VALUES (315, 414, '2025-01-23', '2025-02-22', FALSE);
INSERT INTO bookclub_reads (clubid, bookid, start_date, end_date, is_current) VALUES (315, 45, '2025-05-13', '2025-06-12', FALSE);
INSERT INTO bookclub_reads (clubid, bookid, start_date, end_date, is_current) VALUES (315, 355, '2024-12-23', '2025-01-22', FALSE);

INSERT INTO bookclubs (clubid, name, description) VALUES (316, 'Book Club 66', 'This is the description for Book Club 66.');
INSERT INTO bookclub_creators (clubid, userid) VALUES (316, 94);
INSERT INTO bookclub_members (clubid, userid) VALUES (316, 33);
INSERT INTO bookclub_members (clubid, userid) VALUES (316, 385);
INSERT INTO bookclub_members (clubid, userid) VALUES (316, 131);
INSERT INTO bookclub_members (clubid, userid) VALUES (316, 322);
INSERT INTO bookclub_members (clubid, userid) VALUES (316, 423);
INSERT INTO bookclub_members (clubid, userid) VALUES (316, 43);
INSERT INTO bookclub_members (clubid, userid) VALUES (316, 44);
INSERT INTO bookclub_members (clubid, userid) VALUES (316, 367);
INSERT INTO bookclub_members (clubid, userid) VALUES (316, 278);
INSERT INTO bookclub_members (clubid, userid) VALUES (316, 311);
INSERT INTO bookclub_members (clubid, userid) VALUES (316, 94);
INSERT INTO bookclub_reads (clubid, bookid, start_date, end_date, is_current) VALUES (316, 330, '2025-07-01', '2025-08-13', TRUE);
INSERT INTO bookclub_reads (clubid, bookid, start_date, end_date, is_current) VALUES (316, 775, '2025-02-10', '2025-03-12', FALSE);
INSERT INTO bookclub_reads (clubid, bookid, start_date, end_date, is_current) VALUES (316, 980, '2025-06-02', '2025-07-02', FALSE);
INSERT INTO bookclub_reads (clubid, bookid, start_date, end_date, is_current) VALUES (316, 249, '2025-04-28', '2025-05-28', FALSE);
INSERT INTO bookclub_reads (clubid, bookid, start_date, end_date, is_current) VALUES (316, 21, '2025-04-15', '2025-05-15', FALSE);
INSERT INTO bookclub_reads (clubid, bookid, start_date, end_date, is_current) VALUES (316, 955, '2025-04-16', '2025-05-16', FALSE);
INSERT INTO bookclub_reads (clubid, bookid, start_date, end_date, is_current) VALUES (316, 475, '2025-02-15', '2025-03-17', FALSE);
INSERT INTO bookclub_reads (clubid, bookid, start_date, end_date, is_current) VALUES (316, 89, '2025-04-29', '2025-05-29', FALSE);
INSERT INTO bookclub_reads (clubid, bookid, start_date, end_date, is_current) VALUES (316, 22, '2025-05-15', '2025-06-14', FALSE);
INSERT INTO bookclub_reads (clubid, bookid, start_date, end_date, is_current) VALUES (316, 762, '2025-04-30', '2025-05-30', FALSE);
INSERT INTO bookclub_reads (clubid, bookid, start_date, end_date, is_current) VALUES (316, 231, '2025-04-07', '2025-05-07', FALSE);
INSERT INTO bookclub_reads (clubid, bookid, start_date, end_date, is_current) VALUES (316, 289, '2024-12-24', '2025-01-23', FALSE);
INSERT INTO bookclub_reads (clubid, bookid, start_date, end_date, is_current) VALUES (316, 394, '2025-04-13', '2025-05-13', FALSE);
INSERT INTO bookclub_reads (clubid, bookid, start_date, end_date, is_current) VALUES (316, 403, '2024-12-28', '2025-01-27', FALSE);
INSERT INTO bookclub_reads (clubid, bookid, start_date, end_date, is_current) VALUES (316, 55, '2025-05-15', '2025-06-14', FALSE);
INSERT INTO bookclub_reads (clubid, bookid, start_date, end_date, is_current) VALUES (316, 576, '2024-12-30', '2025-01-29', FALSE);

INSERT INTO bookclubs (clubid, name, description) VALUES (317, 'Book Club 67', 'This is the description for Book Club 67.');
INSERT INTO bookclub_creators (clubid, userid) VALUES (317, 223);
INSERT INTO bookclub_members (clubid, userid) VALUES (317, 295);
INSERT INTO bookclub_members (clubid, userid) VALUES (317, 426);
INSERT INTO bookclub_members (clubid, userid) VALUES (317, 235);
INSERT INTO bookclub_members (clubid, userid) VALUES (317, 13);
INSERT INTO bookclub_members (clubid, userid) VALUES (317, 303);
INSERT INTO bookclub_members (clubid, userid) VALUES (317, 241);
INSERT INTO bookclub_members (clubid, userid) VALUES (317, 113);
INSERT INTO bookclub_members (clubid, userid) VALUES (317, 403);
INSERT INTO bookclub_members (clubid, userid) VALUES (317, 119);
INSERT INTO bookclub_members (clubid, userid) VALUES (317, 248);
INSERT INTO bookclub_members (clubid, userid) VALUES (317, 441);
INSERT INTO bookclub_members (clubid, userid) VALUES (317, 223);
INSERT INTO bookclub_reads (clubid, bookid, start_date, end_date, is_current) VALUES (317, 1090, '2025-07-06', '2025-08-15', TRUE);
INSERT INTO bookclub_reads (clubid, bookid, start_date, end_date, is_current) VALUES (317, 668, '2025-06-09', '2025-07-30', TRUE);
INSERT INTO bookclub_reads (clubid, bookid, start_date, end_date, is_current) VALUES (317, 890, '2025-06-24', '2025-07-23', TRUE);
INSERT INTO bookclub_reads (clubid, bookid, start_date, end_date, is_current) VALUES (317, 619, '2025-03-20', '2025-04-19', FALSE);
INSERT INTO bookclub_reads (clubid, bookid, start_date, end_date, is_current) VALUES (317, 793, '2025-04-21', '2025-05-21', FALSE);
INSERT INTO bookclub_reads (clubid, bookid, start_date, end_date, is_current) VALUES (317, 570, '2024-12-13', '2025-01-12', FALSE);
INSERT INTO bookclub_reads (clubid, bookid, start_date, end_date, is_current) VALUES (317, 534, '2025-06-05', '2025-07-05', FALSE);
INSERT INTO bookclub_reads (clubid, bookid, start_date, end_date, is_current) VALUES (317, 96, '2025-04-05', '2025-05-05', FALSE);

INSERT INTO bookclubs (clubid, name, description) VALUES (318, 'Book Club 68', 'This is the description for Book Club 68.');
INSERT INTO bookclub_creators (clubid, userid) VALUES (318, 129);
INSERT INTO bookclub_members (clubid, userid) VALUES (318, 352);
INSERT INTO bookclub_members (clubid, userid) VALUES (318, 129);
INSERT INTO bookclub_members (clubid, userid) VALUES (318, 420);
INSERT INTO bookclub_members (clubid, userid) VALUES (318, 90);
INSERT INTO bookclub_members (clubid, userid) VALUES (318, 6);
INSERT INTO bookclub_members (clubid, userid) VALUES (318, 292);
INSERT INTO bookclub_members (clubid, userid) VALUES (318, 169);
INSERT INTO bookclub_members (clubid, userid) VALUES (318, 298);
INSERT INTO bookclub_members (clubid, userid) VALUES (318, 265);
INSERT INTO bookclub_members (clubid, userid) VALUES (318, 9);
INSERT INTO bookclub_members (clubid, userid) VALUES (318, 269);
INSERT INTO bookclub_members (clubid, userid) VALUES (318, 78);
INSERT INTO bookclub_members (clubid, userid) VALUES (318, 432);
INSERT INTO bookclub_members (clubid, userid) VALUES (318, 244);
INSERT INTO bookclub_members (clubid, userid) VALUES (318, 404);
INSERT INTO bookclub_members (clubid, userid) VALUES (318, 186);
INSERT INTO bookclub_members (clubid, userid) VALUES (318, 59);
INSERT INTO bookclub_members (clubid, userid) VALUES (318, 93);
INSERT INTO bookclub_reads (clubid, bookid, start_date, end_date, is_current) VALUES (318, 359, '2025-06-24', '2025-08-07', TRUE);
INSERT INTO bookclub_reads (clubid, bookid, start_date, end_date, is_current) VALUES (318, 21, '2025-02-11', '2025-03-13', FALSE);
INSERT INTO bookclub_reads (clubid, bookid, start_date, end_date, is_current) VALUES (318, 394, '2025-05-14', '2025-06-13', FALSE);
INSERT INTO bookclub_reads (clubid, bookid, start_date, end_date, is_current) VALUES (318, 965, '2025-02-13', '2025-03-15', FALSE);
INSERT INTO bookclub_reads (clubid, bookid, start_date, end_date, is_current) VALUES (318, 827, '2025-03-24', '2025-04-23', FALSE);
INSERT INTO bookclub_reads (clubid, bookid, start_date, end_date, is_current) VALUES (318, 264, '2025-02-09', '2025-03-11', FALSE);
INSERT INTO bookclub_reads (clubid, bookid, start_date, end_date, is_current) VALUES (318, 864, '2025-05-08', '2025-06-07', FALSE);
INSERT INTO bookclub_reads (clubid, bookid, start_date, end_date, is_current) VALUES (318, 253, '2025-03-28', '2025-04-27', FALSE);
INSERT INTO bookclub_reads (clubid, bookid, start_date, end_date, is_current) VALUES (318, 670, '2024-12-15', '2025-01-14', FALSE);

INSERT INTO bookclubs (clubid, name, description) VALUES (319, 'Book Club 69', 'This is the description for Book Club 69.');
INSERT INTO bookclub_creators (clubid, userid) VALUES (319, 71);
INSERT INTO bookclub_members (clubid, userid) VALUES (319, 64);
INSERT INTO bookclub_members (clubid, userid) VALUES (319, 295);
INSERT INTO bookclub_members (clubid, userid) VALUES (319, 8);
INSERT INTO bookclub_members (clubid, userid) VALUES (319, 71);
INSERT INTO bookclub_members (clubid, userid) VALUES (319, 11);
INSERT INTO bookclub_members (clubid, userid) VALUES (319, 236);
INSERT INTO bookclub_members (clubid, userid) VALUES (319, 335);
INSERT INTO bookclub_members (clubid, userid) VALUES (319, 309);
INSERT INTO bookclub_members (clubid, userid) VALUES (319, 409);
INSERT INTO bookclub_members (clubid, userid) VALUES (319, 282);
INSERT INTO bookclub_members (clubid, userid) VALUES (319, 91);
INSERT INTO bookclub_reads (clubid, bookid, start_date, end_date, is_current) VALUES (319, 765, '2025-06-22', '2025-08-04', TRUE);
INSERT INTO bookclub_reads (clubid, bookid, start_date, end_date, is_current) VALUES (319, 153, '2025-07-07', '2025-07-29', TRUE);
INSERT INTO bookclub_reads (clubid, bookid, start_date, end_date, is_current) VALUES (319, 656, '2025-07-03', '2025-08-01', TRUE);
INSERT INTO bookclub_reads (clubid, bookid, start_date, end_date, is_current) VALUES (319, 870, '2025-04-02', '2025-05-02', FALSE);
INSERT INTO bookclub_reads (clubid, bookid, start_date, end_date, is_current) VALUES (319, 539, '2025-04-25', '2025-05-25', FALSE);
INSERT INTO bookclub_reads (clubid, bookid, start_date, end_date, is_current) VALUES (319, 900, '2024-12-20', '2025-01-19', FALSE);
INSERT INTO bookclub_reads (clubid, bookid, start_date, end_date, is_current) VALUES (319, 207, '2025-02-08', '2025-03-10', FALSE);
INSERT INTO bookclub_reads (clubid, bookid, start_date, end_date, is_current) VALUES (319, 873, '2025-01-18', '2025-02-17', FALSE);
INSERT INTO bookclub_reads (clubid, bookid, start_date, end_date, is_current) VALUES (319, 428, '2025-01-19', '2025-02-18', FALSE);
INSERT INTO bookclub_reads (clubid, bookid, start_date, end_date, is_current) VALUES (319, 762, '2024-12-31', '2025-01-30', FALSE);
INSERT INTO bookclub_reads (clubid, bookid, start_date, end_date, is_current) VALUES (319, 935, '2024-12-30', '2025-01-29', FALSE);
INSERT INTO bookclub_reads (clubid, bookid, start_date, end_date, is_current) VALUES (319, 137, '2025-02-20', '2025-03-22', FALSE);
INSERT INTO bookclub_reads (clubid, bookid, start_date, end_date, is_current) VALUES (319, 51, '2025-05-09', '2025-06-08', FALSE);
INSERT INTO bookclub_reads (clubid, bookid, start_date, end_date, is_current) VALUES (319, 1097, '2024-12-25', '2025-01-24', FALSE);
INSERT INTO bookclub_reads (clubid, bookid, start_date, end_date, is_current) VALUES (319, 872, '2025-03-08', '2025-04-07', FALSE);
INSERT INTO bookclub_reads (clubid, bookid, start_date, end_date, is_current) VALUES (319, 431, '2025-03-26', '2025-04-25', FALSE);
INSERT INTO bookclub_reads (clubid, bookid, start_date, end_date, is_current) VALUES (319, 827, '2025-01-14', '2025-02-13', FALSE);
INSERT INTO bookclub_reads (clubid, bookid, start_date, end_date, is_current) VALUES (319, 700, '2025-04-15', '2025-05-15', FALSE);

INSERT INTO bookclubs (clubid, name, description) VALUES (320, 'Book Club 70', 'This is the description for Book Club 70.');
INSERT INTO bookclub_creators (clubid, userid) VALUES (320, 128);
INSERT INTO bookclub_members (clubid, userid) VALUES (320, 128);
INSERT INTO bookclub_members (clubid, userid) VALUES (320, 97);
INSERT INTO bookclub_members (clubid, userid) VALUES (320, 387);
INSERT INTO bookclub_members (clubid, userid) VALUES (320, 107);
INSERT INTO bookclub_members (clubid, userid) VALUES (320, 203);
INSERT INTO bookclub_members (clubid, userid) VALUES (320, 77);
INSERT INTO bookclub_members (clubid, userid) VALUES (320, 269);
INSERT INTO bookclub_members (clubid, userid) VALUES (320, 372);
INSERT INTO bookclub_members (clubid, userid) VALUES (320, 409);
INSERT INTO bookclub_members (clubid, userid) VALUES (320, 186);
INSERT INTO bookclub_members (clubid, userid) VALUES (320, 223);
INSERT INTO bookclub_reads (clubid, bookid, start_date, end_date, is_current) VALUES (320, 133, '2025-06-14', '2025-08-02', TRUE);
INSERT INTO bookclub_reads (clubid, bookid, start_date, end_date, is_current) VALUES (320, 288, '2025-06-24', '2025-08-10', TRUE);
INSERT INTO bookclub_reads (clubid, bookid, start_date, end_date, is_current) VALUES (320, 643, '2025-03-12', '2025-04-11', FALSE);
INSERT INTO bookclub_reads (clubid, bookid, start_date, end_date, is_current) VALUES (320, 538, '2025-05-18', '2025-06-17', FALSE);
INSERT INTO bookclub_reads (clubid, bookid, start_date, end_date, is_current) VALUES (320, 965, '2025-05-12', '2025-06-11', FALSE);
INSERT INTO bookclub_reads (clubid, bookid, start_date, end_date, is_current) VALUES (320, 129, '2025-02-13', '2025-03-15', FALSE);
INSERT INTO bookclub_reads (clubid, bookid, start_date, end_date, is_current) VALUES (320, 159, '2025-04-08', '2025-05-08', FALSE);
INSERT INTO bookclub_reads (clubid, bookid, start_date, end_date, is_current) VALUES (320, 285, '2025-03-23', '2025-04-22', FALSE);
INSERT INTO bookclub_reads (clubid, bookid, start_date, end_date, is_current) VALUES (320, 122, '2025-03-18', '2025-04-17', FALSE);
INSERT INTO bookclub_reads (clubid, bookid, start_date, end_date, is_current) VALUES (320, 76, '2025-03-13', '2025-04-12', FALSE);
INSERT INTO bookclub_reads (clubid, bookid, start_date, end_date, is_current) VALUES (320, 1068, '2025-05-16', '2025-06-15', FALSE);
INSERT INTO bookclub_reads (clubid, bookid, start_date, end_date, is_current) VALUES (320, 930, '2024-12-10', '2025-01-09', FALSE);
INSERT INTO bookclub_reads (clubid, bookid, start_date, end_date, is_current) VALUES (320, 872, '2025-04-30', '2025-05-30', FALSE);
INSERT INTO bookclub_reads (clubid, bookid, start_date, end_date, is_current) VALUES (320, 987, '2025-04-23', '2025-05-23', FALSE);
INSERT INTO bookclub_reads (clubid, bookid, start_date, end_date, is_current) VALUES (320, 870, '2024-12-13', '2025-01-12', FALSE);

INSERT INTO bookclubs (clubid, name, description) VALUES (321, 'Book Club 71', 'This is the description for Book Club 71.');
INSERT INTO bookclub_creators (clubid, userid) VALUES (321, 64);
INSERT INTO bookclub_members (clubid, userid) VALUES (321, 64);
INSERT INTO bookclub_members (clubid, userid) VALUES (321, 260);
INSERT INTO bookclub_members (clubid, userid) VALUES (321, 134);
INSERT INTO bookclub_members (clubid, userid) VALUES (321, 136);
INSERT INTO bookclub_members (clubid, userid) VALUES (321, 75);
INSERT INTO bookclub_members (clubid, userid) VALUES (321, 428);
INSERT INTO bookclub_members (clubid, userid) VALUES (321, 241);
INSERT INTO bookclub_members (clubid, userid) VALUES (321, 118);
INSERT INTO bookclub_members (clubid, userid) VALUES (321, 22);
INSERT INTO bookclub_members (clubid, userid) VALUES (321, 249);
INSERT INTO bookclub_reads (clubid, bookid, start_date, end_date, is_current) VALUES (321, 434, '2025-06-24', '2025-08-04', TRUE);
INSERT INTO bookclub_reads (clubid, bookid, start_date, end_date, is_current) VALUES (321, 407, '2025-06-03', '2025-07-03', FALSE);
INSERT INTO bookclub_reads (clubid, bookid, start_date, end_date, is_current) VALUES (321, 53, '2025-05-26', '2025-06-25', FALSE);
INSERT INTO bookclub_reads (clubid, bookid, start_date, end_date, is_current) VALUES (321, 960, '2025-01-10', '2025-02-09', FALSE);
INSERT INTO bookclub_reads (clubid, bookid, start_date, end_date, is_current) VALUES (321, 998, '2024-12-12', '2025-01-11', FALSE);
INSERT INTO bookclub_reads (clubid, bookid, start_date, end_date, is_current) VALUES (321, 144, '2024-12-14', '2025-01-13', FALSE);
INSERT INTO bookclub_reads (clubid, bookid, start_date, end_date, is_current) VALUES (321, 37, '2025-03-27', '2025-04-26', FALSE);
INSERT INTO bookclub_reads (clubid, bookid, start_date, end_date, is_current) VALUES (321, 182, '2024-12-17', '2025-01-16', FALSE);
INSERT INTO bookclub_reads (clubid, bookid, start_date, end_date, is_current) VALUES (321, 8, '2024-12-26', '2025-01-25', FALSE);
INSERT INTO bookclub_reads (clubid, bookid, start_date, end_date, is_current) VALUES (321, 941, '2025-01-06', '2025-02-05', FALSE);
INSERT INTO bookclub_reads (clubid, bookid, start_date, end_date, is_current) VALUES (321, 762, '2025-02-11', '2025-03-13', FALSE);
INSERT INTO bookclub_reads (clubid, bookid, start_date, end_date, is_current) VALUES (321, 932, '2025-02-19', '2025-03-21', FALSE);
INSERT INTO bookclub_reads (clubid, bookid, start_date, end_date, is_current) VALUES (321, 432, '2025-05-27', '2025-06-26', FALSE);
INSERT INTO bookclub_reads (clubid, bookid, start_date, end_date, is_current) VALUES (321, 247, '2025-04-10', '2025-05-10', FALSE);

INSERT INTO bookclubs (clubid, name, description) VALUES (322, 'Book Club 72', 'This is the description for Book Club 72.');
INSERT INTO bookclub_creators (clubid, userid) VALUES (322, 51);
INSERT INTO bookclub_members (clubid, userid) VALUES (322, 352);
INSERT INTO bookclub_members (clubid, userid) VALUES (322, 162);
INSERT INTO bookclub_members (clubid, userid) VALUES (322, 386);
INSERT INTO bookclub_members (clubid, userid) VALUES (322, 40);
INSERT INTO bookclub_members (clubid, userid) VALUES (322, 430);
INSERT INTO bookclub_members (clubid, userid) VALUES (322, 270);
INSERT INTO bookclub_members (clubid, userid) VALUES (322, 177);
INSERT INTO bookclub_members (clubid, userid) VALUES (322, 51);
INSERT INTO bookclub_members (clubid, userid) VALUES (322, 188);
INSERT INTO bookclub_reads (clubid, bookid, start_date, end_date, is_current) VALUES (322, 205, '2025-06-29', '2025-08-07', TRUE);
INSERT INTO bookclub_reads (clubid, bookid, start_date, end_date, is_current) VALUES (322, 670, '2025-06-28', '2025-08-07', TRUE);
INSERT INTO bookclub_reads (clubid, bookid, start_date, end_date, is_current) VALUES (322, 702, '2025-07-03', '2025-07-28', TRUE);
INSERT INTO bookclub_reads (clubid, bookid, start_date, end_date, is_current) VALUES (322, 249, '2025-01-23', '2025-02-22', FALSE);
INSERT INTO bookclub_reads (clubid, bookid, start_date, end_date, is_current) VALUES (322, 324, '2025-04-29', '2025-05-29', FALSE);
INSERT INTO bookclub_reads (clubid, bookid, start_date, end_date, is_current) VALUES (322, 302, '2025-05-30', '2025-06-29', FALSE);
INSERT INTO bookclub_reads (clubid, bookid, start_date, end_date, is_current) VALUES (322, 45, '2025-03-21', '2025-04-20', FALSE);
INSERT INTO bookclub_reads (clubid, bookid, start_date, end_date, is_current) VALUES (322, 122, '2025-04-19', '2025-05-19', FALSE);
INSERT INTO bookclub_reads (clubid, bookid, start_date, end_date, is_current) VALUES (322, 426, '2025-02-08', '2025-03-10', FALSE);
INSERT INTO bookclub_reads (clubid, bookid, start_date, end_date, is_current) VALUES (322, 868, '2025-04-24', '2025-05-24', FALSE);

INSERT INTO bookclubs (clubid, name, description) VALUES (323, 'Book Club 73', 'This is the description for Book Club 73.');
INSERT INTO bookclub_creators (clubid, userid) VALUES (323, 364);
INSERT INTO bookclub_members (clubid, userid) VALUES (323, 417);
INSERT INTO bookclub_members (clubid, userid) VALUES (323, 132);
INSERT INTO bookclub_members (clubid, userid) VALUES (323, 134);
INSERT INTO bookclub_members (clubid, userid) VALUES (323, 41);
INSERT INTO bookclub_members (clubid, userid) VALUES (323, 426);
INSERT INTO bookclub_members (clubid, userid) VALUES (323, 298);
INSERT INTO bookclub_members (clubid, userid) VALUES (323, 202);
INSERT INTO bookclub_members (clubid, userid) VALUES (323, 173);
INSERT INTO bookclub_members (clubid, userid) VALUES (323, 364);
INSERT INTO bookclub_members (clubid, userid) VALUES (323, 304);
INSERT INTO bookclub_members (clubid, userid) VALUES (323, 242);
INSERT INTO bookclub_members (clubid, userid) VALUES (323, 306);
INSERT INTO bookclub_members (clubid, userid) VALUES (323, 340);
INSERT INTO bookclub_members (clubid, userid) VALUES (323, 309);
INSERT INTO bookclub_members (clubid, userid) VALUES (323, 83);
INSERT INTO bookclub_members (clubid, userid) VALUES (323, 444);
INSERT INTO bookclub_members (clubid, userid) VALUES (323, 60);
INSERT INTO bookclub_members (clubid, userid) VALUES (323, 127);
INSERT INTO bookclub_reads (clubid, bookid, start_date, end_date, is_current) VALUES (323, 122, '2025-07-04', '2025-08-11', TRUE);
INSERT INTO bookclub_reads (clubid, bookid, start_date, end_date, is_current) VALUES (323, 425, '2025-06-20', '2025-07-31', TRUE);
INSERT INTO bookclub_reads (clubid, bookid, start_date, end_date, is_current) VALUES (323, 54, '2025-06-30', '2025-08-08', TRUE);
INSERT INTO bookclub_reads (clubid, bookid, start_date, end_date, is_current) VALUES (323, 249, '2025-01-30', '2025-03-01', FALSE);
INSERT INTO bookclub_reads (clubid, bookid, start_date, end_date, is_current) VALUES (323, 669, '2025-01-26', '2025-02-25', FALSE);
INSERT INTO bookclub_reads (clubid, bookid, start_date, end_date, is_current) VALUES (323, 668, '2025-05-04', '2025-06-03', FALSE);
INSERT INTO bookclub_reads (clubid, bookid, start_date, end_date, is_current) VALUES (323, 288, '2025-03-26', '2025-04-25', FALSE);
INSERT INTO bookclub_reads (clubid, bookid, start_date, end_date, is_current) VALUES (323, 968, '2025-03-05', '2025-04-04', FALSE);
INSERT INTO bookclub_reads (clubid, bookid, start_date, end_date, is_current) VALUES (323, 207, '2025-01-08', '2025-02-07', FALSE);
INSERT INTO bookclub_reads (clubid, bookid, start_date, end_date, is_current) VALUES (323, 83, '2025-04-08', '2025-05-08', FALSE);
INSERT INTO bookclub_reads (clubid, bookid, start_date, end_date, is_current) VALUES (323, 26, '2024-12-10', '2025-01-09', FALSE);
INSERT INTO bookclub_reads (clubid, bookid, start_date, end_date, is_current) VALUES (323, 870, '2025-05-03', '2025-06-02', FALSE);
INSERT INTO bookclub_reads (clubid, bookid, start_date, end_date, is_current) VALUES (323, 1099, '2025-01-07', '2025-02-06', FALSE);
INSERT INTO bookclub_reads (clubid, bookid, start_date, end_date, is_current) VALUES (323, 51, '2024-12-31', '2025-01-30', FALSE);
INSERT INTO bookclub_reads (clubid, bookid, start_date, end_date, is_current) VALUES (323, 423, '2024-12-19', '2025-01-18', FALSE);

INSERT INTO bookclubs (clubid, name, description) VALUES (324, 'Book Club 74', 'This is the description for Book Club 74.');
INSERT INTO bookclub_creators (clubid, userid) VALUES (324, 332);
INSERT INTO bookclub_members (clubid, userid) VALUES (324, 258);
INSERT INTO bookclub_members (clubid, userid) VALUES (324, 259);
INSERT INTO bookclub_members (clubid, userid) VALUES (324, 133);
INSERT INTO bookclub_members (clubid, userid) VALUES (324, 296);
INSERT INTO bookclub_members (clubid, userid) VALUES (324, 234);
INSERT INTO bookclub_members (clubid, userid) VALUES (324, 332);
INSERT INTO bookclub_members (clubid, userid) VALUES (324, 276);
INSERT INTO bookclub_members (clubid, userid) VALUES (324, 373);
INSERT INTO bookclub_members (clubid, userid) VALUES (324, 88);
INSERT INTO bookclub_members (clubid, userid) VALUES (324, 282);
INSERT INTO bookclub_members (clubid, userid) VALUES (324, 187);
INSERT INTO bookclub_reads (clubid, bookid, start_date, end_date, is_current) VALUES (324, 955, '2025-06-24', '2025-08-04', TRUE);
INSERT INTO bookclub_reads (clubid, bookid, start_date, end_date, is_current) VALUES (324, 511, '2025-04-07', '2025-05-07', FALSE);
INSERT INTO bookclub_reads (clubid, bookid, start_date, end_date, is_current) VALUES (324, 377, '2025-06-04', '2025-07-04', FALSE);
INSERT INTO bookclub_reads (clubid, bookid, start_date, end_date, is_current) VALUES (324, 37, '2025-02-25', '2025-03-27', FALSE);
INSERT INTO bookclub_reads (clubid, bookid, start_date, end_date, is_current) VALUES (324, 296, '2025-06-02', '2025-07-02', FALSE);
INSERT INTO bookclub_reads (clubid, bookid, start_date, end_date, is_current) VALUES (324, 678, '2025-05-07', '2025-06-06', FALSE);

INSERT INTO bookclubs (clubid, name, description) VALUES (325, 'Book Club 75', 'This is the description for Book Club 75.');
INSERT INTO bookclub_creators (clubid, userid) VALUES (325, 310);
INSERT INTO bookclub_members (clubid, userid) VALUES (325, 428);
INSERT INTO bookclub_members (clubid, userid) VALUES (325, 435);
INSERT INTO bookclub_members (clubid, userid) VALUES (325, 83);
INSERT INTO bookclub_members (clubid, userid) VALUES (325, 437);
INSERT INTO bookclub_members (clubid, userid) VALUES (325, 22);
INSERT INTO bookclub_members (clubid, userid) VALUES (325, 310);
INSERT INTO bookclub_members (clubid, userid) VALUES (325, 154);
INSERT INTO bookclub_members (clubid, userid) VALUES (325, 188);
INSERT INTO bookclub_members (clubid, userid) VALUES (325, 255);
INSERT INTO bookclub_reads (clubid, bookid, start_date, end_date, is_current) VALUES (325, 454, '2025-06-15', '2025-08-06', TRUE);
INSERT INTO bookclub_reads (clubid, bookid, start_date, end_date, is_current) VALUES (325, 290, '2025-04-07', '2025-05-07', FALSE);
INSERT INTO bookclub_reads (clubid, bookid, start_date, end_date, is_current) VALUES (325, 703, '2025-05-19', '2025-06-18', FALSE);
INSERT INTO bookclub_reads (clubid, bookid, start_date, end_date, is_current) VALUES (325, 247, '2025-02-20', '2025-03-22', FALSE);
INSERT INTO bookclub_reads (clubid, bookid, start_date, end_date, is_current) VALUES (325, 824, '2025-02-15', '2025-03-17', FALSE);
INSERT INTO bookclub_reads (clubid, bookid, start_date, end_date, is_current) VALUES (325, 415, '2025-03-18', '2025-04-17', FALSE);
INSERT INTO bookclub_reads (clubid, bookid, start_date, end_date, is_current) VALUES (325, 456, '2025-05-15', '2025-06-14', FALSE);
INSERT INTO bookclub_reads (clubid, bookid, start_date, end_date, is_current) VALUES (325, 205, '2025-01-12', '2025-02-11', FALSE);
INSERT INTO bookclub_reads (clubid, bookid, start_date, end_date, is_current) VALUES (325, 931, '2025-03-01', '2025-03-31', FALSE);
INSERT INTO bookclub_reads (clubid, bookid, start_date, end_date, is_current) VALUES (325, 61, '2025-02-02', '2025-03-04', FALSE);
INSERT INTO bookclub_reads (clubid, bookid, start_date, end_date, is_current) VALUES (325, 129, '2025-03-04', '2025-04-03', FALSE);
INSERT INTO bookclub_reads (clubid, bookid, start_date, end_date, is_current) VALUES (325, 85, '2025-05-22', '2025-06-21', FALSE);
INSERT INTO bookclub_reads (clubid, bookid, start_date, end_date, is_current) VALUES (325, 423, '2025-04-10', '2025-05-10', FALSE);

INSERT INTO bookclubs (clubid, name, description) VALUES (326, 'Book Club 76', 'This is the description for Book Club 76.');
INSERT INTO bookclub_creators (clubid, userid) VALUES (326, 432);
INSERT INTO bookclub_members (clubid, userid) VALUES (326, 1);
INSERT INTO bookclub_members (clubid, userid) VALUES (326, 168);
INSERT INTO bookclub_members (clubid, userid) VALUES (326, 265);
INSERT INTO bookclub_members (clubid, userid) VALUES (326, 300);
INSERT INTO bookclub_members (clubid, userid) VALUES (326, 397);
INSERT INTO bookclub_members (clubid, userid) VALUES (326, 398);
INSERT INTO bookclub_members (clubid, userid) VALUES (326, 364);
INSERT INTO bookclub_members (clubid, userid) VALUES (326, 80);
INSERT INTO bookclub_members (clubid, userid) VALUES (326, 432);
INSERT INTO bookclub_members (clubid, userid) VALUES (326, 119);
INSERT INTO bookclub_members (clubid, userid) VALUES (326, 313);
INSERT INTO bookclub_members (clubid, userid) VALUES (326, 346);
INSERT INTO bookclub_members (clubid, userid) VALUES (326, 29);
INSERT INTO bookclub_reads (clubid, bookid, start_date, end_date, is_current) VALUES (326, 698, '2025-07-07', '2025-08-15', TRUE);
INSERT INTO bookclub_reads (clubid, bookid, start_date, end_date, is_current) VALUES (326, 54, '2025-06-27', '2025-07-27', TRUE);
INSERT INTO bookclub_reads (clubid, bookid, start_date, end_date, is_current) VALUES (326, 205, '2025-06-29', '2025-07-24', TRUE);
INSERT INTO bookclub_reads (clubid, bookid, start_date, end_date, is_current) VALUES (326, 330, '2025-02-01', '2025-03-03', FALSE);
INSERT INTO bookclub_reads (clubid, bookid, start_date, end_date, is_current) VALUES (326, 1068, '2025-05-03', '2025-06-02', FALSE);
INSERT INTO bookclub_reads (clubid, bookid, start_date, end_date, is_current) VALUES (326, 110, '2025-02-24', '2025-03-26', FALSE);
INSERT INTO bookclub_reads (clubid, bookid, start_date, end_date, is_current) VALUES (326, 933, '2024-12-15', '2025-01-14', FALSE);
INSERT INTO bookclub_reads (clubid, bookid, start_date, end_date, is_current) VALUES (326, 302, '2024-12-16', '2025-01-15', FALSE);

INSERT INTO bookclubs (clubid, name, description) VALUES (327, 'Book Club 77', 'This is the description for Book Club 77.');
INSERT INTO bookclub_creators (clubid, userid) VALUES (327, 189);
INSERT INTO bookclub_members (clubid, userid) VALUES (327, 1);
INSERT INTO bookclub_members (clubid, userid) VALUES (327, 129);
INSERT INTO bookclub_members (clubid, userid) VALUES (327, 357);
INSERT INTO bookclub_members (clubid, userid) VALUES (327, 425);
INSERT INTO bookclub_members (clubid, userid) VALUES (327, 187);
INSERT INTO bookclub_members (clubid, userid) VALUES (327, 78);
INSERT INTO bookclub_members (clubid, userid) VALUES (327, 117);
INSERT INTO bookclub_members (clubid, userid) VALUES (327, 311);
INSERT INTO bookclub_members (clubid, userid) VALUES (327, 251);
INSERT INTO bookclub_members (clubid, userid) VALUES (327, 316);
INSERT INTO bookclub_members (clubid, userid) VALUES (327, 189);
INSERT INTO bookclub_reads (clubid, bookid, start_date, end_date, is_current) VALUES (327, 1052, '2025-06-08', '2025-08-02', TRUE);
INSERT INTO bookclub_reads (clubid, bookid, start_date, end_date, is_current) VALUES (327, 1007, '2025-06-14', '2025-07-28', TRUE);
INSERT INTO bookclub_reads (clubid, bookid, start_date, end_date, is_current) VALUES (327, 140, '2025-02-02', '2025-03-04', FALSE);
INSERT INTO bookclub_reads (clubid, bookid, start_date, end_date, is_current) VALUES (327, 890, '2025-05-24', '2025-06-23', FALSE);
INSERT INTO bookclub_reads (clubid, bookid, start_date, end_date, is_current) VALUES (327, 92, '2025-03-21', '2025-04-20', FALSE);
INSERT INTO bookclub_reads (clubid, bookid, start_date, end_date, is_current) VALUES (327, 77, '2024-12-16', '2025-01-15', FALSE);
INSERT INTO bookclub_reads (clubid, bookid, start_date, end_date, is_current) VALUES (327, 1032, '2025-02-22', '2025-03-24', FALSE);
INSERT INTO bookclub_reads (clubid, bookid, start_date, end_date, is_current) VALUES (327, 237, '2025-05-17', '2025-06-16', FALSE);
INSERT INTO bookclub_reads (clubid, bookid, start_date, end_date, is_current) VALUES (327, 478, '2025-03-25', '2025-04-24', FALSE);
INSERT INTO bookclub_reads (clubid, bookid, start_date, end_date, is_current) VALUES (327, 975, '2025-03-09', '2025-04-08', FALSE);
INSERT INTO bookclub_reads (clubid, bookid, start_date, end_date, is_current) VALUES (327, 5, '2025-02-10', '2025-03-12', FALSE);
INSERT INTO bookclub_reads (clubid, bookid, start_date, end_date, is_current) VALUES (327, 764, '2025-02-13', '2025-03-15', FALSE);
INSERT INTO bookclub_reads (clubid, bookid, start_date, end_date, is_current) VALUES (327, 182, '2025-03-11', '2025-04-10', FALSE);
INSERT INTO bookclub_reads (clubid, bookid, start_date, end_date, is_current) VALUES (327, 599, '2025-03-31', '2025-04-30', FALSE);

INSERT INTO bookclubs (clubid, name, description) VALUES (328, 'Book Club 78', 'This is the description for Book Club 78.');
INSERT INTO bookclub_creators (clubid, userid) VALUES (328, 84);
INSERT INTO bookclub_members (clubid, userid) VALUES (328, 193);
INSERT INTO bookclub_members (clubid, userid) VALUES (328, 132);
INSERT INTO bookclub_members (clubid, userid) VALUES (328, 330);
INSERT INTO bookclub_members (clubid, userid) VALUES (328, 370);
INSERT INTO bookclub_members (clubid, userid) VALUES (328, 84);
INSERT INTO bookclub_members (clubid, userid) VALUES (328, 149);
INSERT INTO bookclub_members (clubid, userid) VALUES (328, 406);
INSERT INTO bookclub_members (clubid, userid) VALUES (328, 314);
INSERT INTO bookclub_members (clubid, userid) VALUES (328, 443);
INSERT INTO bookclub_reads (clubid, bookid, start_date, end_date, is_current) VALUES (328, 324, '2025-06-15', '2025-08-22', TRUE);
INSERT INTO bookclub_reads (clubid, bookid, start_date, end_date, is_current) VALUES (328, 1067, '2025-06-29', '2025-07-31', TRUE);
INSERT INTO bookclub_reads (clubid, bookid, start_date, end_date, is_current) VALUES (328, 707, '2025-06-12', '2025-08-19', TRUE);
INSERT INTO bookclub_reads (clubid, bookid, start_date, end_date, is_current) VALUES (328, 155, '2025-01-09', '2025-02-08', FALSE);
INSERT INTO bookclub_reads (clubid, bookid, start_date, end_date, is_current) VALUES (328, 296, '2025-03-06', '2025-04-05', FALSE);
INSERT INTO bookclub_reads (clubid, bookid, start_date, end_date, is_current) VALUES (328, 766, '2025-05-22', '2025-06-21', FALSE);
INSERT INTO bookclub_reads (clubid, bookid, start_date, end_date, is_current) VALUES (328, 285, '2025-05-19', '2025-06-18', FALSE);
INSERT INTO bookclub_reads (clubid, bookid, start_date, end_date, is_current) VALUES (328, 700, '2025-06-03', '2025-07-03', FALSE);
INSERT INTO bookclub_reads (clubid, bookid, start_date, end_date, is_current) VALUES (328, 295, '2025-02-02', '2025-03-04', FALSE);
INSERT INTO bookclub_reads (clubid, bookid, start_date, end_date, is_current) VALUES (328, 444, '2025-02-04', '2025-03-06', FALSE);
INSERT INTO bookclub_reads (clubid, bookid, start_date, end_date, is_current) VALUES (328, 412, '2025-03-10', '2025-04-09', FALSE);
INSERT INTO bookclub_reads (clubid, bookid, start_date, end_date, is_current) VALUES (328, 332, '2025-03-25', '2025-04-24', FALSE);
INSERT INTO bookclub_reads (clubid, bookid, start_date, end_date, is_current) VALUES (328, 841, '2025-01-18', '2025-02-17', FALSE);
INSERT INTO bookclub_reads (clubid, bookid, start_date, end_date, is_current) VALUES (328, 140, '2025-02-13', '2025-03-15', FALSE);
INSERT INTO bookclub_reads (clubid, bookid, start_date, end_date, is_current) VALUES (328, 205, '2025-01-03', '2025-02-02', FALSE);
INSERT INTO bookclub_reads (clubid, bookid, start_date, end_date, is_current) VALUES (328, 337, '2025-02-09', '2025-03-11', FALSE);

INSERT INTO bookclubs (clubid, name, description) VALUES (329, 'Book Club 79', 'This is the description for Book Club 79.');
INSERT INTO bookclub_creators (clubid, userid) VALUES (329, 305);
INSERT INTO bookclub_members (clubid, userid) VALUES (329, 137);
INSERT INTO bookclub_members (clubid, userid) VALUES (329, 22);
INSERT INTO bookclub_members (clubid, userid) VALUES (329, 158);
INSERT INTO bookclub_members (clubid, userid) VALUES (329, 165);
INSERT INTO bookclub_members (clubid, userid) VALUES (329, 38);
INSERT INTO bookclub_members (clubid, userid) VALUES (329, 298);
INSERT INTO bookclub_members (clubid, userid) VALUES (329, 305);
INSERT INTO bookclub_members (clubid, userid) VALUES (329, 309);
INSERT INTO bookclub_members (clubid, userid) VALUES (329, 55);
INSERT INTO bookclub_members (clubid, userid) VALUES (329, 314);
INSERT INTO bookclub_members (clubid, userid) VALUES (329, 68);
INSERT INTO bookclub_members (clubid, userid) VALUES (329, 328);
INSERT INTO bookclub_members (clubid, userid) VALUES (329, 334);
INSERT INTO bookclub_members (clubid, userid) VALUES (329, 340);
INSERT INTO bookclub_members (clubid, userid) VALUES (329, 87);
INSERT INTO bookclub_members (clubid, userid) VALUES (329, 346);
INSERT INTO bookclub_members (clubid, userid) VALUES (329, 360);
INSERT INTO bookclub_members (clubid, userid) VALUES (329, 376);
INSERT INTO bookclub_members (clubid, userid) VALUES (329, 126);
INSERT INTO bookclub_reads (clubid, bookid, start_date, end_date, is_current) VALUES (329, 166, '2025-06-28', '2025-07-29', TRUE);
INSERT INTO bookclub_reads (clubid, bookid, start_date, end_date, is_current) VALUES (329, 249, '2025-07-01', '2025-08-18', TRUE);
INSERT INTO bookclub_reads (clubid, bookid, start_date, end_date, is_current) VALUES (329, 231, '2025-02-06', '2025-03-08', FALSE);
INSERT INTO bookclub_reads (clubid, bookid, start_date, end_date, is_current) VALUES (329, 511, '2025-02-21', '2025-03-23', FALSE);
INSERT INTO bookclub_reads (clubid, bookid, start_date, end_date, is_current) VALUES (329, 669, '2024-12-27', '2025-01-26', FALSE);
INSERT INTO bookclub_reads (clubid, bookid, start_date, end_date, is_current) VALUES (329, 163, '2025-02-02', '2025-03-04', FALSE);
INSERT INTO bookclub_reads (clubid, bookid, start_date, end_date, is_current) VALUES (329, 152, '2025-01-01', '2025-01-31', FALSE);
INSERT INTO bookclub_reads (clubid, bookid, start_date, end_date, is_current) VALUES (329, 55, '2025-05-03', '2025-06-02', FALSE);
INSERT INTO bookclub_reads (clubid, bookid, start_date, end_date, is_current) VALUES (329, 815, '2024-12-25', '2025-01-24', FALSE);
INSERT INTO bookclub_reads (clubid, bookid, start_date, end_date, is_current) VALUES (329, 538, '2025-03-18', '2025-04-17', FALSE);
INSERT INTO bookclub_reads (clubid, bookid, start_date, end_date, is_current) VALUES (329, 762, '2025-05-12', '2025-06-11', FALSE);
INSERT INTO bookclub_reads (clubid, bookid, start_date, end_date, is_current) VALUES (329, 68, '2025-02-19', '2025-03-21', FALSE);

INSERT INTO bookclubs (clubid, name, description) VALUES (330, 'Book Club 80', 'This is the description for Book Club 80.');
INSERT INTO bookclub_creators (clubid, userid) VALUES (330, 44);
INSERT INTO bookclub_members (clubid, userid) VALUES (330, 225);
INSERT INTO bookclub_members (clubid, userid) VALUES (330, 195);
INSERT INTO bookclub_members (clubid, userid) VALUES (330, 294);
INSERT INTO bookclub_members (clubid, userid) VALUES (330, 390);
INSERT INTO bookclub_members (clubid, userid) VALUES (330, 72);
INSERT INTO bookclub_members (clubid, userid) VALUES (330, 91);
INSERT INTO bookclub_members (clubid, userid) VALUES (330, 44);
INSERT INTO bookclub_members (clubid, userid) VALUES (330, 77);
INSERT INTO bookclub_members (clubid, userid) VALUES (330, 46);
INSERT INTO bookclub_members (clubid, userid) VALUES (330, 175);
INSERT INTO bookclub_members (clubid, userid) VALUES (330, 15);
INSERT INTO bookclub_members (clubid, userid) VALUES (330, 431);
INSERT INTO bookclub_members (clubid, userid) VALUES (330, 210);
INSERT INTO bookclub_members (clubid, userid) VALUES (330, 82);
INSERT INTO bookclub_members (clubid, userid) VALUES (330, 85);
INSERT INTO bookclub_members (clubid, userid) VALUES (330, 187);
INSERT INTO bookclub_members (clubid, userid) VALUES (330, 348);
INSERT INTO bookclub_reads (clubid, bookid, start_date, end_date, is_current) VALUES (330, 324, '2025-06-11', '2025-08-21', TRUE);
INSERT INTO bookclub_reads (clubid, bookid, start_date, end_date, is_current) VALUES (330, 245, '2025-06-12', '2025-08-22', TRUE);
INSERT INTO bookclub_reads (clubid, bookid, start_date, end_date, is_current) VALUES (330, 816, '2025-06-15', '2025-08-16', TRUE);
INSERT INTO bookclub_reads (clubid, bookid, start_date, end_date, is_current) VALUES (330, 698, '2025-03-23', '2025-04-22', FALSE);
INSERT INTO bookclub_reads (clubid, bookid, start_date, end_date, is_current) VALUES (330, 163, '2025-05-29', '2025-06-28', FALSE);
INSERT INTO bookclub_reads (clubid, bookid, start_date, end_date, is_current) VALUES (330, 771, '2024-12-19', '2025-01-18', FALSE);
INSERT INTO bookclub_reads (clubid, bookid, start_date, end_date, is_current) VALUES (330, 787, '2025-01-14', '2025-02-13', FALSE);
INSERT INTO bookclub_reads (clubid, bookid, start_date, end_date, is_current) VALUES (330, 37, '2025-04-07', '2025-05-07', FALSE);
INSERT INTO bookclub_reads (clubid, bookid, start_date, end_date, is_current) VALUES (330, 269, '2025-02-06', '2025-03-08', FALSE);
INSERT INTO bookclub_reads (clubid, bookid, start_date, end_date, is_current) VALUES (330, 251, '2025-03-27', '2025-04-26', FALSE);
INSERT INTO bookclub_reads (clubid, bookid, start_date, end_date, is_current) VALUES (330, 92, '2025-03-05', '2025-04-04', FALSE);
INSERT INTO bookclub_reads (clubid, bookid, start_date, end_date, is_current) VALUES (330, 289, '2025-03-31', '2025-04-30', FALSE);
INSERT INTO bookclub_reads (clubid, bookid, start_date, end_date, is_current) VALUES (330, 484, '2025-01-01', '2025-01-31', FALSE);
INSERT INTO bookclub_reads (clubid, bookid, start_date, end_date, is_current) VALUES (330, 137, '2024-12-18', '2025-01-17', FALSE);
INSERT INTO bookclub_reads (clubid, bookid, start_date, end_date, is_current) VALUES (330, 382, '2025-03-25', '2025-04-24', FALSE);
INSERT INTO bookclub_reads (clubid, bookid, start_date, end_date, is_current) VALUES (330, 295, '2025-01-23', '2025-02-22', FALSE);
INSERT INTO bookclub_reads (clubid, bookid, start_date, end_date, is_current) VALUES (330, 278, '2025-05-01', '2025-05-31', FALSE);

INSERT INTO bookclubs (clubid, name, description) VALUES (331, 'Book Club 81', 'This is the description for Book Club 81.');
INSERT INTO bookclub_creators (clubid, userid) VALUES (331, 430);
INSERT INTO bookclub_members (clubid, userid) VALUES (331, 280);
INSERT INTO bookclub_members (clubid, userid) VALUES (331, 153);
INSERT INTO bookclub_members (clubid, userid) VALUES (331, 259);
INSERT INTO bookclub_members (clubid, userid) VALUES (331, 162);
INSERT INTO bookclub_members (clubid, userid) VALUES (331, 388);
INSERT INTO bookclub_members (clubid, userid) VALUES (331, 7);
INSERT INTO bookclub_members (clubid, userid) VALUES (331, 430);
INSERT INTO bookclub_members (clubid, userid) VALUES (331, 431);
INSERT INTO bookclub_members (clubid, userid) VALUES (331, 48);
INSERT INTO bookclub_members (clubid, userid) VALUES (331, 403);
INSERT INTO bookclub_members (clubid, userid) VALUES (331, 117);
INSERT INTO bookclub_members (clubid, userid) VALUES (331, 278);
INSERT INTO bookclub_members (clubid, userid) VALUES (331, 120);
INSERT INTO bookclub_members (clubid, userid) VALUES (331, 313);
INSERT INTO bookclub_members (clubid, userid) VALUES (331, 443);
INSERT INTO bookclub_members (clubid, userid) VALUES (331, 92);
INSERT INTO bookclub_members (clubid, userid) VALUES (331, 57);
INSERT INTO bookclub_reads (clubid, bookid, start_date, end_date, is_current) VALUES (331, 481, '2025-07-05', '2025-07-24', TRUE);
INSERT INTO bookclub_reads (clubid, bookid, start_date, end_date, is_current) VALUES (331, 216, '2025-02-09', '2025-03-11', FALSE);
INSERT INTO bookclub_reads (clubid, bookid, start_date, end_date, is_current) VALUES (331, 385, '2025-05-15', '2025-06-14', FALSE);
INSERT INTO bookclub_reads (clubid, bookid, start_date, end_date, is_current) VALUES (331, 865, '2025-01-14', '2025-02-13', FALSE);
INSERT INTO bookclub_reads (clubid, bookid, start_date, end_date, is_current) VALUES (331, 434, '2025-04-11', '2025-05-11', FALSE);
INSERT INTO bookclub_reads (clubid, bookid, start_date, end_date, is_current) VALUES (331, 421, '2025-02-27', '2025-03-29', FALSE);
INSERT INTO bookclub_reads (clubid, bookid, start_date, end_date, is_current) VALUES (331, 667, '2024-12-30', '2025-01-29', FALSE);
INSERT INTO bookclub_reads (clubid, bookid, start_date, end_date, is_current) VALUES (331, 278, '2024-12-23', '2025-01-22', FALSE);
INSERT INTO bookclub_reads (clubid, bookid, start_date, end_date, is_current) VALUES (331, 969, '2025-04-29', '2025-05-29', FALSE);

INSERT INTO bookclubs (clubid, name, description) VALUES (332, 'Book Club 82', 'This is the description for Book Club 82.');
INSERT INTO bookclub_creators (clubid, userid) VALUES (332, 253);
INSERT INTO bookclub_members (clubid, userid) VALUES (332, 1);
INSERT INTO bookclub_members (clubid, userid) VALUES (332, 258);
INSERT INTO bookclub_members (clubid, userid) VALUES (332, 356);
INSERT INTO bookclub_members (clubid, userid) VALUES (332, 324);
INSERT INTO bookclub_members (clubid, userid) VALUES (332, 388);
INSERT INTO bookclub_members (clubid, userid) VALUES (332, 250);
INSERT INTO bookclub_members (clubid, userid) VALUES (332, 273);
INSERT INTO bookclub_members (clubid, userid) VALUES (332, 307);
INSERT INTO bookclub_members (clubid, userid) VALUES (332, 51);
INSERT INTO bookclub_members (clubid, userid) VALUES (332, 341);
INSERT INTO bookclub_members (clubid, userid) VALUES (332, 346);
INSERT INTO bookclub_members (clubid, userid) VALUES (332, 252);
INSERT INTO bookclub_members (clubid, userid) VALUES (332, 253);
INSERT INTO bookclub_members (clubid, userid) VALUES (332, 414);
INSERT INTO bookclub_reads (clubid, bookid, start_date, end_date, is_current) VALUES (332, 31, '2025-06-27', '2025-07-26', TRUE);
INSERT INTO bookclub_reads (clubid, bookid, start_date, end_date, is_current) VALUES (332, 251, '2025-06-02', '2025-07-02', FALSE);
INSERT INTO bookclub_reads (clubid, bookid, start_date, end_date, is_current) VALUES (332, 835, '2025-01-23', '2025-02-22', FALSE);
INSERT INTO bookclub_reads (clubid, bookid, start_date, end_date, is_current) VALUES (332, 181, '2025-04-04', '2025-05-04', FALSE);
INSERT INTO bookclub_reads (clubid, bookid, start_date, end_date, is_current) VALUES (332, 685, '2025-05-10', '2025-06-09', FALSE);
INSERT INTO bookclub_reads (clubid, bookid, start_date, end_date, is_current) VALUES (332, 434, '2025-02-05', '2025-03-07', FALSE);
INSERT INTO bookclub_reads (clubid, bookid, start_date, end_date, is_current) VALUES (332, 110, '2025-01-29', '2025-02-28', FALSE);
INSERT INTO bookclub_reads (clubid, bookid, start_date, end_date, is_current) VALUES (332, 86, '2025-05-26', '2025-06-25', FALSE);
INSERT INTO bookclub_reads (clubid, bookid, start_date, end_date, is_current) VALUES (332, 67, '2025-04-23', '2025-05-23', FALSE);
INSERT INTO bookclub_reads (clubid, bookid, start_date, end_date, is_current) VALUES (332, 842, '2025-03-31', '2025-04-30', FALSE);
INSERT INTO bookclub_reads (clubid, bookid, start_date, end_date, is_current) VALUES (332, 829, '2025-02-13', '2025-03-15', FALSE);
INSERT INTO bookclub_reads (clubid, bookid, start_date, end_date, is_current) VALUES (332, 935, '2025-01-10', '2025-02-09', FALSE);
INSERT INTO bookclub_reads (clubid, bookid, start_date, end_date, is_current) VALUES (332, 841, '2025-02-17', '2025-03-19', FALSE);
INSERT INTO bookclub_reads (clubid, bookid, start_date, end_date, is_current) VALUES (332, 277, '2025-04-04', '2025-05-04', FALSE);
INSERT INTO bookclub_reads (clubid, bookid, start_date, end_date, is_current) VALUES (332, 816, '2025-04-21', '2025-05-21', FALSE);
INSERT INTO bookclub_reads (clubid, bookid, start_date, end_date, is_current) VALUES (332, 288, '2025-01-08', '2025-02-07', FALSE);

INSERT INTO bookclubs (clubid, name, description) VALUES (333, 'Book Club 83', 'This is the description for Book Club 83.');
INSERT INTO bookclub_creators (clubid, userid) VALUES (333, 60);
INSERT INTO bookclub_members (clubid, userid) VALUES (333, 226);
INSERT INTO bookclub_members (clubid, userid) VALUES (333, 196);
INSERT INTO bookclub_members (clubid, userid) VALUES (333, 326);
INSERT INTO bookclub_members (clubid, userid) VALUES (333, 102);
INSERT INTO bookclub_members (clubid, userid) VALUES (333, 139);
INSERT INTO bookclub_members (clubid, userid) VALUES (333, 109);
INSERT INTO bookclub_members (clubid, userid) VALUES (333, 60);
INSERT INTO bookclub_members (clubid, userid) VALUES (333, 175);
INSERT INTO bookclub_members (clubid, userid) VALUES (333, 369);
INSERT INTO bookclub_members (clubid, userid) VALUES (333, 145);
INSERT INTO bookclub_members (clubid, userid) VALUES (333, 379);
INSERT INTO bookclub_members (clubid, userid) VALUES (333, 178);
INSERT INTO bookclub_members (clubid, userid) VALUES (333, 81);
INSERT INTO bookclub_members (clubid, userid) VALUES (333, 348);
INSERT INTO bookclub_members (clubid, userid) VALUES (333, 155);
INSERT INTO bookclub_members (clubid, userid) VALUES (333, 92);
INSERT INTO bookclub_members (clubid, userid) VALUES (333, 126);
INSERT INTO bookclub_members (clubid, userid) VALUES (333, 255);
INSERT INTO bookclub_reads (clubid, bookid, start_date, end_date, is_current) VALUES (333, 413, '2025-07-05', '2025-08-18', TRUE);
INSERT INTO bookclub_reads (clubid, bookid, start_date, end_date, is_current) VALUES (333, 59, '2025-06-28', '2025-07-24', TRUE);
INSERT INTO bookclub_reads (clubid, bookid, start_date, end_date, is_current) VALUES (333, 565, '2025-03-05', '2025-04-04', FALSE);
INSERT INTO bookclub_reads (clubid, bookid, start_date, end_date, is_current) VALUES (333, 431, '2025-02-22', '2025-03-24', FALSE);
INSERT INTO bookclub_reads (clubid, bookid, start_date, end_date, is_current) VALUES (333, 78, '2025-02-20', '2025-03-22', FALSE);
INSERT INTO bookclub_reads (clubid, bookid, start_date, end_date, is_current) VALUES (333, 144, '2025-06-07', '2025-07-07', FALSE);
INSERT INTO bookclub_reads (clubid, bookid, start_date, end_date, is_current) VALUES (333, 975, '2025-04-12', '2025-05-12', FALSE);
INSERT INTO bookclub_reads (clubid, bookid, start_date, end_date, is_current) VALUES (333, 665, '2025-04-02', '2025-05-02', FALSE);
INSERT INTO bookclub_reads (clubid, bookid, start_date, end_date, is_current) VALUES (333, 26, '2025-01-22', '2025-02-21', FALSE);
INSERT INTO bookclub_reads (clubid, bookid, start_date, end_date, is_current) VALUES (333, 31, '2025-03-01', '2025-03-31', FALSE);
INSERT INTO bookclub_reads (clubid, bookid, start_date, end_date, is_current) VALUES (333, 96, '2025-03-18', '2025-04-17', FALSE);
INSERT INTO bookclub_reads (clubid, bookid, start_date, end_date, is_current) VALUES (333, 765, '2025-03-10', '2025-04-09', FALSE);
INSERT INTO bookclub_reads (clubid, bookid, start_date, end_date, is_current) VALUES (333, 54, '2025-02-21', '2025-03-23', FALSE);
INSERT INTO bookclub_reads (clubid, bookid, start_date, end_date, is_current) VALUES (333, 664, '2025-02-23', '2025-03-25', FALSE);

INSERT INTO bookclubs (clubid, name, description) VALUES (334, 'Book Club 84', 'This is the description for Book Club 84.');
INSERT INTO bookclub_creators (clubid, userid) VALUES (334, 134);
INSERT INTO bookclub_members (clubid, userid) VALUES (334, 163);
INSERT INTO bookclub_members (clubid, userid) VALUES (334, 134);
INSERT INTO bookclub_members (clubid, userid) VALUES (334, 137);
INSERT INTO bookclub_members (clubid, userid) VALUES (334, 13);
INSERT INTO bookclub_members (clubid, userid) VALUES (334, 18);
INSERT INTO bookclub_members (clubid, userid) VALUES (334, 149);
INSERT INTO bookclub_reads (clubid, bookid, start_date, end_date, is_current) VALUES (334, 140, '2025-06-27', '2025-08-05', TRUE);
INSERT INTO bookclub_reads (clubid, bookid, start_date, end_date, is_current) VALUES (334, 900, '2025-02-08', '2025-03-10', FALSE);
INSERT INTO bookclub_reads (clubid, bookid, start_date, end_date, is_current) VALUES (334, 208, '2025-04-01', '2025-05-01', FALSE);
INSERT INTO bookclub_reads (clubid, bookid, start_date, end_date, is_current) VALUES (334, 960, '2025-01-29', '2025-02-28', FALSE);
INSERT INTO bookclub_reads (clubid, bookid, start_date, end_date, is_current) VALUES (334, 842, '2025-03-24', '2025-04-23', FALSE);
INSERT INTO bookclub_reads (clubid, bookid, start_date, end_date, is_current) VALUES (334, 493, '2025-04-04', '2025-05-04', FALSE);
INSERT INTO bookclub_reads (clubid, bookid, start_date, end_date, is_current) VALUES (334, 707, '2025-05-31', '2025-06-30', FALSE);
INSERT INTO bookclub_reads (clubid, bookid, start_date, end_date, is_current) VALUES (334, 71, '2025-05-29', '2025-06-28', FALSE);
INSERT INTO bookclub_reads (clubid, bookid, start_date, end_date, is_current) VALUES (334, 133, '2025-01-27', '2025-02-26', FALSE);
INSERT INTO bookclub_reads (clubid, bookid, start_date, end_date, is_current) VALUES (334, 929, '2025-03-24', '2025-04-23', FALSE);
INSERT INTO bookclub_reads (clubid, bookid, start_date, end_date, is_current) VALUES (334, 524, '2025-04-15', '2025-05-15', FALSE);

INSERT INTO bookclubs (clubid, name, description) VALUES (335, 'Book Club 85', 'This is the description for Book Club 85.');
INSERT INTO bookclub_creators (clubid, userid) VALUES (335, 175);
INSERT INTO bookclub_members (clubid, userid) VALUES (335, 132);
INSERT INTO bookclub_members (clubid, userid) VALUES (335, 421);
INSERT INTO bookclub_members (clubid, userid) VALUES (335, 358);
INSERT INTO bookclub_members (clubid, userid) VALUES (335, 260);
INSERT INTO bookclub_members (clubid, userid) VALUES (335, 233);
INSERT INTO bookclub_members (clubid, userid) VALUES (335, 330);
INSERT INTO bookclub_members (clubid, userid) VALUES (335, 139);
INSERT INTO bookclub_members (clubid, userid) VALUES (335, 175);
INSERT INTO bookclub_members (clubid, userid) VALUES (335, 368);
INSERT INTO bookclub_members (clubid, userid) VALUES (335, 278);
INSERT INTO bookclub_members (clubid, userid) VALUES (335, 185);
INSERT INTO bookclub_members (clubid, userid) VALUES (335, 380);
INSERT INTO bookclub_members (clubid, userid) VALUES (335, 382);
INSERT INTO bookclub_members (clubid, userid) VALUES (335, 415);
INSERT INTO bookclub_reads (clubid, bookid, start_date, end_date, is_current) VALUES (335, 658, '2025-06-16', '2025-07-29', TRUE);
INSERT INTO bookclub_reads (clubid, bookid, start_date, end_date, is_current) VALUES (335, 58, '2025-06-20', '2025-08-14', TRUE);
INSERT INTO bookclub_reads (clubid, bookid, start_date, end_date, is_current) VALUES (335, 231, '2025-03-23', '2025-04-22', FALSE);
INSERT INTO bookclub_reads (clubid, bookid, start_date, end_date, is_current) VALUES (335, 394, '2025-02-05', '2025-03-07', FALSE);
INSERT INTO bookclub_reads (clubid, bookid, start_date, end_date, is_current) VALUES (335, 4, '2025-02-06', '2025-03-08', FALSE);
INSERT INTO bookclub_reads (clubid, bookid, start_date, end_date, is_current) VALUES (335, 650, '2025-04-16', '2025-05-16', FALSE);
INSERT INTO bookclub_reads (clubid, bookid, start_date, end_date, is_current) VALUES (335, 162, '2025-02-26', '2025-03-28', FALSE);
INSERT INTO bookclub_reads (clubid, bookid, start_date, end_date, is_current) VALUES (335, 700, '2025-02-19', '2025-03-21', FALSE);
INSERT INTO bookclub_reads (clubid, bookid, start_date, end_date, is_current) VALUES (335, 355, '2025-03-08', '2025-04-07', FALSE);
INSERT INTO bookclub_reads (clubid, bookid, start_date, end_date, is_current) VALUES (335, 288, '2025-03-08', '2025-04-07', FALSE);
INSERT INTO bookclub_reads (clubid, bookid, start_date, end_date, is_current) VALUES (335, 295, '2025-01-28', '2025-02-27', FALSE);
INSERT INTO bookclub_reads (clubid, bookid, start_date, end_date, is_current) VALUES (335, 99, '2025-03-17', '2025-04-16', FALSE);
INSERT INTO bookclub_reads (clubid, bookid, start_date, end_date, is_current) VALUES (335, 14, '2025-05-14', '2025-06-13', FALSE);
INSERT INTO bookclub_reads (clubid, bookid, start_date, end_date, is_current) VALUES (335, 869, '2025-03-11', '2025-04-10', FALSE);
INSERT INTO bookclub_reads (clubid, bookid, start_date, end_date, is_current) VALUES (335, 763, '2025-01-09', '2025-02-08', FALSE);
INSERT INTO bookclub_reads (clubid, bookid, start_date, end_date, is_current) VALUES (335, 50, '2025-01-19', '2025-02-18', FALSE);
INSERT INTO bookclub_reads (clubid, bookid, start_date, end_date, is_current) VALUES (335, 28, '2025-03-12', '2025-04-11', FALSE);

INSERT INTO bookclubs (clubid, name, description) VALUES (336, 'Book Club 86', 'This is the description for Book Club 86.');
INSERT INTO bookclub_creators (clubid, userid) VALUES (336, 345);
INSERT INTO bookclub_members (clubid, userid) VALUES (336, 384);
INSERT INTO bookclub_members (clubid, userid) VALUES (336, 265);
INSERT INTO bookclub_members (clubid, userid) VALUES (336, 140);
INSERT INTO bookclub_members (clubid, userid) VALUES (336, 13);
INSERT INTO bookclub_members (clubid, userid) VALUES (336, 401);
INSERT INTO bookclub_members (clubid, userid) VALUES (336, 148);
INSERT INTO bookclub_members (clubid, userid) VALUES (336, 408);
INSERT INTO bookclub_members (clubid, userid) VALUES (336, 24);
INSERT INTO bookclub_members (clubid, userid) VALUES (336, 33);
INSERT INTO bookclub_members (clubid, userid) VALUES (336, 294);
INSERT INTO bookclub_members (clubid, userid) VALUES (336, 48);
INSERT INTO bookclub_members (clubid, userid) VALUES (336, 182);
INSERT INTO bookclub_members (clubid, userid) VALUES (336, 62);
INSERT INTO bookclub_members (clubid, userid) VALUES (336, 194);
INSERT INTO bookclub_members (clubid, userid) VALUES (336, 197);
INSERT INTO bookclub_members (clubid, userid) VALUES (336, 78);
INSERT INTO bookclub_members (clubid, userid) VALUES (336, 345);
INSERT INTO bookclub_members (clubid, userid) VALUES (336, 222);
INSERT INTO bookclub_members (clubid, userid) VALUES (336, 243);
INSERT INTO bookclub_reads (clubid, bookid, start_date, end_date, is_current) VALUES (336, 91, '2025-06-13', '2025-08-13', TRUE);
INSERT INTO bookclub_reads (clubid, bookid, start_date, end_date, is_current) VALUES (336, 153, '2025-06-22', '2025-08-10', TRUE);
INSERT INTO bookclub_reads (clubid, bookid, start_date, end_date, is_current) VALUES (336, 399, '2025-07-06', '2025-08-07', TRUE);
INSERT INTO bookclub_reads (clubid, bookid, start_date, end_date, is_current) VALUES (336, 171, '2025-04-03', '2025-05-03', FALSE);
INSERT INTO bookclub_reads (clubid, bookid, start_date, end_date, is_current) VALUES (336, 264, '2025-02-22', '2025-03-24', FALSE);
INSERT INTO bookclub_reads (clubid, bookid, start_date, end_date, is_current) VALUES (336, 382, '2025-03-23', '2025-04-22', FALSE);
INSERT INTO bookclub_reads (clubid, bookid, start_date, end_date, is_current) VALUES (336, 61, '2025-05-20', '2025-06-19', FALSE);
INSERT INTO bookclub_reads (clubid, bookid, start_date, end_date, is_current) VALUES (336, 998, '2025-04-11', '2025-05-11', FALSE);
INSERT INTO bookclub_reads (clubid, bookid, start_date, end_date, is_current) VALUES (336, 89, '2024-12-25', '2025-01-24', FALSE);
INSERT INTO bookclub_reads (clubid, bookid, start_date, end_date, is_current) VALUES (336, 50, '2025-03-06', '2025-04-05', FALSE);
INSERT INTO bookclub_reads (clubid, bookid, start_date, end_date, is_current) VALUES (336, 367, '2025-02-13', '2025-03-15', FALSE);

INSERT INTO bookclubs (clubid, name, description) VALUES (337, 'Book Club 87', 'This is the description for Book Club 87.');
INSERT INTO bookclub_creators (clubid, userid) VALUES (337, 54);
INSERT INTO bookclub_members (clubid, userid) VALUES (337, 338);
INSERT INTO bookclub_members (clubid, userid) VALUES (337, 85);
INSERT INTO bookclub_members (clubid, userid) VALUES (337, 54);
INSERT INTO bookclub_members (clubid, userid) VALUES (337, 376);
INSERT INTO bookclub_members (clubid, userid) VALUES (337, 158);
INSERT INTO bookclub_members (clubid, userid) VALUES (337, 94);
INSERT INTO bookclub_reads (clubid, bookid, start_date, end_date, is_current) VALUES (337, 292, '2025-06-18', '2025-07-26', TRUE);
INSERT INTO bookclub_reads (clubid, bookid, start_date, end_date, is_current) VALUES (337, 664, '2025-07-01', '2025-07-24', TRUE);
INSERT INTO bookclub_reads (clubid, bookid, start_date, end_date, is_current) VALUES (337, 766, '2025-05-02', '2025-06-01', FALSE);
INSERT INTO bookclub_reads (clubid, bookid, start_date, end_date, is_current) VALUES (337, 207, '2025-04-24', '2025-05-24', FALSE);
INSERT INTO bookclub_reads (clubid, bookid, start_date, end_date, is_current) VALUES (337, 337, '2025-03-26', '2025-04-25', FALSE);
INSERT INTO bookclub_reads (clubid, bookid, start_date, end_date, is_current) VALUES (337, 296, '2025-03-02', '2025-04-01', FALSE);
INSERT INTO bookclub_reads (clubid, bookid, start_date, end_date, is_current) VALUES (337, 980, '2025-04-27', '2025-05-27', FALSE);
INSERT INTO bookclub_reads (clubid, bookid, start_date, end_date, is_current) VALUES (337, 890, '2025-01-09', '2025-02-08', FALSE);
INSERT INTO bookclub_reads (clubid, bookid, start_date, end_date, is_current) VALUES (337, 700, '2025-01-08', '2025-02-07', FALSE);
INSERT INTO bookclub_reads (clubid, bookid, start_date, end_date, is_current) VALUES (337, 264, '2025-01-12', '2025-02-11', FALSE);
INSERT INTO bookclub_reads (clubid, bookid, start_date, end_date, is_current) VALUES (337, 356, '2025-02-04', '2025-03-06', FALSE);
INSERT INTO bookclub_reads (clubid, bookid, start_date, end_date, is_current) VALUES (337, 89, '2024-12-19', '2025-01-18', FALSE);
INSERT INTO bookclub_reads (clubid, bookid, start_date, end_date, is_current) VALUES (337, 834, '2025-03-10', '2025-04-09', FALSE);
INSERT INTO bookclub_reads (clubid, bookid, start_date, end_date, is_current) VALUES (337, 152, '2025-03-03', '2025-04-02', FALSE);
INSERT INTO bookclub_reads (clubid, bookid, start_date, end_date, is_current) VALUES (337, 404, '2025-03-24', '2025-04-23', FALSE);

INSERT INTO bookclubs (clubid, name, description) VALUES (338, 'Book Club 88', 'This is the description for Book Club 88.');
INSERT INTO bookclub_creators (clubid, userid) VALUES (338, 277);
INSERT INTO bookclub_members (clubid, userid) VALUES (338, 418);
INSERT INTO bookclub_members (clubid, userid) VALUES (338, 164);
INSERT INTO bookclub_members (clubid, userid) VALUES (338, 73);
INSERT INTO bookclub_members (clubid, userid) VALUES (338, 277);
INSERT INTO bookclub_members (clubid, userid) VALUES (338, 374);
INSERT INTO bookclub_reads (clubid, bookid, start_date, end_date, is_current) VALUES (338, 156, '2025-07-08', '2025-07-27', TRUE);
INSERT INTO bookclub_reads (clubid, bookid, start_date, end_date, is_current) VALUES (338, 100, '2025-07-07', '2025-07-25', TRUE);
INSERT INTO bookclub_reads (clubid, bookid, start_date, end_date, is_current) VALUES (338, 168, '2025-06-22', '2025-08-12', TRUE);
INSERT INTO bookclub_reads (clubid, bookid, start_date, end_date, is_current) VALUES (338, 133, '2024-12-23', '2025-01-22', FALSE);
INSERT INTO bookclub_reads (clubid, bookid, start_date, end_date, is_current) VALUES (338, 403, '2025-04-21', '2025-05-21', FALSE);
INSERT INTO bookclub_reads (clubid, bookid, start_date, end_date, is_current) VALUES (338, 497, '2025-03-20', '2025-04-19', FALSE);
INSERT INTO bookclub_reads (clubid, bookid, start_date, end_date, is_current) VALUES (338, 703, '2025-04-16', '2025-05-16', FALSE);
INSERT INTO bookclub_reads (clubid, bookid, start_date, end_date, is_current) VALUES (338, 63, '2025-04-30', '2025-05-30', FALSE);

INSERT INTO bookclubs (clubid, name, description) VALUES (339, 'Book Club 89', 'This is the description for Book Club 89.');
INSERT INTO bookclub_creators (clubid, userid) VALUES (339, 49);
INSERT INTO bookclub_members (clubid, userid) VALUES (339, 161);
INSERT INTO bookclub_members (clubid, userid) VALUES (339, 132);
INSERT INTO bookclub_members (clubid, userid) VALUES (339, 133);
INSERT INTO bookclub_members (clubid, userid) VALUES (339, 166);
INSERT INTO bookclub_members (clubid, userid) VALUES (339, 269);
INSERT INTO bookclub_members (clubid, userid) VALUES (339, 302);
INSERT INTO bookclub_members (clubid, userid) VALUES (339, 398);
INSERT INTO bookclub_members (clubid, userid) VALUES (339, 47);
INSERT INTO bookclub_members (clubid, userid) VALUES (339, 365);
INSERT INTO bookclub_members (clubid, userid) VALUES (339, 338);
INSERT INTO bookclub_members (clubid, userid) VALUES (339, 49);
INSERT INTO bookclub_members (clubid, userid) VALUES (339, 254);
INSERT INTO bookclub_members (clubid, userid) VALUES (339, 56);
INSERT INTO bookclub_members (clubid, userid) VALUES (339, 184);
INSERT INTO bookclub_reads (clubid, bookid, start_date, end_date, is_current) VALUES (339, 629, '2025-06-18', '2025-08-19', TRUE);
INSERT INTO bookclub_reads (clubid, bookid, start_date, end_date, is_current) VALUES (339, 868, '2025-06-16', '2025-08-15', TRUE);
INSERT INTO bookclub_reads (clubid, bookid, start_date, end_date, is_current) VALUES (339, 110, '2025-03-11', '2025-04-10', FALSE);
INSERT INTO bookclub_reads (clubid, bookid, start_date, end_date, is_current) VALUES (339, 13, '2024-12-31', '2025-01-30', FALSE);
INSERT INTO bookclub_reads (clubid, bookid, start_date, end_date, is_current) VALUES (339, 539, '2024-12-21', '2025-01-20', FALSE);
INSERT INTO bookclub_reads (clubid, bookid, start_date, end_date, is_current) VALUES (339, 245, '2024-12-22', '2025-01-21', FALSE);
INSERT INTO bookclub_reads (clubid, bookid, start_date, end_date, is_current) VALUES (339, 204, '2025-02-26', '2025-03-28', FALSE);
INSERT INTO bookclub_reads (clubid, bookid, start_date, end_date, is_current) VALUES (339, 50, '2025-05-29', '2025-06-28', FALSE);
INSERT INTO bookclub_reads (clubid, bookid, start_date, end_date, is_current) VALUES (339, 685, '2025-06-03', '2025-07-03', FALSE);
INSERT INTO bookclub_reads (clubid, bookid, start_date, end_date, is_current) VALUES (339, 100, '2025-04-24', '2025-05-24', FALSE);
INSERT INTO bookclub_reads (clubid, bookid, start_date, end_date, is_current) VALUES (339, 135, '2024-12-23', '2025-01-22', FALSE);
INSERT INTO bookclub_reads (clubid, bookid, start_date, end_date, is_current) VALUES (339, 1097, '2025-03-29', '2025-04-28', FALSE);
INSERT INTO bookclub_reads (clubid, bookid, start_date, end_date, is_current) VALUES (339, 385, '2025-05-30', '2025-06-29', FALSE);
INSERT INTO bookclub_reads (clubid, bookid, start_date, end_date, is_current) VALUES (339, 74, '2025-04-26', '2025-05-26', FALSE);
INSERT INTO bookclub_reads (clubid, bookid, start_date, end_date, is_current) VALUES (339, 463, '2025-03-09', '2025-04-08', FALSE);
INSERT INTO bookclub_reads (clubid, bookid, start_date, end_date, is_current) VALUES (339, 650, '2025-03-23', '2025-04-22', FALSE);

INSERT INTO bookclubs (clubid, name, description) VALUES (340, 'Book Club 90', 'This is the description for Book Club 90.');
INSERT INTO bookclub_creators (clubid, userid) VALUES (340, 437);
INSERT INTO bookclub_members (clubid, userid) VALUES (340, 352);
INSERT INTO bookclub_members (clubid, userid) VALUES (340, 165);
INSERT INTO bookclub_members (clubid, userid) VALUES (340, 172);
INSERT INTO bookclub_members (clubid, userid) VALUES (340, 309);
INSERT INTO bookclub_members (clubid, userid) VALUES (340, 437);
INSERT INTO bookclub_members (clubid, userid) VALUES (340, 409);
INSERT INTO bookclub_members (clubid, userid) VALUES (340, 378);
INSERT INTO bookclub_members (clubid, userid) VALUES (340, 30);
INSERT INTO bookclub_reads (clubid, bookid, start_date, end_date, is_current) VALUES (340, 289, '2025-07-02', '2025-07-25', TRUE);
INSERT INTO bookclub_reads (clubid, bookid, start_date, end_date, is_current) VALUES (340, 842, '2025-02-03', '2025-03-05', FALSE);
INSERT INTO bookclub_reads (clubid, bookid, start_date, end_date, is_current) VALUES (340, 2, '2025-01-19', '2025-02-18', FALSE);
INSERT INTO bookclub_reads (clubid, bookid, start_date, end_date, is_current) VALUES (340, 409, '2025-01-17', '2025-02-16', FALSE);
INSERT INTO bookclub_reads (clubid, bookid, start_date, end_date, is_current) VALUES (340, 670, '2025-03-26', '2025-04-25', FALSE);
INSERT INTO bookclub_reads (clubid, bookid, start_date, end_date, is_current) VALUES (340, 277, '2025-04-18', '2025-05-18', FALSE);
INSERT INTO bookclub_reads (clubid, bookid, start_date, end_date, is_current) VALUES (340, 182, '2025-03-25', '2025-04-24', FALSE);
INSERT INTO bookclub_reads (clubid, bookid, start_date, end_date, is_current) VALUES (340, 61, '2024-12-18', '2025-01-17', FALSE);
INSERT INTO bookclub_reads (clubid, bookid, start_date, end_date, is_current) VALUES (340, 826, '2025-03-20', '2025-04-19', FALSE);
INSERT INTO bookclub_reads (clubid, bookid, start_date, end_date, is_current) VALUES (340, 157, '2024-12-12', '2025-01-11', FALSE);
INSERT INTO bookclub_reads (clubid, bookid, start_date, end_date, is_current) VALUES (340, 117, '2025-03-03', '2025-04-02', FALSE);
INSERT INTO bookclub_reads (clubid, bookid, start_date, end_date, is_current) VALUES (340, 412, '2025-01-04', '2025-02-03', FALSE);
INSERT INTO bookclub_reads (clubid, bookid, start_date, end_date, is_current) VALUES (340, 96, '2025-03-28', '2025-04-27', FALSE);
INSERT INTO bookclub_reads (clubid, bookid, start_date, end_date, is_current) VALUES (340, 89, '2025-06-03', '2025-07-03', FALSE);
INSERT INTO bookclub_reads (clubid, bookid, start_date, end_date, is_current) VALUES (340, 354, '2025-03-04', '2025-04-03', FALSE);
INSERT INTO bookclub_reads (clubid, bookid, start_date, end_date, is_current) VALUES (340, 675, '2025-03-01', '2025-03-31', FALSE);

INSERT INTO bookclubs (clubid, name, description) VALUES (341, 'Book Club 91', 'This is the description for Book Club 91.');
INSERT INTO bookclub_creators (clubid, userid) VALUES (341, 260);
INSERT INTO bookclub_members (clubid, userid) VALUES (341, 258);
INSERT INTO bookclub_members (clubid, userid) VALUES (341, 164);
INSERT INTO bookclub_members (clubid, userid) VALUES (341, 260);
INSERT INTO bookclub_members (clubid, userid) VALUES (341, 41);
INSERT INTO bookclub_members (clubid, userid) VALUES (341, 398);
INSERT INTO bookclub_members (clubid, userid) VALUES (341, 154);
INSERT INTO bookclub_members (clubid, userid) VALUES (341, 414);
INSERT INTO bookclub_reads (clubid, bookid, start_date, end_date, is_current) VALUES (341, 201, '2025-07-07', '2025-08-21', TRUE);
INSERT INTO bookclub_reads (clubid, bookid, start_date, end_date, is_current) VALUES (341, 76, '2025-06-21', '2025-08-17', TRUE);
INSERT INTO bookclub_reads (clubid, bookid, start_date, end_date, is_current) VALUES (341, 156, '2025-05-31', '2025-06-30', FALSE);
INSERT INTO bookclub_reads (clubid, bookid, start_date, end_date, is_current) VALUES (341, 141, '2024-12-23', '2025-01-22', FALSE);
INSERT INTO bookclub_reads (clubid, bookid, start_date, end_date, is_current) VALUES (341, 54, '2025-04-02', '2025-05-02', FALSE);
INSERT INTO bookclub_reads (clubid, bookid, start_date, end_date, is_current) VALUES (341, 987, '2025-05-04', '2025-06-03', FALSE);
INSERT INTO bookclub_reads (clubid, bookid, start_date, end_date, is_current) VALUES (341, 643, '2025-05-19', '2025-06-18', FALSE);
INSERT INTO bookclub_reads (clubid, bookid, start_date, end_date, is_current) VALUES (341, 377, '2025-01-23', '2025-02-22', FALSE);
INSERT INTO bookclub_reads (clubid, bookid, start_date, end_date, is_current) VALUES (341, 435, '2025-02-10', '2025-03-12', FALSE);
INSERT INTO bookclub_reads (clubid, bookid, start_date, end_date, is_current) VALUES (341, 131, '2025-03-19', '2025-04-18', FALSE);
INSERT INTO bookclub_reads (clubid, bookid, start_date, end_date, is_current) VALUES (341, 130, '2025-04-21', '2025-05-21', FALSE);
INSERT INTO bookclub_reads (clubid, bookid, start_date, end_date, is_current) VALUES (341, 348, '2025-02-15', '2025-03-17', FALSE);
INSERT INTO bookclub_reads (clubid, bookid, start_date, end_date, is_current) VALUES (341, 890, '2025-04-29', '2025-05-29', FALSE);
INSERT INTO bookclub_reads (clubid, bookid, start_date, end_date, is_current) VALUES (341, 824, '2025-02-07', '2025-03-09', FALSE);
INSERT INTO bookclub_reads (clubid, bookid, start_date, end_date, is_current) VALUES (341, 639, '2025-02-08', '2025-03-10', FALSE);
INSERT INTO bookclub_reads (clubid, bookid, start_date, end_date, is_current) VALUES (341, 771, '2025-04-07', '2025-05-07', FALSE);

INSERT INTO bookclubs (clubid, name, description) VALUES (342, 'Book Club 92', 'This is the description for Book Club 92.');
INSERT INTO bookclub_creators (clubid, userid) VALUES (342, 48);
INSERT INTO bookclub_members (clubid, userid) VALUES (342, 265);
INSERT INTO bookclub_members (clubid, userid) VALUES (342, 393);
INSERT INTO bookclub_members (clubid, userid) VALUES (342, 44);
INSERT INTO bookclub_members (clubid, userid) VALUES (342, 76);
INSERT INTO bookclub_members (clubid, userid) VALUES (342, 48);
INSERT INTO bookclub_members (clubid, userid) VALUES (342, 185);
INSERT INTO bookclub_reads (clubid, bookid, start_date, end_date, is_current) VALUES (342, 576, '2025-07-01', '2025-08-12', TRUE);
INSERT INTO bookclub_reads (clubid, bookid, start_date, end_date, is_current) VALUES (342, 63, '2025-06-12', '2025-08-16', TRUE);
INSERT INTO bookclub_reads (clubid, bookid, start_date, end_date, is_current) VALUES (342, 165, '2025-04-27', '2025-05-27', FALSE);
INSERT INTO bookclub_reads (clubid, bookid, start_date, end_date, is_current) VALUES (342, 864, '2025-04-21', '2025-05-21', FALSE);
INSERT INTO bookclub_reads (clubid, bookid, start_date, end_date, is_current) VALUES (342, 668, '2024-12-24', '2025-01-23', FALSE);
INSERT INTO bookclub_reads (clubid, bookid, start_date, end_date, is_current) VALUES (342, 83, '2025-01-17', '2025-02-16', FALSE);
INSERT INTO bookclub_reads (clubid, bookid, start_date, end_date, is_current) VALUES (342, 975, '2025-03-28', '2025-04-27', FALSE);
INSERT INTO bookclub_reads (clubid, bookid, start_date, end_date, is_current) VALUES (342, 245, '2025-05-17', '2025-06-16', FALSE);
INSERT INTO bookclub_reads (clubid, bookid, start_date, end_date, is_current) VALUES (342, 93, '2025-06-02', '2025-07-02', FALSE);
INSERT INTO bookclub_reads (clubid, bookid, start_date, end_date, is_current) VALUES (342, 208, '2025-01-26', '2025-02-25', FALSE);
INSERT INTO bookclub_reads (clubid, bookid, start_date, end_date, is_current) VALUES (342, 1090, '2024-12-12', '2025-01-11', FALSE);
INSERT INTO bookclub_reads (clubid, bookid, start_date, end_date, is_current) VALUES (342, 966, '2025-05-23', '2025-06-22', FALSE);
INSERT INTO bookclub_reads (clubid, bookid, start_date, end_date, is_current) VALUES (342, 30, '2025-03-17', '2025-04-16', FALSE);

INSERT INTO bookclubs (clubid, name, description) VALUES (343, 'Book Club 93', 'This is the description for Book Club 93.');
INSERT INTO bookclub_creators (clubid, userid) VALUES (343, 97);
INSERT INTO bookclub_members (clubid, userid) VALUES (343, 353);
INSERT INTO bookclub_members (clubid, userid) VALUES (343, 1);
INSERT INTO bookclub_members (clubid, userid) VALUES (343, 97);
INSERT INTO bookclub_members (clubid, userid) VALUES (343, 165);
INSERT INTO bookclub_members (clubid, userid) VALUES (343, 71);
INSERT INTO bookclub_members (clubid, userid) VALUES (343, 177);
INSERT INTO bookclub_reads (clubid, bookid, start_date, end_date, is_current) VALUES (343, 873, '2025-06-08', '2025-08-03', TRUE);
INSERT INTO bookclub_reads (clubid, bookid, start_date, end_date, is_current) VALUES (343, 822, '2025-02-09', '2025-03-11', FALSE);
INSERT INTO bookclub_reads (clubid, bookid, start_date, end_date, is_current) VALUES (343, 83, '2025-05-08', '2025-06-07', FALSE);
INSERT INTO bookclub_reads (clubid, bookid, start_date, end_date, is_current) VALUES (343, 21, '2025-04-27', '2025-05-27', FALSE);
INSERT INTO bookclub_reads (clubid, bookid, start_date, end_date, is_current) VALUES (343, 428, '2025-02-05', '2025-03-07', FALSE);
INSERT INTO bookclub_reads (clubid, bookid, start_date, end_date, is_current) VALUES (343, 629, '2025-02-20', '2025-03-22', FALSE);
INSERT INTO bookclub_reads (clubid, bookid, start_date, end_date, is_current) VALUES (343, 350, '2025-04-05', '2025-05-05', FALSE);
INSERT INTO bookclub_reads (clubid, bookid, start_date, end_date, is_current) VALUES (343, 664, '2025-03-12', '2025-04-11', FALSE);
INSERT INTO bookclub_reads (clubid, bookid, start_date, end_date, is_current) VALUES (343, 264, '2025-05-02', '2025-06-01', FALSE);
INSERT INTO bookclub_reads (clubid, bookid, start_date, end_date, is_current) VALUES (343, 237, '2025-05-23', '2025-06-22', FALSE);
INSERT INTO bookclub_reads (clubid, bookid, start_date, end_date, is_current) VALUES (343, 871, '2025-03-29', '2025-04-28', FALSE);
INSERT INTO bookclub_reads (clubid, bookid, start_date, end_date, is_current) VALUES (343, 1078, '2025-01-13', '2025-02-12', FALSE);

INSERT INTO bookclubs (clubid, name, description) VALUES (344, 'Book Club 94', 'This is the description for Book Club 94.');
INSERT INTO bookclub_creators (clubid, userid) VALUES (344, 67);
INSERT INTO bookclub_members (clubid, userid) VALUES (344, 289);
INSERT INTO bookclub_members (clubid, userid) VALUES (344, 67);
INSERT INTO bookclub_members (clubid, userid) VALUES (344, 164);
INSERT INTO bookclub_members (clubid, userid) VALUES (344, 5);
INSERT INTO bookclub_members (clubid, userid) VALUES (344, 422);
INSERT INTO bookclub_members (clubid, userid) VALUES (344, 229);
INSERT INTO bookclub_members (clubid, userid) VALUES (344, 75);
INSERT INTO bookclub_members (clubid, userid) VALUES (344, 396);
INSERT INTO bookclub_members (clubid, userid) VALUES (344, 174);
INSERT INTO bookclub_members (clubid, userid) VALUES (344, 270);
INSERT INTO bookclub_members (clubid, userid) VALUES (344, 238);
INSERT INTO bookclub_members (clubid, userid) VALUES (344, 435);
INSERT INTO bookclub_members (clubid, userid) VALUES (344, 342);
INSERT INTO bookclub_members (clubid, userid) VALUES (344, 54);
INSERT INTO bookclub_members (clubid, userid) VALUES (344, 153);
INSERT INTO bookclub_reads (clubid, bookid, start_date, end_date, is_current) VALUES (344, 171, '2025-06-17', '2025-08-12', TRUE);
INSERT INTO bookclub_reads (clubid, bookid, start_date, end_date, is_current) VALUES (344, 793, '2025-06-11', '2025-08-08', TRUE);
INSERT INTO bookclub_reads (clubid, bookid, start_date, end_date, is_current) VALUES (344, 357, '2024-12-31', '2025-01-30', FALSE);
INSERT INTO bookclub_reads (clubid, bookid, start_date, end_date, is_current) VALUES (344, 493, '2025-01-27', '2025-02-26', FALSE);
INSERT INTO bookclub_reads (clubid, bookid, start_date, end_date, is_current) VALUES (344, 870, '2025-02-05', '2025-03-07', FALSE);
INSERT INTO bookclub_reads (clubid, bookid, start_date, end_date, is_current) VALUES (344, 31, '2025-01-14', '2025-02-13', FALSE);
INSERT INTO bookclub_reads (clubid, bookid, start_date, end_date, is_current) VALUES (344, 201, '2025-01-07', '2025-02-06', FALSE);
INSERT INTO bookclub_reads (clubid, bookid, start_date, end_date, is_current) VALUES (344, 253, '2025-05-27', '2025-06-26', FALSE);
INSERT INTO bookclub_reads (clubid, bookid, start_date, end_date, is_current) VALUES (344, 413, '2025-03-06', '2025-04-05', FALSE);
INSERT INTO bookclub_reads (clubid, bookid, start_date, end_date, is_current) VALUES (344, 75, '2025-01-18', '2025-02-17', FALSE);
INSERT INTO bookclub_reads (clubid, bookid, start_date, end_date, is_current) VALUES (344, 762, '2025-04-18', '2025-05-18', FALSE);
INSERT INTO bookclub_reads (clubid, bookid, start_date, end_date, is_current) VALUES (344, 34, '2025-03-15', '2025-04-14', FALSE);

INSERT INTO bookclubs (clubid, name, description) VALUES (345, 'Book Club 95', 'This is the description for Book Club 95.');
INSERT INTO bookclub_creators (clubid, userid) VALUES (345, 362);
INSERT INTO bookclub_members (clubid, userid) VALUES (345, 161);
INSERT INTO bookclub_members (clubid, userid) VALUES (345, 2);
INSERT INTO bookclub_members (clubid, userid) VALUES (345, 227);
INSERT INTO bookclub_members (clubid, userid) VALUES (345, 132);
INSERT INTO bookclub_members (clubid, userid) VALUES (345, 389);
INSERT INTO bookclub_members (clubid, userid) VALUES (345, 129);
INSERT INTO bookclub_members (clubid, userid) VALUES (345, 167);
INSERT INTO bookclub_members (clubid, userid) VALUES (345, 328);
INSERT INTO bookclub_members (clubid, userid) VALUES (345, 9);
INSERT INTO bookclub_members (clubid, userid) VALUES (345, 193);
INSERT INTO bookclub_members (clubid, userid) VALUES (345, 362);
INSERT INTO bookclub_members (clubid, userid) VALUES (345, 82);
INSERT INTO bookclub_members (clubid, userid) VALUES (345, 23);
INSERT INTO bookclub_members (clubid, userid) VALUES (345, 312);
INSERT INTO bookclub_members (clubid, userid) VALUES (345, 154);
INSERT INTO bookclub_members (clubid, userid) VALUES (345, 188);
INSERT INTO bookclub_reads (clubid, bookid, start_date, end_date, is_current) VALUES (345, 377, '2025-06-22', '2025-07-27', TRUE);
INSERT INTO bookclub_reads (clubid, bookid, start_date, end_date, is_current) VALUES (345, 599, '2025-07-01', '2025-08-08', TRUE);
INSERT INTO bookclub_reads (clubid, bookid, start_date, end_date, is_current) VALUES (345, 63, '2025-04-16', '2025-05-16', FALSE);
INSERT INTO bookclub_reads (clubid, bookid, start_date, end_date, is_current) VALUES (345, 890, '2025-05-06', '2025-06-05', FALSE);
INSERT INTO bookclub_reads (clubid, bookid, start_date, end_date, is_current) VALUES (345, 431, '2025-02-19', '2025-03-21', FALSE);
INSERT INTO bookclub_reads (clubid, bookid, start_date, end_date, is_current) VALUES (345, 216, '2025-05-27', '2025-06-26', FALSE);
INSERT INTO bookclub_reads (clubid, bookid, start_date, end_date, is_current) VALUES (345, 96, '2025-01-12', '2025-02-11', FALSE);
INSERT INTO bookclub_reads (clubid, bookid, start_date, end_date, is_current) VALUES (345, 793, '2025-06-05', '2025-07-05', FALSE);
INSERT INTO bookclub_reads (clubid, bookid, start_date, end_date, is_current) VALUES (345, 5, '2025-05-25', '2025-06-24', FALSE);
INSERT INTO bookclub_reads (clubid, bookid, start_date, end_date, is_current) VALUES (345, 156, '2025-03-12', '2025-04-11', FALSE);
INSERT INTO bookclub_reads (clubid, bookid, start_date, end_date, is_current) VALUES (345, 670, '2025-05-04', '2025-06-03', FALSE);
INSERT INTO bookclub_reads (clubid, bookid, start_date, end_date, is_current) VALUES (345, 826, '2025-05-22', '2025-06-21', FALSE);
INSERT INTO bookclub_reads (clubid, bookid, start_date, end_date, is_current) VALUES (345, 523, '2025-04-06', '2025-05-06', FALSE);
INSERT INTO bookclub_reads (clubid, bookid, start_date, end_date, is_current) VALUES (345, 394, '2025-02-20', '2025-03-22', FALSE);
INSERT INTO bookclub_reads (clubid, bookid, start_date, end_date, is_current) VALUES (345, 67, '2025-03-18', '2025-04-17', FALSE);
INSERT INTO bookclub_reads (clubid, bookid, start_date, end_date, is_current) VALUES (345, 902, '2025-01-20', '2025-02-19', FALSE);
INSERT INTO bookclub_reads (clubid, bookid, start_date, end_date, is_current) VALUES (345, 840, '2025-05-06', '2025-06-05', FALSE);

INSERT INTO bookclubs (clubid, name, description) VALUES (346, 'Book Club 96', 'This is the description for Book Club 96.');
INSERT INTO bookclub_creators (clubid, userid) VALUES (346, 224);
INSERT INTO bookclub_members (clubid, userid) VALUES (346, 128);
INSERT INTO bookclub_members (clubid, userid) VALUES (346, 225);
INSERT INTO bookclub_members (clubid, userid) VALUES (346, 224);
INSERT INTO bookclub_members (clubid, userid) VALUES (346, 291);
INSERT INTO bookclub_members (clubid, userid) VALUES (346, 330);
INSERT INTO bookclub_members (clubid, userid) VALUES (346, 47);
INSERT INTO bookclub_members (clubid, userid) VALUES (346, 335);
INSERT INTO bookclub_members (clubid, userid) VALUES (346, 410);
INSERT INTO bookclub_members (clubid, userid) VALUES (346, 251);
INSERT INTO bookclub_reads (clubid, bookid, start_date, end_date, is_current) VALUES (346, 253, '2025-06-11', '2025-08-21', TRUE);
INSERT INTO bookclub_reads (clubid, bookid, start_date, end_date, is_current) VALUES (346, 969, '2025-06-16', '2025-07-24', TRUE);
INSERT INTO bookclub_reads (clubid, bookid, start_date, end_date, is_current) VALUES (346, 407, '2025-06-28', '2025-07-25', TRUE);
INSERT INTO bookclub_reads (clubid, bookid, start_date, end_date, is_current) VALUES (346, 880, '2024-12-16', '2025-01-15', FALSE);
INSERT INTO bookclub_reads (clubid, bookid, start_date, end_date, is_current) VALUES (346, 216, '2025-01-27', '2025-02-26', FALSE);
INSERT INTO bookclub_reads (clubid, bookid, start_date, end_date, is_current) VALUES (346, 54, '2025-02-28', '2025-03-30', FALSE);
INSERT INTO bookclub_reads (clubid, bookid, start_date, end_date, is_current) VALUES (346, 759, '2025-01-03', '2025-02-02', FALSE);
INSERT INTO bookclub_reads (clubid, bookid, start_date, end_date, is_current) VALUES (346, 409, '2025-01-11', '2025-02-10', FALSE);

INSERT INTO bookclubs (clubid, name, description) VALUES (347, 'Book Club 97', 'This is the description for Book Club 97.');
INSERT INTO bookclub_creators (clubid, userid) VALUES (347, 215);
INSERT INTO bookclub_members (clubid, userid) VALUES (347, 6);
INSERT INTO bookclub_members (clubid, userid) VALUES (347, 9);
INSERT INTO bookclub_members (clubid, userid) VALUES (347, 271);
INSERT INTO bookclub_members (clubid, userid) VALUES (347, 292);
INSERT INTO bookclub_members (clubid, userid) VALUES (347, 294);
INSERT INTO bookclub_members (clubid, userid) VALUES (347, 53);
INSERT INTO bookclub_members (clubid, userid) VALUES (347, 439);
INSERT INTO bookclub_members (clubid, userid) VALUES (347, 318);
INSERT INTO bookclub_members (clubid, userid) VALUES (347, 334);
INSERT INTO bookclub_members (clubid, userid) VALUES (347, 337);
INSERT INTO bookclub_members (clubid, userid) VALUES (347, 82);
INSERT INTO bookclub_members (clubid, userid) VALUES (347, 86);
INSERT INTO bookclub_members (clubid, userid) VALUES (347, 215);
INSERT INTO bookclub_members (clubid, userid) VALUES (347, 218);
INSERT INTO bookclub_members (clubid, userid) VALUES (347, 361);
INSERT INTO bookclub_members (clubid, userid) VALUES (347, 363);
INSERT INTO bookclub_members (clubid, userid) VALUES (347, 242);
INSERT INTO bookclub_members (clubid, userid) VALUES (347, 123);
INSERT INTO bookclub_members (clubid, userid) VALUES (347, 380);
INSERT INTO bookclub_members (clubid, userid) VALUES (347, 126);
INSERT INTO bookclub_reads (clubid, bookid, start_date, end_date, is_current) VALUES (347, 400, '2025-06-19', '2025-08-05', TRUE);
INSERT INTO bookclub_reads (clubid, bookid, start_date, end_date, is_current) VALUES (347, 873, '2025-06-10', '2025-08-05', TRUE);
INSERT INTO bookclub_reads (clubid, bookid, start_date, end_date, is_current) VALUES (347, 165, '2025-06-22', '2025-07-28', TRUE);
INSERT INTO bookclub_reads (clubid, bookid, start_date, end_date, is_current) VALUES (347, 295, '2025-05-26', '2025-06-25', FALSE);
INSERT INTO bookclub_reads (clubid, bookid, start_date, end_date, is_current) VALUES (347, 1005, '2025-02-01', '2025-03-03', FALSE);
INSERT INTO bookclub_reads (clubid, bookid, start_date, end_date, is_current) VALUES (347, 131, '2025-01-10', '2025-02-09', FALSE);
INSERT INTO bookclub_reads (clubid, bookid, start_date, end_date, is_current) VALUES (347, 133, '2025-03-15', '2025-04-14', FALSE);
INSERT INTO bookclub_reads (clubid, bookid, start_date, end_date, is_current) VALUES (347, 21, '2025-05-05', '2025-06-04', FALSE);
INSERT INTO bookclub_reads (clubid, bookid, start_date, end_date, is_current) VALUES (347, 362, '2025-03-19', '2025-04-18', FALSE);
INSERT INTO bookclub_reads (clubid, bookid, start_date, end_date, is_current) VALUES (347, 1032, '2025-01-12', '2025-02-11', FALSE);

INSERT INTO bookclubs (clubid, name, description) VALUES (348, 'Book Club 98', 'This is the description for Book Club 98.');
INSERT INTO bookclub_creators (clubid, userid) VALUES (348, 330);
INSERT INTO bookclub_members (clubid, userid) VALUES (348, 288);
INSERT INTO bookclub_members (clubid, userid) VALUES (348, 257);
INSERT INTO bookclub_members (clubid, userid) VALUES (348, 255);
INSERT INTO bookclub_members (clubid, userid) VALUES (348, 4);
INSERT INTO bookclub_members (clubid, userid) VALUES (348, 37);
INSERT INTO bookclub_members (clubid, userid) VALUES (348, 133);
INSERT INTO bookclub_members (clubid, userid) VALUES (348, 328);
INSERT INTO bookclub_members (clubid, userid) VALUES (348, 330);
INSERT INTO bookclub_members (clubid, userid) VALUES (348, 14);
INSERT INTO bookclub_members (clubid, userid) VALUES (348, 207);
INSERT INTO bookclub_members (clubid, userid) VALUES (348, 308);
INSERT INTO bookclub_members (clubid, userid) VALUES (348, 312);
INSERT INTO bookclub_members (clubid, userid) VALUES (348, 283);
INSERT INTO bookclub_members (clubid, userid) VALUES (348, 216);
INSERT INTO bookclub_reads (clubid, bookid, start_date, end_date, is_current) VALUES (348, 324, '2025-06-23', '2025-08-21', TRUE);
INSERT INTO bookclub_reads (clubid, bookid, start_date, end_date, is_current) VALUES (348, 681, '2025-06-19', '2025-07-30', TRUE);
INSERT INTO bookclub_reads (clubid, bookid, start_date, end_date, is_current) VALUES (348, 302, '2025-06-16', '2025-08-22', TRUE);
INSERT INTO bookclub_reads (clubid, bookid, start_date, end_date, is_current) VALUES (348, 131, '2025-01-18', '2025-02-17', FALSE);
INSERT INTO bookclub_reads (clubid, bookid, start_date, end_date, is_current) VALUES (348, 386, '2025-02-25', '2025-03-27', FALSE);
INSERT INTO bookclub_reads (clubid, bookid, start_date, end_date, is_current) VALUES (348, 498, '2025-03-13', '2025-04-12', FALSE);
INSERT INTO bookclub_reads (clubid, bookid, start_date, end_date, is_current) VALUES (348, 663, '2025-05-14', '2025-06-13', FALSE);
INSERT INTO bookclub_reads (clubid, bookid, start_date, end_date, is_current) VALUES (348, 515, '2025-04-29', '2025-05-29', FALSE);
INSERT INTO bookclub_reads (clubid, bookid, start_date, end_date, is_current) VALUES (348, 872, '2024-12-29', '2025-01-28', FALSE);
INSERT INTO bookclub_reads (clubid, bookid, start_date, end_date, is_current) VALUES (348, 337, '2024-12-26', '2025-01-25', FALSE);
INSERT INTO bookclub_reads (clubid, bookid, start_date, end_date, is_current) VALUES (348, 216, '2025-02-20', '2025-03-22', FALSE);
INSERT INTO bookclub_reads (clubid, bookid, start_date, end_date, is_current) VALUES (348, 523, '2024-12-22', '2025-01-21', FALSE);
INSERT INTO bookclub_reads (clubid, bookid, start_date, end_date, is_current) VALUES (348, 117, '2025-06-04', '2025-07-04', FALSE);
INSERT INTO bookclub_reads (clubid, bookid, start_date, end_date, is_current) VALUES (348, 99, '2024-12-12', '2025-01-11', FALSE);
INSERT INTO bookclub_reads (clubid, bookid, start_date, end_date, is_current) VALUES (348, 54, '2025-05-29', '2025-06-28', FALSE);
INSERT INTO bookclub_reads (clubid, bookid, start_date, end_date, is_current) VALUES (348, 269, '2025-04-02', '2025-05-02', FALSE);
INSERT INTO bookclub_reads (clubid, bookid, start_date, end_date, is_current) VALUES (348, 903, '2025-03-28', '2025-04-27', FALSE);

INSERT INTO bookclubs (clubid, name, description) VALUES (349, 'Book Club 99', 'This is the description for Book Club 99.');
INSERT INTO bookclub_creators (clubid, userid) VALUES (349, 130);
INSERT INTO bookclub_members (clubid, userid) VALUES (349, 130);
INSERT INTO bookclub_members (clubid, userid) VALUES (349, 131);
INSERT INTO bookclub_members (clubid, userid) VALUES (349, 236);
INSERT INTO bookclub_members (clubid, userid) VALUES (349, 77);
INSERT INTO bookclub_members (clubid, userid) VALUES (349, 365);
INSERT INTO bookclub_members (clubid, userid) VALUES (349, 237);
INSERT INTO bookclub_members (clubid, userid) VALUES (349, 442);
INSERT INTO bookclub_members (clubid, userid) VALUES (349, 241);
INSERT INTO bookclub_members (clubid, userid) VALUES (349, 144);
INSERT INTO bookclub_members (clubid, userid) VALUES (349, 307);
INSERT INTO bookclub_members (clubid, userid) VALUES (349, 26);
INSERT INTO bookclub_members (clubid, userid) VALUES (349, 126);
INSERT INTO bookclub_members (clubid, userid) VALUES (349, 159);
INSERT INTO bookclub_reads (clubid, bookid, start_date, end_date, is_current) VALUES (349, 668, '2025-06-08', '2025-07-28', TRUE);
INSERT INTO bookclub_reads (clubid, bookid, start_date, end_date, is_current) VALUES (349, 288, '2024-12-29', '2025-01-28', FALSE);
INSERT INTO bookclub_reads (clubid, bookid, start_date, end_date, is_current) VALUES (349, 1099, '2025-03-16', '2025-04-15', FALSE);
INSERT INTO bookclub_reads (clubid, bookid, start_date, end_date, is_current) VALUES (349, 54, '2025-05-06', '2025-06-05', FALSE);
INSERT INTO bookclub_reads (clubid, bookid, start_date, end_date, is_current) VALUES (349, 454, '2025-05-27', '2025-06-26', FALSE);
INSERT INTO bookclub_reads (clubid, bookid, start_date, end_date, is_current) VALUES (349, 700, '2025-02-13', '2025-03-15', FALSE);
INSERT INTO bookclub_reads (clubid, bookid, start_date, end_date, is_current) VALUES (349, 22, '2025-03-03', '2025-04-02', FALSE);

INSERT INTO bookclubs (clubid, name, description) VALUES (350, 'Book Club 100', 'This is the description for Book Club 100.');
INSERT INTO bookclub_creators (clubid, userid) VALUES (350, 259);
INSERT INTO bookclub_members (clubid, userid) VALUES (350, 128);
INSERT INTO bookclub_members (clubid, userid) VALUES (350, 98);
INSERT INTO bookclub_members (clubid, userid) VALUES (350, 323);
INSERT INTO bookclub_members (clubid, userid) VALUES (350, 130);
INSERT INTO bookclub_members (clubid, userid) VALUES (350, 259);
INSERT INTO bookclub_members (clubid, userid) VALUES (350, 328);
INSERT INTO bookclub_members (clubid, userid) VALUES (350, 169);
INSERT INTO bookclub_members (clubid, userid) VALUES (350, 393);
INSERT INTO bookclub_members (clubid, userid) VALUES (350, 136);
INSERT INTO bookclub_members (clubid, userid) VALUES (350, 269);
INSERT INTO bookclub_members (clubid, userid) VALUES (350, 366);
INSERT INTO bookclub_members (clubid, userid) VALUES (350, 237);
INSERT INTO bookclub_members (clubid, userid) VALUES (350, 47);
INSERT INTO bookclub_members (clubid, userid) VALUES (350, 277);
INSERT INTO bookclub_members (clubid, userid) VALUES (350, 282);
INSERT INTO bookclub_members (clubid, userid) VALUES (350, 287);
INSERT INTO bookclub_reads (clubid, bookid, start_date, end_date, is_current) VALUES (350, 494, '2025-06-26', '2025-07-23', TRUE);
INSERT INTO bookclub_reads (clubid, bookid, start_date, end_date, is_current) VALUES (350, 385, '2025-06-28', '2025-07-31', TRUE);
INSERT INTO bookclub_reads (clubid, bookid, start_date, end_date, is_current) VALUES (350, 968, '2024-12-19', '2025-01-18', FALSE);
INSERT INTO bookclub_reads (clubid, bookid, start_date, end_date, is_current) VALUES (350, 864, '2025-01-11', '2025-02-10', FALSE);
INSERT INTO bookclub_reads (clubid, bookid, start_date, end_date, is_current) VALUES (350, 168, '2025-02-16', '2025-03-18', FALSE);
INSERT INTO bookclub_reads (clubid, bookid, start_date, end_date, is_current) VALUES (350, 8, '2025-03-10', '2025-04-09', FALSE);
INSERT INTO bookclub_reads (clubid, bookid, start_date, end_date, is_current) VALUES (350, 117, '2025-05-12', '2025-06-11', FALSE);
INSERT INTO bookclub_reads (clubid, bookid, start_date, end_date, is_current) VALUES (350, 407, '2025-02-26', '2025-03-28', FALSE);
INSERT INTO bookclub_reads (clubid, bookid, start_date, end_date, is_current) VALUES (350, 252, '2025-03-12', '2025-04-11', FALSE);
INSERT INTO bookclub_reads (clubid, bookid, start_date, end_date, is_current) VALUES (350, 664, '2025-03-07', '2025-04-06', FALSE);

INSERT INTO bookclubs (clubid, name, description) VALUES (351, 'Book Club 101', 'This is the description for Book Club 101.');
INSERT INTO bookclub_creators (clubid, userid) VALUES (351, 365);
INSERT INTO bookclub_members (clubid, userid) VALUES (351, 365);
INSERT INTO bookclub_members (clubid, userid) VALUES (351, 81);
INSERT INTO bookclub_members (clubid, userid) VALUES (351, 434);
INSERT INTO bookclub_members (clubid, userid) VALUES (351, 442);
INSERT INTO bookclub_members (clubid, userid) VALUES (351, 318);
INSERT INTO bookclub_reads (clubid, bookid, start_date, end_date, is_current) VALUES (351, 350, '2025-06-20', '2025-08-06', TRUE);
INSERT INTO bookclub_reads (clubid, bookid, start_date, end_date, is_current) VALUES (351, 332, '2025-06-12', '2025-08-20', TRUE);
INSERT INTO bookclub_reads (clubid, bookid, start_date, end_date, is_current) VALUES (351, 763, '2024-12-22', '2025-01-21', FALSE);
INSERT INTO bookclub_reads (clubid, bookid, start_date, end_date, is_current) VALUES (351, 871, '2025-02-21', '2025-03-23', FALSE);
INSERT INTO bookclub_reads (clubid, bookid, start_date, end_date, is_current) VALUES (351, 168, '2025-01-21', '2025-02-20', FALSE);
INSERT INTO bookclub_reads (clubid, bookid, start_date, end_date, is_current) VALUES (351, 21, '2025-04-29', '2025-05-29', FALSE);
INSERT INTO bookclub_reads (clubid, bookid, start_date, end_date, is_current) VALUES (351, 466, '2025-05-17', '2025-06-16', FALSE);
INSERT INTO bookclub_reads (clubid, bookid, start_date, end_date, is_current) VALUES (351, 972, '2025-05-28', '2025-06-27', FALSE);
INSERT INTO bookclub_reads (clubid, bookid, start_date, end_date, is_current) VALUES (351, 576, '2024-12-20', '2025-01-19', FALSE);
INSERT INTO bookclub_reads (clubid, bookid, start_date, end_date, is_current) VALUES (351, 302, '2025-03-22', '2025-04-21', FALSE);
INSERT INTO bookclub_reads (clubid, bookid, start_date, end_date, is_current) VALUES (351, 177, '2025-02-07', '2025-03-09', FALSE);
INSERT INTO bookclub_reads (clubid, bookid, start_date, end_date, is_current) VALUES (351, 140, '2025-02-11', '2025-03-13', FALSE);
INSERT INTO bookclub_reads (clubid, bookid, start_date, end_date, is_current) VALUES (351, 793, '2025-02-12', '2025-03-14', FALSE);
INSERT INTO bookclub_reads (clubid, bookid, start_date, end_date, is_current) VALUES (351, 204, '2024-12-28', '2025-01-27', FALSE);

INSERT INTO bookclubs (clubid, name, description) VALUES (352, 'Book Club 102', 'This is the description for Book Club 102.');
INSERT INTO bookclub_creators (clubid, userid) VALUES (352, 106);
INSERT INTO bookclub_members (clubid, userid) VALUES (352, 194);
INSERT INTO bookclub_members (clubid, userid) VALUES (352, 166);
INSERT INTO bookclub_members (clubid, userid) VALUES (352, 106);
INSERT INTO bookclub_members (clubid, userid) VALUES (352, 43);
INSERT INTO bookclub_members (clubid, userid) VALUES (352, 242);
INSERT INTO bookclub_members (clubid, userid) VALUES (352, 59);
INSERT INTO bookclub_reads (clubid, bookid, start_date, end_date, is_current) VALUES (352, 208, '2025-06-28', '2025-07-29', TRUE);
INSERT INTO bookclub_reads (clubid, bookid, start_date, end_date, is_current) VALUES (352, 13, '2025-06-10', '2025-08-15', TRUE);
INSERT INTO bookclub_reads (clubid, bookid, start_date, end_date, is_current) VALUES (352, 670, '2025-07-06', '2025-07-23', TRUE);
INSERT INTO bookclub_reads (clubid, bookid, start_date, end_date, is_current) VALUES (352, 476, '2025-01-18', '2025-02-17', FALSE);
INSERT INTO bookclub_reads (clubid, bookid, start_date, end_date, is_current) VALUES (352, 416, '2025-01-18', '2025-02-17', FALSE);
INSERT INTO bookclub_reads (clubid, bookid, start_date, end_date, is_current) VALUES (352, 72, '2025-04-23', '2025-05-23', FALSE);
INSERT INTO bookclub_reads (clubid, bookid, start_date, end_date, is_current) VALUES (352, 481, '2025-02-16', '2025-03-18', FALSE);
INSERT INTO bookclub_reads (clubid, bookid, start_date, end_date, is_current) VALUES (352, 159, '2025-06-07', '2025-07-07', FALSE);

INSERT INTO bookclubs (clubid, name, description) VALUES (353, 'Book Club 103', 'This is the description for Book Club 103.');
INSERT INTO bookclub_creators (clubid, userid) VALUES (353, 213);
INSERT INTO bookclub_members (clubid, userid) VALUES (353, 101);
INSERT INTO bookclub_members (clubid, userid) VALUES (353, 207);
INSERT INTO bookclub_members (clubid, userid) VALUES (353, 338);
INSERT INTO bookclub_members (clubid, userid) VALUES (353, 52);
INSERT INTO bookclub_members (clubid, userid) VALUES (353, 213);
INSERT INTO bookclub_members (clubid, userid) VALUES (353, 118);
INSERT INTO bookclub_members (clubid, userid) VALUES (353, 439);
INSERT INTO bookclub_members (clubid, userid) VALUES (353, 122);
INSERT INTO bookclub_reads (clubid, bookid, start_date, end_date, is_current) VALUES (353, 24, '2025-06-21', '2025-08-12', TRUE);
INSERT INTO bookclub_reads (clubid, bookid, start_date, end_date, is_current) VALUES (353, 141, '2025-02-03', '2025-03-05', FALSE);
INSERT INTO bookclub_reads (clubid, bookid, start_date, end_date, is_current) VALUES (353, 650, '2025-03-07', '2025-04-06', FALSE);
INSERT INTO bookclub_reads (clubid, bookid, start_date, end_date, is_current) VALUES (353, 324, '2024-12-27', '2025-01-26', FALSE);
INSERT INTO bookclub_reads (clubid, bookid, start_date, end_date, is_current) VALUES (353, 902, '2025-05-30', '2025-06-29', FALSE);
INSERT INTO bookclub_reads (clubid, bookid, start_date, end_date, is_current) VALUES (353, 420, '2025-01-29', '2025-02-28', FALSE);
INSERT INTO bookclub_reads (clubid, bookid, start_date, end_date, is_current) VALUES (353, 90, '2025-03-12', '2025-04-11', FALSE);
INSERT INTO bookclub_reads (clubid, bookid, start_date, end_date, is_current) VALUES (353, 27, '2025-04-25', '2025-05-25', FALSE);
INSERT INTO bookclub_reads (clubid, bookid, start_date, end_date, is_current) VALUES (353, 231, '2025-04-14', '2025-05-14', FALSE);
INSERT INTO bookclub_reads (clubid, bookid, start_date, end_date, is_current) VALUES (353, 180, '2025-05-10', '2025-06-09', FALSE);
INSERT INTO bookclub_reads (clubid, bookid, start_date, end_date, is_current) VALUES (353, 139, '2025-03-03', '2025-04-02', FALSE);

INSERT INTO bookclubs (clubid, name, description) VALUES (354, 'Book Club 104', 'This is the description for Book Club 104.');
INSERT INTO bookclub_creators (clubid, userid) VALUES (354, 335);
INSERT INTO bookclub_members (clubid, userid) VALUES (354, 191);
INSERT INTO bookclub_members (clubid, userid) VALUES (354, 130);
INSERT INTO bookclub_members (clubid, userid) VALUES (354, 227);
INSERT INTO bookclub_members (clubid, userid) VALUES (354, 229);
INSERT INTO bookclub_members (clubid, userid) VALUES (354, 423);
INSERT INTO bookclub_members (clubid, userid) VALUES (354, 335);
INSERT INTO bookclub_members (clubid, userid) VALUES (354, 401);
INSERT INTO bookclub_members (clubid, userid) VALUES (354, 253);
INSERT INTO bookclub_members (clubid, userid) VALUES (354, 60);
INSERT INTO bookclub_members (clubid, userid) VALUES (354, 381);
INSERT INTO bookclub_members (clubid, userid) VALUES (354, 318);
INSERT INTO bookclub_members (clubid, userid) VALUES (354, 286);
INSERT INTO bookclub_reads (clubid, bookid, start_date, end_date, is_current) VALUES (354, 247, '2025-06-15', '2025-08-11', TRUE);
INSERT INTO bookclub_reads (clubid, bookid, start_date, end_date, is_current) VALUES (354, 980, '2025-06-24', '2025-08-16', TRUE);
INSERT INTO bookclub_reads (clubid, bookid, start_date, end_date, is_current) VALUES (354, 135, '2025-06-27', '2025-08-10', TRUE);
INSERT INTO bookclub_reads (clubid, bookid, start_date, end_date, is_current) VALUES (354, 10, '2025-03-31', '2025-04-30', FALSE);
INSERT INTO bookclub_reads (clubid, bookid, start_date, end_date, is_current) VALUES (354, 511, '2025-05-20', '2025-06-19', FALSE);
INSERT INTO bookclub_reads (clubid, bookid, start_date, end_date, is_current) VALUES (354, 793, '2025-02-09', '2025-03-11', FALSE);
INSERT INTO bookclub_reads (clubid, bookid, start_date, end_date, is_current) VALUES (354, 515, '2025-05-16', '2025-06-15', FALSE);
INSERT INTO bookclub_reads (clubid, bookid, start_date, end_date, is_current) VALUES (354, 298, '2025-05-13', '2025-06-12', FALSE);
INSERT INTO bookclub_reads (clubid, bookid, start_date, end_date, is_current) VALUES (354, 18, '2025-01-15', '2025-02-14', FALSE);
INSERT INTO bookclub_reads (clubid, bookid, start_date, end_date, is_current) VALUES (354, 456, '2025-01-29', '2025-02-28', FALSE);
INSERT INTO bookclub_reads (clubid, bookid, start_date, end_date, is_current) VALUES (354, 214, '2025-01-29', '2025-02-28', FALSE);

INSERT INTO bookclubs (clubid, name, description) VALUES (355, 'Book Club 105', 'This is the description for Book Club 105.');
INSERT INTO bookclub_creators (clubid, userid) VALUES (355, 135);
INSERT INTO bookclub_members (clubid, userid) VALUES (355, 1);
INSERT INTO bookclub_members (clubid, userid) VALUES (355, 135);
INSERT INTO bookclub_members (clubid, userid) VALUES (355, 275);
INSERT INTO bookclub_members (clubid, userid) VALUES (355, 405);
INSERT INTO bookclub_members (clubid, userid) VALUES (355, 425);
INSERT INTO bookclub_members (clubid, userid) VALUES (355, 298);
INSERT INTO bookclub_members (clubid, userid) VALUES (355, 171);
INSERT INTO bookclub_members (clubid, userid) VALUES (355, 44);
INSERT INTO bookclub_members (clubid, userid) VALUES (355, 433);
INSERT INTO bookclub_members (clubid, userid) VALUES (355, 54);
INSERT INTO bookclub_members (clubid, userid) VALUES (355, 57);
INSERT INTO bookclub_members (clubid, userid) VALUES (355, 196);
INSERT INTO bookclub_members (clubid, userid) VALUES (355, 74);
INSERT INTO bookclub_members (clubid, userid) VALUES (355, 205);
INSERT INTO bookclub_members (clubid, userid) VALUES (355, 86);
INSERT INTO bookclub_members (clubid, userid) VALUES (355, 91);
INSERT INTO bookclub_members (clubid, userid) VALUES (355, 231);
INSERT INTO bookclub_members (clubid, userid) VALUES (355, 233);
INSERT INTO bookclub_members (clubid, userid) VALUES (355, 109);
INSERT INTO bookclub_members (clubid, userid) VALUES (355, 249);
INSERT INTO bookclub_reads (clubid, bookid, start_date, end_date, is_current) VALUES (355, 290, '2025-06-25', '2025-08-04', TRUE);
INSERT INTO bookclub_reads (clubid, bookid, start_date, end_date, is_current) VALUES (355, 675, '2025-06-23', '2025-07-23', TRUE);
INSERT INTO bookclub_reads (clubid, bookid, start_date, end_date, is_current) VALUES (355, 397, '2025-07-08', '2025-07-29', TRUE);
INSERT INTO bookclub_reads (clubid, bookid, start_date, end_date, is_current) VALUES (355, 935, '2025-02-25', '2025-03-27', FALSE);
INSERT INTO bookclub_reads (clubid, bookid, start_date, end_date, is_current) VALUES (355, 444, '2025-04-09', '2025-05-09', FALSE);
INSERT INTO bookclub_reads (clubid, bookid, start_date, end_date, is_current) VALUES (355, 399, '2025-01-28', '2025-02-27', FALSE);
INSERT INTO bookclub_reads (clubid, bookid, start_date, end_date, is_current) VALUES (355, 667, '2025-04-20', '2025-05-20', FALSE);
INSERT INTO bookclub_reads (clubid, bookid, start_date, end_date, is_current) VALUES (355, 36, '2025-03-10', '2025-04-09', FALSE);
INSERT INTO bookclub_reads (clubid, bookid, start_date, end_date, is_current) VALUES (355, 103, '2025-03-05', '2025-04-04', FALSE);
INSERT INTO bookclub_reads (clubid, bookid, start_date, end_date, is_current) VALUES (355, 110, '2025-04-09', '2025-05-09', FALSE);
INSERT INTO bookclub_reads (clubid, bookid, start_date, end_date, is_current) VALUES (355, 45, '2025-02-15', '2025-03-17', FALSE);
INSERT INTO bookclub_reads (clubid, bookid, start_date, end_date, is_current) VALUES (355, 960, '2025-02-02', '2025-03-04', FALSE);

INSERT INTO bookclubs (clubid, name, description) VALUES (356, 'Book Club 106', 'This is the description for Book Club 106.');
INSERT INTO bookclub_creators (clubid, userid) VALUES (356, 275);
INSERT INTO bookclub_members (clubid, userid) VALUES (356, 193);
INSERT INTO bookclub_members (clubid, userid) VALUES (356, 195);
INSERT INTO bookclub_members (clubid, userid) VALUES (356, 8);
INSERT INTO bookclub_members (clubid, userid) VALUES (356, 42);
INSERT INTO bookclub_members (clubid, userid) VALUES (356, 428);
INSERT INTO bookclub_members (clubid, userid) VALUES (356, 397);
INSERT INTO bookclub_members (clubid, userid) VALUES (356, 127);
INSERT INTO bookclub_members (clubid, userid) VALUES (356, 269);
INSERT INTO bookclub_members (clubid, userid) VALUES (356, 31);
INSERT INTO bookclub_members (clubid, userid) VALUES (356, 17);
INSERT INTO bookclub_members (clubid, userid) VALUES (356, 14);
INSERT INTO bookclub_members (clubid, userid) VALUES (356, 275);
INSERT INTO bookclub_members (clubid, userid) VALUES (356, 180);
INSERT INTO bookclub_members (clubid, userid) VALUES (356, 254);
INSERT INTO bookclub_members (clubid, userid) VALUES (356, 92);
INSERT INTO bookclub_members (clubid, userid) VALUES (356, 382);
INSERT INTO bookclub_members (clubid, userid) VALUES (356, 159);
INSERT INTO bookclub_reads (clubid, bookid, start_date, end_date, is_current) VALUES (356, 822, '2025-06-19', '2025-08-18', TRUE);
INSERT INTO bookclub_reads (clubid, bookid, start_date, end_date, is_current) VALUES (356, 269, '2025-06-18', '2025-08-14', TRUE);
INSERT INTO bookclub_reads (clubid, bookid, start_date, end_date, is_current) VALUES (356, 477, '2025-06-11', '2025-07-23', TRUE);
INSERT INTO bookclub_reads (clubid, bookid, start_date, end_date, is_current) VALUES (356, 965, '2024-12-16', '2025-01-15', FALSE);
INSERT INTO bookclub_reads (clubid, bookid, start_date, end_date, is_current) VALUES (356, 58, '2025-05-11', '2025-06-10', FALSE);
INSERT INTO bookclub_reads (clubid, bookid, start_date, end_date, is_current) VALUES (356, 880, '2025-05-14', '2025-06-13', FALSE);
INSERT INTO bookclub_reads (clubid, bookid, start_date, end_date, is_current) VALUES (356, 291, '2025-01-28', '2025-02-27', FALSE);
INSERT INTO bookclub_reads (clubid, bookid, start_date, end_date, is_current) VALUES (356, 650, '2025-05-20', '2025-06-19', FALSE);
INSERT INTO bookclub_reads (clubid, bookid, start_date, end_date, is_current) VALUES (356, 787, '2025-06-02', '2025-07-02', FALSE);
INSERT INTO bookclub_reads (clubid, bookid, start_date, end_date, is_current) VALUES (356, 26, '2025-02-07', '2025-03-09', FALSE);
INSERT INTO bookclub_reads (clubid, bookid, start_date, end_date, is_current) VALUES (356, 123, '2025-03-03', '2025-04-02', FALSE);
INSERT INTO bookclub_reads (clubid, bookid, start_date, end_date, is_current) VALUES (356, 422, '2024-12-10', '2025-01-09', FALSE);
INSERT INTO bookclub_reads (clubid, bookid, start_date, end_date, is_current) VALUES (356, 92, '2025-01-05', '2025-02-04', FALSE);
INSERT INTO bookclub_reads (clubid, bookid, start_date, end_date, is_current) VALUES (356, 932, '2025-03-15', '2025-04-14', FALSE);
INSERT INTO bookclub_reads (clubid, bookid, start_date, end_date, is_current) VALUES (356, 27, '2025-03-08', '2025-04-07', FALSE);
INSERT INTO bookclub_reads (clubid, bookid, start_date, end_date, is_current) VALUES (356, 367, '2025-06-06', '2025-07-06', FALSE);
INSERT INTO bookclub_reads (clubid, bookid, start_date, end_date, is_current) VALUES (356, 357, '2025-01-09', '2025-02-08', FALSE);
INSERT INTO bookclub_reads (clubid, bookid, start_date, end_date, is_current) VALUES (356, 493, '2025-02-20', '2025-03-22', FALSE);

INSERT INTO bookclubs (clubid, name, description) VALUES (357, 'Book Club 107', 'This is the description for Book Club 107.');
INSERT INTO bookclub_creators (clubid, userid) VALUES (357, 368);
INSERT INTO bookclub_members (clubid, userid) VALUES (357, 97);
INSERT INTO bookclub_members (clubid, userid) VALUES (357, 419);
INSERT INTO bookclub_members (clubid, userid) VALUES (357, 356);
INSERT INTO bookclub_members (clubid, userid) VALUES (357, 263);
INSERT INTO bookclub_members (clubid, userid) VALUES (357, 40);
INSERT INTO bookclub_members (clubid, userid) VALUES (357, 368);
INSERT INTO bookclub_members (clubid, userid) VALUES (357, 20);
INSERT INTO bookclub_members (clubid, userid) VALUES (357, 53);
INSERT INTO bookclub_members (clubid, userid) VALUES (357, 437);
INSERT INTO bookclub_members (clubid, userid) VALUES (357, 343);
INSERT INTO bookclub_members (clubid, userid) VALUES (357, 120);
INSERT INTO bookclub_members (clubid, userid) VALUES (357, 281);
INSERT INTO bookclub_members (clubid, userid) VALUES (357, 52);
INSERT INTO bookclub_members (clubid, userid) VALUES (357, 221);
INSERT INTO bookclub_reads (clubid, bookid, start_date, end_date, is_current) VALUES (357, 80, '2025-06-14', '2025-07-31', TRUE);
INSERT INTO bookclub_reads (clubid, bookid, start_date, end_date, is_current) VALUES (357, 355, '2025-02-05', '2025-03-07', FALSE);
INSERT INTO bookclub_reads (clubid, bookid, start_date, end_date, is_current) VALUES (357, 444, '2024-12-25', '2025-01-24', FALSE);
INSERT INTO bookclub_reads (clubid, bookid, start_date, end_date, is_current) VALUES (357, 330, '2025-01-26', '2025-02-25', FALSE);
INSERT INTO bookclub_reads (clubid, bookid, start_date, end_date, is_current) VALUES (357, 244, '2025-05-07', '2025-06-06', FALSE);
INSERT INTO bookclub_reads (clubid, bookid, start_date, end_date, is_current) VALUES (357, 1099, '2024-12-15', '2025-01-14', FALSE);
INSERT INTO bookclub_reads (clubid, bookid, start_date, end_date, is_current) VALUES (357, 106, '2025-04-08', '2025-05-08', FALSE);
INSERT INTO bookclub_reads (clubid, bookid, start_date, end_date, is_current) VALUES (357, 1007, '2025-02-15', '2025-03-17', FALSE);
INSERT INTO bookclub_reads (clubid, bookid, start_date, end_date, is_current) VALUES (357, 930, '2024-12-13', '2025-01-12', FALSE);
INSERT INTO bookclub_reads (clubid, bookid, start_date, end_date, is_current) VALUES (357, 1097, '2025-01-26', '2025-02-25', FALSE);
INSERT INTO bookclub_reads (clubid, bookid, start_date, end_date, is_current) VALUES (357, 775, '2025-01-08', '2025-02-07', FALSE);
INSERT INTO bookclub_reads (clubid, bookid, start_date, end_date, is_current) VALUES (357, 27, '2025-04-10', '2025-05-10', FALSE);

INSERT INTO bookclubs (clubid, name, description) VALUES (358, 'Book Club 108', 'This is the description for Book Club 108.');
INSERT INTO bookclub_creators (clubid, userid) VALUES (358, 436);
INSERT INTO bookclub_members (clubid, userid) VALUES (358, 292);
INSERT INTO bookclub_members (clubid, userid) VALUES (358, 329);
INSERT INTO bookclub_members (clubid, userid) VALUES (358, 267);
INSERT INTO bookclub_members (clubid, userid) VALUES (358, 175);
INSERT INTO bookclub_members (clubid, userid) VALUES (358, 241);
INSERT INTO bookclub_members (clubid, userid) VALUES (358, 114);
INSERT INTO bookclub_members (clubid, userid) VALUES (358, 371);
INSERT INTO bookclub_members (clubid, userid) VALUES (358, 338);
INSERT INTO bookclub_members (clubid, userid) VALUES (358, 436);
INSERT INTO bookclub_members (clubid, userid) VALUES (358, 54);
INSERT INTO bookclub_members (clubid, userid) VALUES (358, 25);
INSERT INTO bookclub_reads (clubid, bookid, start_date, end_date, is_current) VALUES (358, 1059, '2025-06-27', '2025-07-29', TRUE);
INSERT INTO bookclub_reads (clubid, bookid, start_date, end_date, is_current) VALUES (358, 147, '2025-06-05', '2025-07-05', FALSE);
INSERT INTO bookclub_reads (clubid, bookid, start_date, end_date, is_current) VALUES (358, 538, '2025-01-31', '2025-03-02', FALSE);
INSERT INTO bookclub_reads (clubid, bookid, start_date, end_date, is_current) VALUES (358, 163, '2025-04-01', '2025-05-01', FALSE);
INSERT INTO bookclub_reads (clubid, bookid, start_date, end_date, is_current) VALUES (358, 99, '2025-04-18', '2025-05-18', FALSE);
INSERT INTO bookclub_reads (clubid, bookid, start_date, end_date, is_current) VALUES (358, 797, '2025-01-28', '2025-02-27', FALSE);
INSERT INTO bookclub_reads (clubid, bookid, start_date, end_date, is_current) VALUES (358, 277, '2025-04-03', '2025-05-03', FALSE);
INSERT INTO bookclub_reads (clubid, bookid, start_date, end_date, is_current) VALUES (358, 869, '2024-12-27', '2025-01-26', FALSE);

INSERT INTO bookclubs (clubid, name, description) VALUES (359, 'Book Club 109', 'This is the description for Book Club 109.');
INSERT INTO bookclub_creators (clubid, userid) VALUES (359, 204);
INSERT INTO bookclub_members (clubid, userid) VALUES (359, 388);
INSERT INTO bookclub_members (clubid, userid) VALUES (359, 39);
INSERT INTO bookclub_members (clubid, userid) VALUES (359, 202);
INSERT INTO bookclub_members (clubid, userid) VALUES (359, 204);
INSERT INTO bookclub_members (clubid, userid) VALUES (359, 145);
INSERT INTO bookclub_members (clubid, userid) VALUES (359, 345);
INSERT INTO bookclub_members (clubid, userid) VALUES (359, 62);
INSERT INTO bookclub_reads (clubid, bookid, start_date, end_date, is_current) VALUES (359, 476, '2025-06-22', '2025-08-03', TRUE);
INSERT INTO bookclub_reads (clubid, bookid, start_date, end_date, is_current) VALUES (359, 763, '2025-06-25', '2025-08-16', TRUE);
INSERT INTO bookclub_reads (clubid, bookid, start_date, end_date, is_current) VALUES (359, 5, '2025-06-15', '2025-07-27', TRUE);
INSERT INTO bookclub_reads (clubid, bookid, start_date, end_date, is_current) VALUES (359, 171, '2025-01-15', '2025-02-14', FALSE);
INSERT INTO bookclub_reads (clubid, bookid, start_date, end_date, is_current) VALUES (359, 16, '2025-05-15', '2025-06-14', FALSE);
INSERT INTO bookclub_reads (clubid, bookid, start_date, end_date, is_current) VALUES (359, 354, '2025-04-05', '2025-05-05', FALSE);
INSERT INTO bookclub_reads (clubid, bookid, start_date, end_date, is_current) VALUES (359, 204, '2025-03-26', '2025-04-25', FALSE);
INSERT INTO bookclub_reads (clubid, bookid, start_date, end_date, is_current) VALUES (359, 129, '2025-04-12', '2025-05-12', FALSE);
INSERT INTO bookclub_reads (clubid, bookid, start_date, end_date, is_current) VALUES (359, 397, '2025-06-01', '2025-07-01', FALSE);
INSERT INTO bookclub_reads (clubid, bookid, start_date, end_date, is_current) VALUES (359, 139, '2025-03-12', '2025-04-11', FALSE);
INSERT INTO bookclub_reads (clubid, bookid, start_date, end_date, is_current) VALUES (359, 424, '2025-01-13', '2025-02-12', FALSE);
INSERT INTO bookclub_reads (clubid, bookid, start_date, end_date, is_current) VALUES (359, 797, '2025-04-28', '2025-05-28', FALSE);
INSERT INTO bookclub_reads (clubid, bookid, start_date, end_date, is_current) VALUES (359, 865, '2025-04-19', '2025-05-19', FALSE);
INSERT INTO bookclub_reads (clubid, bookid, start_date, end_date, is_current) VALUES (359, 675, '2025-01-13', '2025-02-12', FALSE);
INSERT INTO bookclub_reads (clubid, bookid, start_date, end_date, is_current) VALUES (359, 92, '2025-04-03', '2025-05-03', FALSE);
INSERT INTO bookclub_reads (clubid, bookid, start_date, end_date, is_current) VALUES (359, 264, '2025-05-28', '2025-06-27', FALSE);
INSERT INTO bookclub_reads (clubid, bookid, start_date, end_date, is_current) VALUES (359, 142, '2025-03-22', '2025-04-21', FALSE);
INSERT INTO bookclub_reads (clubid, bookid, start_date, end_date, is_current) VALUES (359, 22, '2025-05-01', '2025-05-31', FALSE);

INSERT INTO bookclubs (clubid, name, description) VALUES (360, 'Book Club 110', 'This is the description for Book Club 110.');
INSERT INTO bookclub_creators (clubid, userid) VALUES (360, 263);
INSERT INTO bookclub_members (clubid, userid) VALUES (360, 129);
INSERT INTO bookclub_members (clubid, userid) VALUES (360, 322);
INSERT INTO bookclub_members (clubid, userid) VALUES (360, 291);
INSERT INTO bookclub_members (clubid, userid) VALUES (360, 263);
INSERT INTO bookclub_members (clubid, userid) VALUES (360, 200);
INSERT INTO bookclub_members (clubid, userid) VALUES (360, 233);
INSERT INTO bookclub_members (clubid, userid) VALUES (360, 203);
INSERT INTO bookclub_members (clubid, userid) VALUES (360, 398);
INSERT INTO bookclub_members (clubid, userid) VALUES (360, 119);
INSERT INTO bookclub_members (clubid, userid) VALUES (360, 87);
INSERT INTO bookclub_members (clubid, userid) VALUES (360, 349);
INSERT INTO bookclub_reads (clubid, bookid, start_date, end_date, is_current) VALUES (360, 337, '2025-06-08', '2025-08-01', TRUE);
INSERT INTO bookclub_reads (clubid, bookid, start_date, end_date, is_current) VALUES (360, 412, '2025-01-25', '2025-02-24', FALSE);
INSERT INTO bookclub_reads (clubid, bookid, start_date, end_date, is_current) VALUES (360, 538, '2025-04-16', '2025-05-16', FALSE);
INSERT INTO bookclub_reads (clubid, bookid, start_date, end_date, is_current) VALUES (360, 668, '2025-02-21', '2025-03-23', FALSE);
INSERT INTO bookclub_reads (clubid, bookid, start_date, end_date, is_current) VALUES (360, 426, '2024-12-14', '2025-01-13', FALSE);
INSERT INTO bookclub_reads (clubid, bookid, start_date, end_date, is_current) VALUES (360, 177, '2024-12-22', '2025-01-21', FALSE);
INSERT INTO bookclub_reads (clubid, bookid, start_date, end_date, is_current) VALUES (360, 59, '2025-05-12', '2025-06-11', FALSE);
INSERT INTO bookclub_reads (clubid, bookid, start_date, end_date, is_current) VALUES (360, 61, '2025-03-01', '2025-03-31', FALSE);
INSERT INTO bookclub_reads (clubid, bookid, start_date, end_date, is_current) VALUES (360, 698, '2025-05-16', '2025-06-15', FALSE);
INSERT INTO bookclub_reads (clubid, bookid, start_date, end_date, is_current) VALUES (360, 700, '2025-01-17', '2025-02-16', FALSE);
INSERT INTO bookclub_reads (clubid, bookid, start_date, end_date, is_current) VALUES (360, 94, '2024-12-26', '2025-01-25', FALSE);
INSERT INTO bookclub_reads (clubid, bookid, start_date, end_date, is_current) VALUES (360, 129, '2025-05-01', '2025-05-31', FALSE);
INSERT INTO bookclub_reads (clubid, bookid, start_date, end_date, is_current) VALUES (360, 477, '2025-05-17', '2025-06-16', FALSE);
INSERT INTO bookclub_reads (clubid, bookid, start_date, end_date, is_current) VALUES (360, 425, '2025-03-23', '2025-04-22', FALSE);
INSERT INTO bookclub_reads (clubid, bookid, start_date, end_date, is_current) VALUES (360, 524, '2025-02-26', '2025-03-28', FALSE);

INSERT INTO bookclubs (clubid, name, description) VALUES (361, 'Book Club 111', 'This is the description for Book Club 111.');
INSERT INTO bookclub_creators (clubid, userid) VALUES (361, 191);
INSERT INTO bookclub_members (clubid, userid) VALUES (361, 191);
INSERT INTO bookclub_members (clubid, userid) VALUES (361, 130);
INSERT INTO bookclub_members (clubid, userid) VALUES (361, 357);
INSERT INTO bookclub_members (clubid, userid) VALUES (361, 28);
INSERT INTO bookclub_members (clubid, userid) VALUES (361, 405);
INSERT INTO bookclub_members (clubid, userid) VALUES (361, 150);
INSERT INTO bookclub_members (clubid, userid) VALUES (361, 88);
INSERT INTO bookclub_members (clubid, userid) VALUES (361, 220);
INSERT INTO bookclub_members (clubid, userid) VALUES (361, 317);
INSERT INTO bookclub_members (clubid, userid) VALUES (361, 94);
INSERT INTO bookclub_members (clubid, userid) VALUES (361, 223);
INSERT INTO bookclub_reads (clubid, bookid, start_date, end_date, is_current) VALUES (361, 76, '2025-06-09', '2025-08-10', TRUE);
INSERT INTO bookclub_reads (clubid, bookid, start_date, end_date, is_current) VALUES (361, 133, '2025-07-08', '2025-08-17', TRUE);
INSERT INTO bookclub_reads (clubid, bookid, start_date, end_date, is_current) VALUES (361, 424, '2025-06-26', '2025-08-03', TRUE);
INSERT INTO bookclub_reads (clubid, bookid, start_date, end_date, is_current) VALUES (361, 658, '2024-12-14', '2025-01-13', FALSE);
INSERT INTO bookclub_reads (clubid, bookid, start_date, end_date, is_current) VALUES (361, 655, '2025-03-30', '2025-04-29', FALSE);
INSERT INTO bookclub_reads (clubid, bookid, start_date, end_date, is_current) VALUES (361, 59, '2025-02-04', '2025-03-06', FALSE);
INSERT INTO bookclub_reads (clubid, bookid, start_date, end_date, is_current) VALUES (361, 137, '2025-04-17', '2025-05-17', FALSE);
INSERT INTO bookclub_reads (clubid, bookid, start_date, end_date, is_current) VALUES (361, 79, '2025-05-23', '2025-06-22', FALSE);
INSERT INTO bookclub_reads (clubid, bookid, start_date, end_date, is_current) VALUES (361, 57, '2025-01-30', '2025-03-01', FALSE);
INSERT INTO bookclub_reads (clubid, bookid, start_date, end_date, is_current) VALUES (361, 987, '2025-01-07', '2025-02-06', FALSE);

INSERT INTO bookclubs (clubid, name, description) VALUES (362, 'Book Club 112', 'This is the description for Book Club 112.');
INSERT INTO bookclub_creators (clubid, userid) VALUES (362, 355);
INSERT INTO bookclub_members (clubid, userid) VALUES (362, 416);
INSERT INTO bookclub_members (clubid, userid) VALUES (362, 1);
INSERT INTO bookclub_members (clubid, userid) VALUES (362, 355);
INSERT INTO bookclub_members (clubid, userid) VALUES (362, 356);
INSERT INTO bookclub_members (clubid, userid) VALUES (362, 332);
INSERT INTO bookclub_members (clubid, userid) VALUES (362, 364);
INSERT INTO bookclub_members (clubid, userid) VALUES (362, 241);
INSERT INTO bookclub_members (clubid, userid) VALUES (362, 306);
INSERT INTO bookclub_members (clubid, userid) VALUES (362, 339);
INSERT INTO bookclub_members (clubid, userid) VALUES (362, 211);
INSERT INTO bookclub_members (clubid, userid) VALUES (362, 243);
INSERT INTO bookclub_members (clubid, userid) VALUES (362, 436);
INSERT INTO bookclub_members (clubid, userid) VALUES (362, 345);
INSERT INTO bookclub_members (clubid, userid) VALUES (362, 27);
INSERT INTO bookclub_members (clubid, userid) VALUES (362, 415);
INSERT INTO bookclub_reads (clubid, bookid, start_date, end_date, is_current) VALUES (362, 871, '2025-06-18', '2025-08-21', TRUE);
INSERT INTO bookclub_reads (clubid, bookid, start_date, end_date, is_current) VALUES (362, 77, '2025-07-05', '2025-08-17', TRUE);
INSERT INTO bookclub_reads (clubid, bookid, start_date, end_date, is_current) VALUES (362, 156, '2025-06-23', '2025-08-06', TRUE);
INSERT INTO bookclub_reads (clubid, bookid, start_date, end_date, is_current) VALUES (362, 655, '2025-04-12', '2025-05-12', FALSE);
INSERT INTO bookclub_reads (clubid, bookid, start_date, end_date, is_current) VALUES (362, 78, '2025-05-29', '2025-06-28', FALSE);
INSERT INTO bookclub_reads (clubid, bookid, start_date, end_date, is_current) VALUES (362, 297, '2024-12-23', '2025-01-22', FALSE);
INSERT INTO bookclub_reads (clubid, bookid, start_date, end_date, is_current) VALUES (362, 1078, '2025-04-10', '2025-05-10', FALSE);
INSERT INTO bookclub_reads (clubid, bookid, start_date, end_date, is_current) VALUES (362, 409, '2025-06-01', '2025-07-01', FALSE);
INSERT INTO bookclub_reads (clubid, bookid, start_date, end_date, is_current) VALUES (362, 869, '2025-03-10', '2025-04-09', FALSE);
INSERT INTO bookclub_reads (clubid, bookid, start_date, end_date, is_current) VALUES (362, 10, '2025-03-07', '2025-04-06', FALSE);
INSERT INTO bookclub_reads (clubid, bookid, start_date, end_date, is_current) VALUES (362, 864, '2025-03-21', '2025-04-20', FALSE);
INSERT INTO bookclub_reads (clubid, bookid, start_date, end_date, is_current) VALUES (362, 707, '2025-06-01', '2025-07-01', FALSE);
INSERT INTO bookclub_reads (clubid, bookid, start_date, end_date, is_current) VALUES (362, 295, '2025-03-06', '2025-04-05', FALSE);
INSERT INTO bookclub_reads (clubid, bookid, start_date, end_date, is_current) VALUES (362, 31, '2025-05-06', '2025-06-05', FALSE);
INSERT INTO bookclub_reads (clubid, bookid, start_date, end_date, is_current) VALUES (362, 106, '2025-02-14', '2025-03-16', FALSE);
INSERT INTO bookclub_reads (clubid, bookid, start_date, end_date, is_current) VALUES (362, 929, '2025-01-31', '2025-03-02', FALSE);

INSERT INTO bookclubs (clubid, name, description) VALUES (363, 'Book Club 113', 'This is the description for Book Club 113.');
INSERT INTO bookclub_creators (clubid, userid) VALUES (363, 299);
INSERT INTO bookclub_members (clubid, userid) VALUES (363, 96);
INSERT INTO bookclub_members (clubid, userid) VALUES (363, 418);
INSERT INTO bookclub_members (clubid, userid) VALUES (363, 196);
INSERT INTO bookclub_members (clubid, userid) VALUES (363, 263);
INSERT INTO bookclub_members (clubid, userid) VALUES (363, 264);
INSERT INTO bookclub_members (clubid, userid) VALUES (363, 137);
INSERT INTO bookclub_members (clubid, userid) VALUES (363, 267);
INSERT INTO bookclub_members (clubid, userid) VALUES (363, 299);
INSERT INTO bookclub_members (clubid, userid) VALUES (363, 272);
INSERT INTO bookclub_members (clubid, userid) VALUES (363, 50);
INSERT INTO bookclub_members (clubid, userid) VALUES (363, 149);
INSERT INTO bookclub_members (clubid, userid) VALUES (363, 186);
INSERT INTO bookclub_members (clubid, userid) VALUES (363, 251);
INSERT INTO bookclub_members (clubid, userid) VALUES (363, 60);
INSERT INTO bookclub_members (clubid, userid) VALUES (363, 382);
INSERT INTO bookclub_reads (clubid, bookid, start_date, end_date, is_current) VALUES (363, 63, '2025-06-23', '2025-07-28', TRUE);
INSERT INTO bookclub_reads (clubid, bookid, start_date, end_date, is_current) VALUES (363, 207, '2025-06-29', '2025-08-08', TRUE);
INSERT INTO bookclub_reads (clubid, bookid, start_date, end_date, is_current) VALUES (363, 764, '2025-06-26', '2025-08-05', TRUE);
INSERT INTO bookclub_reads (clubid, bookid, start_date, end_date, is_current) VALUES (363, 244, '2025-02-12', '2025-03-14', FALSE);
INSERT INTO bookclub_reads (clubid, bookid, start_date, end_date, is_current) VALUES (363, 123, '2025-05-13', '2025-06-12', FALSE);
INSERT INTO bookclub_reads (clubid, bookid, start_date, end_date, is_current) VALUES (363, 1097, '2025-02-14', '2025-03-16', FALSE);
INSERT INTO bookclub_reads (clubid, bookid, start_date, end_date, is_current) VALUES (363, 629, '2025-04-26', '2025-05-26', FALSE);
INSERT INTO bookclub_reads (clubid, bookid, start_date, end_date, is_current) VALUES (363, 83, '2024-12-28', '2025-01-27', FALSE);
INSERT INTO bookclub_reads (clubid, bookid, start_date, end_date, is_current) VALUES (363, 968, '2025-05-04', '2025-06-03', FALSE);
INSERT INTO bookclub_reads (clubid, bookid, start_date, end_date, is_current) VALUES (363, 350, '2025-05-17', '2025-06-16', FALSE);
INSERT INTO bookclub_reads (clubid, bookid, start_date, end_date, is_current) VALUES (363, 539, '2025-01-16', '2025-02-15', FALSE);
INSERT INTO bookclub_reads (clubid, bookid, start_date, end_date, is_current) VALUES (363, 642, '2025-05-09', '2025-06-08', FALSE);

INSERT INTO bookclubs (clubid, name, description) VALUES (364, 'Book Club 114', 'This is the description for Book Club 114.');
INSERT INTO bookclub_creators (clubid, userid) VALUES (364, 237);
INSERT INTO bookclub_members (clubid, userid) VALUES (364, 394);
INSERT INTO bookclub_members (clubid, userid) VALUES (364, 10);
INSERT INTO bookclub_members (clubid, userid) VALUES (364, 301);
INSERT INTO bookclub_members (clubid, userid) VALUES (364, 173);
INSERT INTO bookclub_members (clubid, userid) VALUES (364, 175);
INSERT INTO bookclub_members (clubid, userid) VALUES (364, 80);
INSERT INTO bookclub_members (clubid, userid) VALUES (364, 143);
INSERT INTO bookclub_members (clubid, userid) VALUES (364, 237);
INSERT INTO bookclub_members (clubid, userid) VALUES (364, 405);
INSERT INTO bookclub_members (clubid, userid) VALUES (364, 118);
INSERT INTO bookclub_members (clubid, userid) VALUES (364, 23);
INSERT INTO bookclub_members (clubid, userid) VALUES (364, 377);
INSERT INTO bookclub_members (clubid, userid) VALUES (364, 410);
INSERT INTO bookclub_members (clubid, userid) VALUES (364, 159);
INSERT INTO bookclub_reads (clubid, bookid, start_date, end_date, is_current) VALUES (364, 1097, '2025-06-14', '2025-07-28', TRUE);
INSERT INTO bookclub_reads (clubid, bookid, start_date, end_date, is_current) VALUES (364, 975, '2025-06-19', '2025-08-22', TRUE);
INSERT INTO bookclub_reads (clubid, bookid, start_date, end_date, is_current) VALUES (364, 793, '2025-06-14', '2025-07-28', TRUE);
INSERT INTO bookclub_reads (clubid, bookid, start_date, end_date, is_current) VALUES (364, 26, '2025-05-12', '2025-06-11', FALSE);
INSERT INTO bookclub_reads (clubid, bookid, start_date, end_date, is_current) VALUES (364, 511, '2024-12-17', '2025-01-16', FALSE);
INSERT INTO bookclub_reads (clubid, bookid, start_date, end_date, is_current) VALUES (364, 71, '2025-01-11', '2025-02-10', FALSE);
INSERT INTO bookclub_reads (clubid, bookid, start_date, end_date, is_current) VALUES (364, 665, '2025-01-26', '2025-02-25', FALSE);
INSERT INTO bookclub_reads (clubid, bookid, start_date, end_date, is_current) VALUES (364, 251, '2025-04-13', '2025-05-13', FALSE);
INSERT INTO bookclub_reads (clubid, bookid, start_date, end_date, is_current) VALUES (364, 494, '2025-02-11', '2025-03-13', FALSE);
INSERT INTO bookclub_reads (clubid, bookid, start_date, end_date, is_current) VALUES (364, 456, '2025-05-19', '2025-06-18', FALSE);
INSERT INTO bookclub_reads (clubid, bookid, start_date, end_date, is_current) VALUES (364, 424, '2025-05-21', '2025-06-20', FALSE);

INSERT INTO bookclubs (clubid, name, description) VALUES (365, 'Book Club 115', 'This is the description for Book Club 115.');
INSERT INTO bookclub_creators (clubid, userid) VALUES (365, 19);
INSERT INTO bookclub_members (clubid, userid) VALUES (365, 162);
INSERT INTO bookclub_members (clubid, userid) VALUES (365, 418);
INSERT INTO bookclub_members (clubid, userid) VALUES (365, 356);
INSERT INTO bookclub_members (clubid, userid) VALUES (365, 361);
INSERT INTO bookclub_members (clubid, userid) VALUES (365, 330);
INSERT INTO bookclub_members (clubid, userid) VALUES (365, 111);
INSERT INTO bookclub_members (clubid, userid) VALUES (365, 112);
INSERT INTO bookclub_members (clubid, userid) VALUES (365, 81);
INSERT INTO bookclub_members (clubid, userid) VALUES (365, 275);
INSERT INTO bookclub_members (clubid, userid) VALUES (365, 19);
INSERT INTO bookclub_members (clubid, userid) VALUES (365, 87);
INSERT INTO bookclub_members (clubid, userid) VALUES (365, 443);
INSERT INTO bookclub_members (clubid, userid) VALUES (365, 318);
INSERT INTO bookclub_reads (clubid, bookid, start_date, end_date, is_current) VALUES (365, 157, '2025-06-15', '2025-07-31', TRUE);
INSERT INTO bookclub_reads (clubid, bookid, start_date, end_date, is_current) VALUES (365, 79, '2025-06-09', '2025-08-08', TRUE);
INSERT INTO bookclub_reads (clubid, bookid, start_date, end_date, is_current) VALUES (365, 678, '2025-04-09', '2025-05-09', FALSE);
INSERT INTO bookclub_reads (clubid, bookid, start_date, end_date, is_current) VALUES (365, 423, '2024-12-16', '2025-01-15', FALSE);
INSERT INTO bookclub_reads (clubid, bookid, start_date, end_date, is_current) VALUES (365, 61, '2025-05-01', '2025-05-31', FALSE);
INSERT INTO bookclub_reads (clubid, bookid, start_date, end_date, is_current) VALUES (365, 30, '2025-02-12', '2025-03-14', FALSE);
INSERT INTO bookclub_reads (clubid, bookid, start_date, end_date, is_current) VALUES (365, 629, '2025-01-14', '2025-02-13', FALSE);
INSERT INTO bookclub_reads (clubid, bookid, start_date, end_date, is_current) VALUES (365, 5, '2025-03-09', '2025-04-08', FALSE);
INSERT INTO bookclub_reads (clubid, bookid, start_date, end_date, is_current) VALUES (365, 247, '2025-05-21', '2025-06-20', FALSE);
INSERT INTO bookclub_reads (clubid, bookid, start_date, end_date, is_current) VALUES (365, 700, '2024-12-21', '2025-01-20', FALSE);
INSERT INTO bookclub_reads (clubid, bookid, start_date, end_date, is_current) VALUES (365, 410, '2025-05-11', '2025-06-10', FALSE);
INSERT INTO bookclub_reads (clubid, bookid, start_date, end_date, is_current) VALUES (365, 766, '2025-03-06', '2025-04-05', FALSE);
INSERT INTO bookclub_reads (clubid, bookid, start_date, end_date, is_current) VALUES (365, 144, '2025-03-14', '2025-04-13', FALSE);
INSERT INTO bookclub_reads (clubid, bookid, start_date, end_date, is_current) VALUES (365, 484, '2025-03-03', '2025-04-02', FALSE);

INSERT INTO bookclubs (clubid, name, description) VALUES (366, 'Book Club 116', 'This is the description for Book Club 116.');
INSERT INTO bookclub_creators (clubid, userid) VALUES (366, 197);
INSERT INTO bookclub_members (clubid, userid) VALUES (366, 197);
INSERT INTO bookclub_members (clubid, userid) VALUES (366, 394);
INSERT INTO bookclub_members (clubid, userid) VALUES (366, 410);
INSERT INTO bookclub_members (clubid, userid) VALUES (366, 146);
INSERT INTO bookclub_members (clubid, userid) VALUES (366, 371);
INSERT INTO bookclub_members (clubid, userid) VALUES (366, 186);
INSERT INTO bookclub_members (clubid, userid) VALUES (366, 251);
INSERT INTO bookclub_reads (clubid, bookid, start_date, end_date, is_current) VALUES (366, 1073, '2025-06-09', '2025-08-01', TRUE);
INSERT INTO bookclub_reads (clubid, bookid, start_date, end_date, is_current) VALUES (366, 69, '2025-06-12', '2025-08-21', TRUE);
INSERT INTO bookclub_reads (clubid, bookid, start_date, end_date, is_current) VALUES (366, 68, '2025-07-01', '2025-08-21', TRUE);
INSERT INTO bookclub_reads (clubid, bookid, start_date, end_date, is_current) VALUES (366, 799, '2025-01-23', '2025-02-22', FALSE);
INSERT INTO bookclub_reads (clubid, bookid, start_date, end_date, is_current) VALUES (366, 1068, '2025-02-06', '2025-03-08', FALSE);
INSERT INTO bookclub_reads (clubid, bookid, start_date, end_date, is_current) VALUES (366, 864, '2025-05-15', '2025-06-14', FALSE);
INSERT INTO bookclub_reads (clubid, bookid, start_date, end_date, is_current) VALUES (366, 667, '2025-05-31', '2025-06-30', FALSE);
INSERT INTO bookclub_reads (clubid, bookid, start_date, end_date, is_current) VALUES (366, 63, '2025-04-16', '2025-05-16', FALSE);

INSERT INTO bookclubs (clubid, name, description) VALUES (367, 'Book Club 117', 'This is the description for Book Club 117.');
INSERT INTO bookclub_creators (clubid, userid) VALUES (367, 416);
INSERT INTO bookclub_members (clubid, userid) VALUES (367, 256);
INSERT INTO bookclub_members (clubid, userid) VALUES (367, 65);
INSERT INTO bookclub_members (clubid, userid) VALUES (367, 416);
INSERT INTO bookclub_members (clubid, userid) VALUES (367, 356);
INSERT INTO bookclub_members (clubid, userid) VALUES (367, 294);
INSERT INTO bookclub_members (clubid, userid) VALUES (367, 326);
INSERT INTO bookclub_members (clubid, userid) VALUES (367, 330);
INSERT INTO bookclub_members (clubid, userid) VALUES (367, 363);
INSERT INTO bookclub_members (clubid, userid) VALUES (367, 106);
INSERT INTO bookclub_members (clubid, userid) VALUES (367, 301);
INSERT INTO bookclub_members (clubid, userid) VALUES (367, 337);
INSERT INTO bookclub_members (clubid, userid) VALUES (367, 50);
INSERT INTO bookclub_members (clubid, userid) VALUES (367, 147);
INSERT INTO bookclub_members (clubid, userid) VALUES (367, 370);
INSERT INTO bookclub_members (clubid, userid) VALUES (367, 406);
INSERT INTO bookclub_members (clubid, userid) VALUES (367, 439);
INSERT INTO bookclub_members (clubid, userid) VALUES (367, 154);
INSERT INTO bookclub_members (clubid, userid) VALUES (367, 91);
INSERT INTO bookclub_reads (clubid, bookid, start_date, end_date, is_current) VALUES (367, 377, '2025-06-13', '2025-08-03', TRUE);
INSERT INTO bookclub_reads (clubid, bookid, start_date, end_date, is_current) VALUES (367, 12, '2025-06-16', '2025-07-24', TRUE);
INSERT INTO bookclub_reads (clubid, bookid, start_date, end_date, is_current) VALUES (367, 4, '2025-07-03', '2025-08-10', TRUE);
INSERT INTO bookclub_reads (clubid, bookid, start_date, end_date, is_current) VALUES (367, 362, '2025-01-09', '2025-02-08', FALSE);
INSERT INTO bookclub_reads (clubid, bookid, start_date, end_date, is_current) VALUES (367, 131, '2025-04-01', '2025-05-01', FALSE);
INSERT INTO bookclub_reads (clubid, bookid, start_date, end_date, is_current) VALUES (367, 866, '2025-04-15', '2025-05-15', FALSE);
INSERT INTO bookclub_reads (clubid, bookid, start_date, end_date, is_current) VALUES (367, 244, '2025-01-20', '2025-02-19', FALSE);
INSERT INTO bookclub_reads (clubid, bookid, start_date, end_date, is_current) VALUES (367, 61, '2025-03-28', '2025-04-27', FALSE);
INSERT INTO bookclub_reads (clubid, bookid, start_date, end_date, is_current) VALUES (367, 141, '2024-12-23', '2025-01-22', FALSE);
INSERT INTO bookclub_reads (clubid, bookid, start_date, end_date, is_current) VALUES (367, 966, '2025-04-02', '2025-05-02', FALSE);

